{"type":"FeatureCollection","properties":{"plateau_derived":true,"development_fixture":false,"municipality_code":"13115","municipality_name":"杉並区","dataset_year":2025,"dataset_title":"3D都市モデル（Project PLATEAU）杉並区（2025年度）","spec":"3D都市モデル標準製品仕様書 第5.0版","citygml_version":"2.0","feature_type":"tran","source_crs":"http://www.opengis.net/def/crs/EPSG/0/6697","coordinate_order":"GeoJSON [lon, lat]; source posList is lat lon height, height dropped","precision_decimals":6,"geometry_source":"tran:lod1MultiSurface","attributes":["gml_id","mesh"],"extraction":{"bbox_present_day_wgs84":[139.6465,35.7027,139.652,35.7066],"rule":"feature bbox intersects the crop bbox; geometry kept whole (no clipping / simplification)","historical_boundary":false,"note":"The crop bbox is a present-day viewing window for the Koenji Thread. It is not a historical boundary."},"source_files":[{"file":"53394541_tran_6697_op.gml","mesh":"53394541","sha256":"df1cb4685e7ff06aab7ef338b78fa2ef38f3f6ea24d513c9546bc5b0dc324a86","bytes":5273404,"features_in_file":1704,"features_selected":221},{"file":"53394542_tran_6697_op.gml","mesh":"53394542","sha256":"b01cbfb5358622249c21be07fa45aa2b1c8c61d09ce4f610d07111428b66645a","bytes":4328125,"features_in_file":1404,"features_selected":120}],"feature_count":341,"historicalGeometry":false,"tool":"extract_koenji_corridor.py","tool_version":"0.1.0","warning":"Present-day Project PLATEAU geometry only; not historical evidence."},"features":[{"type":"Feature","id":"tran_6cba044c-7fab-4d38-97dd-1afbc37c710a","properties":{"gml_id":"tran_6cba044c-7fab-4d38-97dd-1afbc37c710a","mesh":"53394541"},"geometry":{"type":"Polygon","coordinates":[[[139.646985,35.704821],[139.646953,35.704828],[139.646878,35.704555],[139.646848,35.704451],[139.64688,35.704444],[139.64691,35.704549],[139.646931,35.704626],[139.646985,35.704821]]]}},{"type":"Feature","id":"tran_206823a1-2095-4173-a66a-957e47a6a427","properties":{"gml_id":"tran_206823a1-2095-4173-a66a-957e47a6a427","mesh":"53394541"},"geometry":{"type":"Polygon","coordinates":[[[139.647386,35.704332],[139.647359,35.704338],[139.647348,35.704308],[139.647376,35.704302],[139.647386,35.704332]]]}},{"type":"Feature","id":"tran_efef617b-9d36-474b-bca5-cb3085cd6053","properties":{"gml_id":"tran_efef617b-9d36-474b-bca5-cb3085cd6053","mesh":"53394541"},"geometry":{"type":"Polygon","coordinates":[[[139.646884,35.706554],[139.646638,35.706668],[139.646618,35.706632],[139.646862,35.70652],[139.646884,35.706554]]]}},{"type":"Feature","id":"tran_caa03216-d1ed-48b8-88a6-76c2533ee12c","properties":{"gml_id":"tran_caa03216-d1ed-48b8-88a6-76c2533ee12c","mesh":"53394541"},"geometry":{"type":"Polygon","coordinates":[[[139.647563,35.703133],[139.64812,35.703031],[139.648122,35.703041],[139.647565,35.703143],[139.647563,35.703133]]]}},{"type":"Feature","id":"tran_0e93b2fa-1db4-44b5-b8b1-c14f6dc4a543","properties":{"gml_id":"tran_0e93b2fa-1db4-44b5-b8b1-c14f6dc4a543","mesh":"53394541"},"geometry":{"type":"Polygon","coordinates":[[[139.647359,35.704338],[139.647158,35.704384],[139.64688,35.704444],[139.646872,35.704414],[139.647147,35.704354],[139.647348,35.704308],[139.647359,35.704338]]]}},{"type":"Feature","id":"tran_56b500d6-49f4-4ce4-8cac-4012afd90279","properties":{"gml_id":"tran_56b500d6-49f4-4ce4-8cac-4012afd90279","mesh":"53394541"},"geometry":{"type":"Polygon","coordinates":[[[139.64678,35.704078],[139.646743,35.704085],[139.646669,35.703802],[139.646655,35.703752],[139.646648,35.703723],[139.646688,35.703714],[139.646699,35.703757],[139.646709,35.703795],[139.646777,35.704067],[139.64678,35.704078]]]}},{"type":"Feature","id":"tran_a780255e-6257-4e04-9a6f-2c0889249f4c","properties":{"gml_id":"tran_a780255e-6257-4e04-9a6f-2c0889249f4c","mesh":"53394541"},"geometry":{"type":"Polygon","coordinates":[[[139.646751,35.704116],[139.646583,35.704149],[139.646339,35.704194],[139.646332,35.704163],[139.646575,35.704119],[139.646743,35.704085],[139.646751,35.704116]]]}},{"type":"Feature","id":"tran_258449ea-3d97-48c2-9094-6edc4a029db3","properties":{"gml_id":"tran_258449ea-3d97-48c2-9094-6edc4a029db3","mesh":"53394541"},"geometry":{"type":"Polygon","coordinates":[[[139.646525,35.705522],[139.646494,35.70553],[139.646482,35.7055],[139.646483,35.705415],[139.646483,35.705403],[139.646485,35.705296],[139.646486,35.705266],[139.646475,35.705162],[139.646506,35.705158],[139.646508,35.705163],[139.64651,35.705266],[139.646509,35.705296],[139.646507,35.705474],[139.646525,35.705522]]]}},{"type":"Feature","id":"tran_8acc8a7e-60a2-41bc-823c-2d144c6ece84","properties":{"gml_id":"tran_8acc8a7e-60a2-41bc-823c-2d144c6ece84","mesh":"53394541"},"geometry":{"type":"Polygon","coordinates":[[[139.647185,35.706371],[139.647166,35.70638],[139.646977,35.706028],[139.64697,35.706015],[139.646991,35.706009],[139.646997,35.706021],[139.647185,35.706371]]]}},{"type":"Feature","id":"tran_0ea89eec-3f45-4680-8487-0ed85c3bb8d8","properties":{"gml_id":"tran_0ea89eec-3f45-4680-8487-0ed85c3bb8d8","mesh":"53394541"},"geometry":{"type":"Polygon","coordinates":[[[139.647744,35.702746],[139.647729,35.702749],[139.647721,35.702751],[139.647714,35.702724],[139.647736,35.70272],[139.647744,35.702746]]]}},{"type":"Feature","id":"tran_b7bb3632-4ae8-44bb-a0ee-e2b505ff69de","properties":{"gml_id":"tran_b7bb3632-4ae8-44bb-a0ee-e2b505ff69de","mesh":"53394541"},"geometry":{"type":"Polygon","coordinates":[[[139.647668,35.703476],[139.647629,35.703481],[139.647583,35.703317],[139.647577,35.703297],[139.647554,35.703224],[139.647533,35.703148],[139.647565,35.703143],[139.647586,35.703218],[139.647611,35.70329],[139.647653,35.703428],[139.647668,35.703476]]]}},{"type":"Feature","id":"tran_f8dfd09d-2c4d-44ea-95f0-a627a63ee866","properties":{"gml_id":"tran_f8dfd09d-2c4d-44ea-95f0-a627a63ee866","mesh":"53394541"},"geometry":{"type":"Polygon","coordinates":[[[139.646648,35.703723],[139.646436,35.703765],[139.646425,35.703717],[139.646454,35.703712],[139.64662,35.70368],[139.646648,35.703723]]]}},{"type":"Feature","id":"tran_d3fddd02-e5e3-4387-a1a0-ec4cfa5fd5c7","properties":{"gml_id":"tran_d3fddd02-e5e3-4387-a1a0-ec4cfa5fd5c7","mesh":"53394541"},"geometry":{"type":"Polygon","coordinates":[[[139.647436,35.702801],[139.647378,35.702811],[139.647319,35.702823],[139.647321,35.702832],[139.647201,35.702855],[139.647199,35.702847],[139.646941,35.702897],[139.646888,35.702906],[139.646881,35.70288],[139.646934,35.702871],[139.647191,35.70282],[139.647311,35.702797],[139.64737,35.702785],[139.647431,35.702774],[139.647436,35.702801]]]}},{"type":"Feature","id":"tran_13f11a5c-b686-4715-9d49-641178f5d058","properties":{"gml_id":"tran_13f11a5c-b686-4715-9d49-641178f5d058","mesh":"53394541"},"geometry":{"type":"Polygon","coordinates":[[[139.647537,35.704868],[139.64751,35.704872],[139.647414,35.704531],[139.647359,35.704338],[139.647386,35.704332],[139.64744,35.704525],[139.647537,35.704868]]]}},{"type":"Feature","id":"tran_4dc89c41-1aa2-44da-b30a-344695db2de7","properties":{"gml_id":"tran_4dc89c41-1aa2-44da-b30a-344695db2de7","mesh":"53394541"},"geometry":{"type":"Polygon","coordinates":[[[139.646888,35.702906],[139.646866,35.70291],[139.646859,35.702883],[139.646881,35.70288],[139.646888,35.702906]]]}},{"type":"Feature","id":"tran_c5844e64-61cf-41ed-a1a4-1974addb5550","properties":{"gml_id":"tran_c5844e64-61cf-41ed-a1a4-1974addb5550","mesh":"53394541"},"geometry":{"type":"Polygon","coordinates":[[[139.647469,35.702795],[139.647436,35.702801],[139.647431,35.702774],[139.647463,35.702769],[139.647469,35.702795]]]}},{"type":"Feature","id":"tran_51257bef-a07d-457c-80dd-a6c9f4fb53d8","properties":{"gml_id":"tran_51257bef-a07d-457c-80dd-a6c9f4fb53d8","mesh":"53394541"},"geometry":{"type":"Polygon","coordinates":[[[139.64675,35.706099],[139.646722,35.706106],[139.646716,35.70609],[139.646744,35.706083],[139.64675,35.706099]]]}},{"type":"Feature","id":"tran_8e8d1de7-d455-46be-905c-f7e511aa2af5","properties":{"gml_id":"tran_8e8d1de7-d455-46be-905c-f7e511aa2af5","mesh":"53394541"},"geometry":{"type":"Polygon","coordinates":[[[139.647436,35.706791],[139.64739,35.706797],[139.647245,35.706636],[139.647153,35.706557],[139.647095,35.706457],[139.64712,35.706446],[139.647178,35.706545],[139.647236,35.706592],[139.64724,35.706588],[139.647425,35.706779],[139.647436,35.706791]]]}},{"type":"Feature","id":"tran_0de19998-a586-4a7e-9cb9-82c5b02d6642","properties":{"gml_id":"tran_0de19998-a586-4a7e-9cb9-82c5b02d6642","mesh":"53394541"},"geometry":{"type":"Polygon","coordinates":[[[139.646958,35.704844],[139.646436,35.704946],[139.64643,35.70493],[139.646953,35.704828],[139.646958,35.704844]]]}},{"type":"Feature","id":"tran_ccc3dcdf-e512-4f11-bff3-807622e1a12f","properties":{"gml_id":"tran_ccc3dcdf-e512-4f11-bff3-807622e1a12f","mesh":"53394541"},"geometry":{"type":"Polygon","coordinates":[[[139.647839,35.704225],[139.647485,35.70431],[139.647386,35.704332],[139.647376,35.704302],[139.647474,35.704279],[139.647831,35.704194],[139.647839,35.704225]]]}},{"type":"Feature","id":"tran_6a2ee549-c6e2-4ce2-ab6b-dc72b3e345af","properties":{"gml_id":"tran_6a2ee549-c6e2-4ce2-ab6b-dc72b3e345af","mesh":"53394541"},"geometry":{"type":"Polygon","coordinates":[[[139.647563,35.703133],[139.64753,35.703138],[139.647528,35.703132],[139.647518,35.703095],[139.647436,35.702801],[139.647469,35.702795],[139.64755,35.703088],[139.647563,35.703133]]]}},{"type":"Feature","id":"tran_d0e6cdf4-8ddc-4b61-8859-1fa0da674370","properties":{"gml_id":"tran_d0e6cdf4-8ddc-4b61-8859-1fa0da674370","mesh":"53394541"},"geometry":{"type":"Polygon","coordinates":[[[139.646987,35.706],[139.646966,35.706007],[139.64687,35.705819],[139.646767,35.705616],[139.646741,35.705559],[139.647153,35.705451],[139.647162,35.705472],[139.646777,35.705573],[139.646797,35.705616],[139.646891,35.705813],[139.646987,35.706]]]}},{"type":"Feature","id":"tran_61fc8c90-3316-4387-90c5-066841477745","properties":{"gml_id":"tran_61fc8c90-3316-4387-90c5-066841477745","mesh":"53394541"},"geometry":{"type":"Polygon","coordinates":[[[139.647867,35.705139],[139.647835,35.705048],[139.647856,35.705044],[139.647889,35.705134],[139.647867,35.705139]]]}},{"type":"Feature","id":"tran_d32a0fbf-532d-463f-91a8-20286a65939a","properties":{"gml_id":"tran_d32a0fbf-532d-463f-91a8-20286a65939a","mesh":"53394541"},"geometry":{"type":"Polygon","coordinates":[[[139.646531,35.705538],[139.646499,35.705546],[139.646494,35.70553],[139.646525,35.705522],[139.646531,35.705538]]]}},{"type":"Feature","id":"tran_f07c7f3c-60b4-49ee-a1ba-bc27523293dc","properties":{"gml_id":"tran_f07c7f3c-60b4-49ee-a1ba-bc27523293dc","mesh":"53394541"},"geometry":{"type":"Polygon","coordinates":[[[139.647095,35.706457],[139.646929,35.706533],[139.646907,35.706499],[139.647071,35.706424],[139.647095,35.706457]]]}},{"type":"Feature","id":"tran_cd51961a-3444-4bce-870a-e41fbbc749f0","properties":{"gml_id":"tran_cd51961a-3444-4bce-870a-e41fbbc749f0","mesh":"53394541"},"geometry":{"type":"Polygon","coordinates":[[[139.646672,35.703656],[139.646632,35.703664],[139.646601,35.703556],[139.646581,35.703486],[139.646533,35.703319],[139.64653,35.703273],[139.64653,35.703244],[139.646521,35.703139],[139.646504,35.703143],[139.646452,35.702983],[139.646527,35.702967],[139.646579,35.703127],[139.64658,35.703273],[139.646574,35.703318],[139.646621,35.703479],[139.646658,35.703607],[139.646672,35.703656]]]}},{"type":"Feature","id":"tran_d12cf0ac-1238-462d-b8e8-87855426187f","properties":{"gml_id":"tran_d12cf0ac-1238-462d-b8e8-87855426187f","mesh":"53394541"},"geometry":{"type":"Polygon","coordinates":[[[139.647028,35.704982],[139.647059,35.705102],[139.647024,35.705098],[139.646996,35.704988],[139.647028,35.704982]]]}},{"type":"Feature","id":"tran_1aed7535-6918-43b1-a2b3-b2a0d604b2a4","properties":{"gml_id":"tran_1aed7535-6918-43b1-a2b3-b2a0d604b2a4","mesh":"53394541"},"geometry":{"type":"Polygon","coordinates":[[[139.647545,35.704896],[139.647519,35.704904],[139.647498,35.704893],[139.647493,35.704875],[139.64751,35.704872],[139.647537,35.704868],[139.647545,35.704896]]]}},{"type":"Feature","id":"tran_d588d281-0cff-49f8-920e-0e61ad5560ac","properties":{"gml_id":"tran_d588d281-0cff-49f8-920e-0e61ad5560ac","mesh":"53394541"},"geometry":{"type":"Polygon","coordinates":[[[139.646744,35.706083],[139.646716,35.70609],[139.646526,35.705616],[139.646499,35.705546],[139.646531,35.705538],[139.646561,35.705616],[139.646744,35.706083]]]}},{"type":"Feature","id":"tran_d3d7ad08-7c25-4746-9f81-875982254c5c","properties":{"gml_id":"tran_d3d7ad08-7c25-4746-9f81-875982254c5c","mesh":"53394541"},"geometry":{"type":"Polygon","coordinates":[[[139.64712,35.706446],[139.647095,35.706457],[139.647071,35.706424],[139.647096,35.706412],[139.64712,35.706446]]]}},{"type":"Feature","id":"tran_efa88922-6894-4fd4-84ab-04c7a24db505","properties":{"gml_id":"tran_efa88922-6894-4fd4-84ab-04c7a24db505","mesh":"53394541"},"geometry":{"type":"Polygon","coordinates":[[[139.647545,35.704896],[139.647603,35.705101],[139.647576,35.705106],[139.647519,35.704904],[139.647545,35.704896]]]}},{"type":"Feature","id":"tran_7803cafc-f11c-43a6-87cd-47a39685a760","properties":{"gml_id":"tran_7803cafc-f11c-43a6-87cd-47a39685a760","mesh":"53394541"},"geometry":{"type":"Polygon","coordinates":[[[139.647565,35.703143],[139.647533,35.703148],[139.64753,35.703138],[139.647563,35.703133],[139.647565,35.703143]]]}},{"type":"Feature","id":"tran_d5eb598c-5303-4798-b613-547fb504c4bc","properties":{"gml_id":"tran_d5eb598c-5303-4798-b613-547fb504c4bc","mesh":"53394541"},"geometry":{"type":"Polygon","coordinates":[[[139.647348,35.705911],[139.646991,35.706009],[139.646987,35.706],[139.646987,35.706],[139.647346,35.705902],[139.647348,35.705911]]]}},{"type":"Feature","id":"tran_c6539cfb-7287-4fff-8516-01d6f52f7fd5","properties":{"gml_id":"tran_c6539cfb-7287-4fff-8516-01d6f52f7fd5","mesh":"53394541"},"geometry":{"type":"Polygon","coordinates":[[[139.646527,35.702967],[139.646452,35.702983],[139.646445,35.70296],[139.646426,35.70295],[139.646409,35.702904],[139.646422,35.702889],[139.646496,35.70287],[139.646519,35.702941],[139.646527,35.702967]]]}},{"type":"Feature","id":"tran_27a8ed99-88e5-4afa-bebb-caff2f053d64","properties":{"gml_id":"tran_27a8ed99-88e5-4afa-bebb-caff2f053d64","mesh":"53394541"},"geometry":{"type":"Polygon","coordinates":[[[139.646929,35.706533],[139.646921,35.706537],[139.646917,35.706539],[139.646884,35.706554],[139.646862,35.70652],[139.646872,35.706498],[139.646904,35.70649],[139.646907,35.706499],[139.646929,35.706533]]]}},{"type":"Feature","id":"tran_6adc709a-916f-4fc3-9a4d-5560af4da272","properties":{"gml_id":"tran_6adc709a-916f-4fc3-9a4d-5560af4da272","mesh":"53394541"},"geometry":{"type":"Polygon","coordinates":[[[139.646789,35.704109],[139.646751,35.704116],[139.646743,35.704085],[139.64678,35.704078],[139.646789,35.704109]]]}},{"type":"Feature","id":"tran_d7d77998-164d-4102-b11f-9edd44b3ba92","properties":{"gml_id":"tran_d7d77998-164d-4102-b11f-9edd44b3ba92","mesh":"53394541"},"geometry":{"type":"Polygon","coordinates":[[[139.647187,35.706415],[139.647179,35.706418],[139.64712,35.706446],[139.647096,35.706412],[139.647166,35.70638],[139.647187,35.706415]]]}},{"type":"Feature","id":"tran_86319191-dfe1-4f70-8e8d-dfb184a8c07b","properties":{"gml_id":"tran_86319191-dfe1-4f70-8e8d-dfb184a8c07b","mesh":"53394541"},"geometry":{"type":"Polygon","coordinates":[[[139.647207,35.706405],[139.647199,35.706409],[139.647187,35.706415],[139.647166,35.70638],[139.647185,35.706371],[139.647207,35.706405]]]}},{"type":"Feature","id":"tran_0e4cd94f-0cbc-44dd-b0b5-bb1c52589027","properties":{"gml_id":"tran_0e4cd94f-0cbc-44dd-b0b5-bb1c52589027","mesh":"53394541"},"geometry":{"type":"Polygon","coordinates":[[[139.647028,35.704982],[139.646996,35.704988],[139.646991,35.70497],[139.647024,35.704965],[139.647028,35.704982]]]}},{"type":"Feature","id":"tran_c6a130cd-1172-4383-b133-3b67f0a10c8f","properties":{"gml_id":"tran_c6a130cd-1172-4383-b133-3b67f0a10c8f","mesh":"53394541"},"geometry":{"type":"Polygon","coordinates":[[[139.646688,35.703714],[139.646648,35.703723],[139.64662,35.70368],[139.646632,35.703664],[139.646672,35.703656],[139.646674,35.703662],[139.646675,35.703665],[139.646688,35.703714]]]}},{"type":"Feature","id":"tran_a65c7897-b8f2-4b50-8e03-2624a11323fb","properties":{"gml_id":"tran_a65c7897-b8f2-4b50-8e03-2624a11323fb","mesh":"53394541"},"geometry":{"type":"Polygon","coordinates":[[[139.646872,35.704414],[139.646834,35.704421],[139.646751,35.704116],[139.646789,35.704109],[139.646872,35.704414]]]}},{"type":"Feature","id":"tran_fcea42a1-9ca0-430a-8d0f-8fa4fd695e49","properties":{"gml_id":"tran_fcea42a1-9ca0-430a-8d0f-8fa4fd695e49","mesh":"53394541"},"geometry":{"type":"Polygon","coordinates":[[[139.64688,35.704444],[139.646848,35.704451],[139.646834,35.704421],[139.646872,35.704414],[139.64688,35.704444]]]}},{"type":"Feature","id":"tran_d9c89f90-215b-4a28-b3ae-f9a639287734","properties":{"gml_id":"tran_d9c89f90-215b-4a28-b3ae-f9a639287734","mesh":"53394541"},"geometry":{"type":"Polygon","coordinates":[[[139.648114,35.706513],[139.647473,35.70681],[139.647436,35.706791],[139.648107,35.70648],[139.648114,35.706513]]]}},{"type":"Feature","id":"tran_44d73ce4-121b-4bd3-a19b-c6f706c32f8f","properties":{"gml_id":"tran_44d73ce4-121b-4bd3-a19b-c6f706c32f8f","mesh":"53394541"},"geometry":{"type":"Polygon","coordinates":[[[139.647483,35.706278],[139.647207,35.706405],[139.647185,35.706371],[139.64746,35.706244],[139.647483,35.706278]]]}},{"type":"Feature","id":"tran_3acee96c-6472-41a2-be6a-e4dd8ff84aac","properties":{"gml_id":"tran_3acee96c-6472-41a2-be6a-e4dd8ff84aac","mesh":"53394541"},"geometry":{"type":"Polygon","coordinates":[[[139.648236,35.704106],[139.647896,35.70419],[139.647858,35.704168],[139.648224,35.704078],[139.648236,35.704106]]]}},{"type":"Feature","id":"tran_a6bdc20f-8a5a-4198-a95b-c700c608f5c8","properties":{"gml_id":"tran_a6bdc20f-8a5a-4198-a95b-c700c608f5c8","mesh":"53394541"},"geometry":{"type":"Polygon","coordinates":[[[139.646618,35.706632],[139.646593,35.706642],[139.646357,35.706281],[139.646381,35.70627],[139.646618,35.706632]]]}},{"type":"Feature","id":"tran_8a154050-9769-4245-944e-10c93beff03b","properties":{"gml_id":"tran_8a154050-9769-4245-944e-10c93beff03b","mesh":"53394541"},"geometry":{"type":"Polygon","coordinates":[[[139.646506,35.705158],[139.646475,35.705162],[139.646468,35.705136],[139.646454,35.705094],[139.646485,35.705088],[139.646505,35.705098],[139.646526,35.705098],[139.646526,35.705146],[139.646506,35.705158]]]}},{"type":"Feature","id":"tran_a4fff3bf-80b4-490b-a342-df026bbfe740","properties":{"gml_id":"tran_a4fff3bf-80b4-490b-a342-df026bbfe740","mesh":"53394541"},"geometry":{"type":"Polygon","coordinates":[[[139.648319,35.704055],[139.648224,35.704078],[139.648121,35.703833],[139.648115,35.70382],[139.648204,35.703782],[139.648214,35.703804],[139.648319,35.704055]]]}},{"type":"Feature","id":"tran_a933f787-722d-4c06-8f3a-b0a0ccc3554e","properties":{"gml_id":"tran_a933f787-722d-4c06-8f3a-b0a0ccc3554e","mesh":"53394541"},"geometry":{"type":"Polygon","coordinates":[[[139.64833,35.704083],[139.648285,35.704094],[139.648254,35.704102],[139.648236,35.704106],[139.648224,35.704078],[139.648319,35.704055],[139.64833,35.704083]]]}},{"type":"Feature","id":"tran_e4592925-cf9a-4c42-82f4-a2a91390fc72","properties":{"gml_id":"tran_e4592925-cf9a-4c42-82f4-a2a91390fc72","mesh":"53394541"},"geometry":{"type":"Polygon","coordinates":[[[139.64699,35.704837],[139.646958,35.704844],[139.646953,35.704828],[139.646985,35.704821],[139.64699,35.704837]]]}},{"type":"Feature","id":"tran_89e9233c-2c3f-4bf6-9c56-37c86a90a6e6","properties":{"gml_id":"tran_89e9233c-2c3f-4bf6-9c56-37c86a90a6e6","mesh":"53394541"},"geometry":{"type":"Polygon","coordinates":[[[139.648815,35.703964],[139.648796,35.703968],[139.64833,35.704083],[139.648319,35.704055],[139.648785,35.70394],[139.648804,35.703935],[139.648815,35.703964]]]}},{"type":"Feature","id":"tran_7e525627-0d00-452c-b9b6-ccb1a2f4d5dd","properties":{"gml_id":"tran_7e525627-0d00-452c-b9b6-ccb1a2f4d5dd","mesh":"53394541"},"geometry":{"type":"Polygon","coordinates":[[[139.647721,35.702751],[139.647469,35.702795],[139.647463,35.702769],[139.647714,35.702724],[139.647721,35.702751]]]}},{"type":"Feature","id":"tran_aa11fdde-4fe8-4cbe-a204-88b19b8c28e0","properties":{"gml_id":"tran_aa11fdde-4fe8-4cbe-a204-88b19b8c28e0","mesh":"53394541"},"geometry":{"type":"Polygon","coordinates":[[[139.647024,35.704965],[139.646991,35.70497],[139.646976,35.704911],[139.646958,35.704844],[139.64699,35.704837],[139.647009,35.704905],[139.647024,35.704965]]]}},{"type":"Feature","id":"tran_d810c820-1db0-4ee1-acbb-a7d2e8b0434e","properties":{"gml_id":"tran_d810c820-1db0-4ee1-acbb-a7d2e8b0434e","mesh":"53394541"},"geometry":{"type":"Polygon","coordinates":[[[139.646775,35.705105],[139.646771,35.705153],[139.646526,35.705146],[139.646526,35.705098],[139.646775,35.705105]]]}},{"type":"Feature","id":"tran_76c7c38d-2479-410f-806c-2439eca7005a","properties":{"gml_id":"tran_76c7c38d-2479-410f-806c-2439eca7005a","mesh":"53394541"},"geometry":{"type":"Polygon","coordinates":[[[139.646848,35.704451],[139.646808,35.704459],[139.646301,35.704573],[139.646292,35.704542],[139.646799,35.704428],[139.646834,35.704421],[139.646848,35.704451]]]}},{"type":"Feature","id":"tran_def9fc3e-7797-4b4e-a689-7a3556bc14f5","properties":{"gml_id":"tran_def9fc3e-7797-4b4e-a689-7a3556bc14f5","mesh":"53394541"},"geometry":{"type":"Polygon","coordinates":[[[139.646904,35.70649],[139.646872,35.706498],[139.64681,35.706339],[139.646814,35.706338],[139.646767,35.706218],[139.646722,35.706106],[139.64675,35.706099],[139.646753,35.706106],[139.646761,35.706104],[139.646802,35.706208],[139.646794,35.706211],[139.646904,35.70649]]]}},{"type":"Feature","id":"tran_fc68d4bb-a2fd-423b-8f98-b19ffef69605","properties":{"gml_id":"tran_fc68d4bb-a2fd-423b-8f98-b19ffef69605","mesh":"53394541"},"geometry":{"type":"Polygon","coordinates":[[[139.646722,35.706106],[139.646624,35.70614],[139.646602,35.706174],[139.646584,35.706166],[139.646609,35.706127],[139.646716,35.70609],[139.646722,35.706106]]]}},{"type":"Feature","id":"tran_739f5534-ce00-4aa9-a4f1-4068531bb915","properties":{"gml_id":"tran_739f5534-ce00-4aa9-a4f1-4068531bb915","mesh":"53394541"},"geometry":{"type":"Polygon","coordinates":[[[139.647498,35.704893],[139.647028,35.704982],[139.647024,35.704965],[139.647493,35.704875],[139.647498,35.704893]]]}},{"type":"Feature","id":"tran_ece8594c-46d2-40fc-a835-d07796706e92","properties":{"gml_id":"tran_ece8594c-46d2-40fc-a835-d07796706e92","mesh":"53394541"},"geometry":{"type":"Polygon","coordinates":[[[139.646888,35.702906],[139.646931,35.703013],[139.646999,35.703095],[139.647041,35.703185],[139.647019,35.70319],[139.64698,35.703103],[139.646911,35.703021],[139.646866,35.70291],[139.646888,35.702906]]]}},{"type":"Feature","id":"tran_b4741fe3-871e-48ca-920d-53f51ece39e6","properties":{"gml_id":"tran_b4741fe3-871e-48ca-920d-53f51ece39e6","mesh":"53394541"},"geometry":{"type":"Polygon","coordinates":[[[139.648075,35.702647],[139.647957,35.702705],[139.647867,35.702723],[139.647828,35.70273],[139.647744,35.702746],[139.647736,35.70272],[139.647944,35.70268],[139.648058,35.702624],[139.648075,35.702647]]]}},{"type":"Feature","id":"tran_fb6a1bce-df10-43f4-b844-7798127a4903","properties":{"gml_id":"tran_fb6a1bce-df10-43f4-b844-7798127a4903","mesh":"53394541"},"geometry":{"type":"Polygon","coordinates":[[[139.646866,35.70291],[139.646527,35.702967],[139.646519,35.702941],[139.646859,35.702883],[139.646866,35.70291]]]}},{"type":"Feature","id":"tran_6fd1b826-92ad-49a6-a6c0-a4a2cdc57f07","properties":{"gml_id":"tran_6fd1b826-92ad-49a6-a6c0-a4a2cdc57f07","mesh":"53394541"},"geometry":{"type":"Polygon","coordinates":[[[139.647736,35.70272],[139.647714,35.702724],[139.647636,35.702533],[139.647543,35.702412],[139.647537,35.702405],[139.647554,35.702396],[139.647567,35.702412],[139.647656,35.702526],[139.647736,35.70272]]]}},{"type":"Feature","id":"tran_b0c21b65-f942-44e2-addb-d0e0287881a1","properties":{"gml_id":"tran_b0c21b65-f942-44e2-addb-d0e0287881a1","mesh":"53394541"},"geometry":{"type":"Polygon","coordinates":[[[139.646991,35.706009],[139.64697,35.706015],[139.646966,35.706007],[139.646987,35.706],[139.646991,35.706009]]]}},{"type":"Feature","id":"tran_de2b23d5-fcd1-4648-b7b3-4aa1dab54ea7","properties":{"gml_id":"tran_de2b23d5-fcd1-4648-b7b3-4aa1dab54ea7","mesh":"53394541"},"geometry":{"type":"Polygon","coordinates":[[[139.648076,35.704966],[139.648043,35.704972],[139.647897,35.704435],[139.647839,35.704225],[139.647872,35.704223],[139.648057,35.704898],[139.648076,35.704966]]]}},{"type":"Feature","id":"tran_78e54502-f4ed-430a-b750-2c28aceb4a05","properties":{"gml_id":"tran_78e54502-f4ed-430a-b750-2c28aceb4a05","mesh":"53394541"},"geometry":{"type":"Polygon","coordinates":[[[139.647635,35.70353],[139.647242,35.703607],[139.647006,35.703653],[139.646845,35.703684],[139.646688,35.703714],[139.646675,35.703665],[139.646828,35.703637],[139.646975,35.703609],[139.647025,35.7036],[139.647244,35.703558],[139.647504,35.703507],[139.647629,35.703482],[139.647635,35.70353]]]}},{"type":"Feature","id":"tran_c5f6e03b-d91b-48b5-b7a5-a4f58f54b50a","properties":{"gml_id":"tran_c5f6e03b-d91b-48b5-b7a5-a4f58f54b50a","mesh":"53394541"},"geometry":{"type":"Polygon","coordinates":[[[139.647754,35.703922],[139.647298,35.704011],[139.647075,35.704052],[139.646789,35.704109],[139.64678,35.704078],[139.647066,35.704022],[139.647289,35.70398],[139.647745,35.703892],[139.647754,35.703922]]]}},{"type":"Feature","id":"tran_2b9b8faa-ecf0-4504-b5b0-5df018db1507","properties":{"gml_id":"tran_2b9b8faa-ecf0-4504-b5b0-5df018db1507","mesh":"53394541"},"geometry":{"type":"Polygon","coordinates":[[[139.648283,35.706648],[139.648245,35.706667],[139.648245,35.706666],[139.648135,35.706518],[139.648176,35.706505],[139.648178,35.706507],[139.648283,35.706648]]]}},{"type":"Feature","id":"tran_b7295585-9239-4794-8971-6de098e912fb","properties":{"gml_id":"tran_b7295585-9239-4794-8971-6de098e912fb","mesh":"53394541"},"geometry":{"type":"Polygon","coordinates":[[[139.648393,35.702939],[139.648352,35.702968],[139.648328,35.702947],[139.648276,35.702887],[139.648206,35.702806],[139.648184,35.702779],[139.648232,35.702753],[139.648254,35.702779],[139.648323,35.70286],[139.648393,35.702939]]]}},{"type":"Feature","id":"tran_497217d6-636a-48b5-8501-5e99d75ee428","properties":{"gml_id":"tran_497217d6-636a-48b5-8501-5e99d75ee428","mesh":"53394541"},"geometry":{"type":"Polygon","coordinates":[[[139.650007,35.7031],[139.649942,35.703114],[139.64994,35.70311],[139.649898,35.703089],[139.649864,35.702957],[139.649999,35.702933],[139.650033,35.703066],[139.650007,35.7031]]]}},{"type":"Feature","id":"tran_f12ad3a5-c75c-4215-882b-ce935a6a6726","properties":{"gml_id":"tran_f12ad3a5-c75c-4215-882b-ce935a6a6726","mesh":"53394541"},"geometry":{"type":"Polygon","coordinates":[[[139.648845,35.706017],[139.648814,35.706036],[139.6488,35.706021],[139.648831,35.706002],[139.648836,35.706],[139.648845,35.706017]]]}},{"type":"Feature","id":"tran_f7e43e33-4b77-4443-895d-3cc77ba83bf6","properties":{"gml_id":"tran_f7e43e33-4b77-4443-895d-3cc77ba83bf6","mesh":"53394541"},"geometry":{"type":"Polygon","coordinates":[[[139.648699,35.703642],[139.648693,35.703644],[139.64868,35.703647],[139.648204,35.703782],[139.648204,35.703748],[139.648665,35.703618],[139.648672,35.703616],[139.648685,35.703612],[139.648699,35.703642]]]}},{"type":"Feature","id":"tran_ae7c6ac5-a199-41b5-bb44-c12d35a0cecb","properties":{"gml_id":"tran_ae7c6ac5-a199-41b5-bb44-c12d35a0cecb","mesh":"53394541"},"geometry":{"type":"Polygon","coordinates":[[[139.64977,35.706433],[139.649712,35.706439],[139.64971,35.706427],[139.649706,35.706403],[139.649764,35.706396],[139.649769,35.706396],[139.64977,35.706433]]]}},{"type":"Feature","id":"tran_d71dcf21-1b43-4f17-bce4-000acedf6766","properties":{"gml_id":"tran_d71dcf21-1b43-4f17-bce4-000acedf6766","mesh":"53394541"},"geometry":{"type":"Polygon","coordinates":[[[139.648399,35.706407],[139.648364,35.706422],[139.648345,35.706395],[139.64838,35.706379],[139.648399,35.706407]]]}},{"type":"Feature","id":"tran_80b6e703-8cf3-4efe-9344-c43b6a4fbcaf","properties":{"gml_id":"tran_80b6e703-8cf3-4efe-9344-c43b6a4fbcaf","mesh":"53394541"},"geometry":{"type":"Polygon","coordinates":[[[139.649983,35.703364],[139.649761,35.703405],[139.649768,35.703348],[139.649964,35.703312],[139.649983,35.703364]]]}},{"type":"Feature","id":"tran_b0eec051-e592-4e15-a0d2-675e82f293f2","properties":{"gml_id":"tran_b0eec051-e592-4e15-a0d2-675e82f293f2","mesh":"53394541"},"geometry":{"type":"Polygon","coordinates":[[[139.647785,35.703912],[139.647754,35.703922],[139.647745,35.703892],[139.647771,35.703862],[139.6478,35.703875],[139.647785,35.703912]]]}},{"type":"Feature","id":"tran_6c684300-8cf3-4b79-a44a-e16e2cbc730d","properties":{"gml_id":"tran_6c684300-8cf3-4b79-a44a-e16e2cbc730d","mesh":"53394541"},"geometry":{"type":"Polygon","coordinates":[[[139.649069,35.70325],[139.649027,35.703259],[139.648987,35.703129],[139.64903,35.70312],[139.649069,35.70325]]]}},{"type":"Feature","id":"tran_59270ead-17a5-4f95-8995-116bdc5da8c8","properties":{"gml_id":"tran_59270ead-17a5-4f95-8995-116bdc5da8c8","mesh":"53394541"},"geometry":{"type":"Polygon","coordinates":[[[139.649732,35.704855],[139.649723,35.704856],[139.649717,35.704864],[139.649545,35.704861],[139.649549,35.704722],[139.64955,35.704692],[139.64955,35.704686],[139.649743,35.704683],[139.649758,35.704693],[139.649788,35.704715],[139.649805,35.704728],[139.649732,35.704855]]]}},{"type":"Feature","id":"tran_9e444ee4-7774-48db-a96f-0e63bedfda4e","properties":{"gml_id":"tran_9e444ee4-7774-48db-a96f-0e63bedfda4e","mesh":"53394541"},"geometry":{"type":"Polygon","coordinates":[[[139.648869,35.705168],[139.64867,35.705169],[139.64867,35.705123],[139.648724,35.705124],[139.648741,35.70513],[139.648758,35.705131],[139.648816,35.705132],[139.648851,35.705131],[139.648869,35.705129],[139.648869,35.705168]]]}},{"type":"Feature","id":"tran_21b8b08c-d858-4c8f-9488-8cfd6f52d621","properties":{"gml_id":"tran_21b8b08c-d858-4c8f-9488-8cfd6f52d621","mesh":"53394541"},"geometry":{"type":"Polygon","coordinates":[[[139.649,35.703586],[139.648954,35.703596],[139.648926,35.703583],[139.648911,35.703537],[139.649002,35.703517],[139.649017,35.703562],[139.649,35.703586]]]}},{"type":"Feature","id":"tran_6d02a1f6-f0a7-43c9-92f2-6c8a423d3159","properties":{"gml_id":"tran_6d02a1f6-f0a7-43c9-92f2-6c8a423d3159","mesh":"53394541"},"geometry":{"type":"Polygon","coordinates":[[[139.649466,35.703173],[139.649165,35.703231],[139.649069,35.70325],[139.64903,35.70312],[139.649105,35.703105],[139.649483,35.703035],[139.649466,35.703173]]]}},{"type":"Feature","id":"tran_53b02880-5d76-4260-be93-6bbc7f17f897","properties":{"gml_id":"tran_53b02880-5d76-4260-be93-6bbc7f17f897","mesh":"53394541"},"geometry":{"type":"Polygon","coordinates":[[[139.649342,35.7039],[139.649294,35.70391],[139.649177,35.703547],[139.649225,35.703537],[139.649342,35.7039]]]}},{"type":"Feature","id":"tran_2725e687-e5f2-4de1-a8b8-fb656de7d685","properties":{"gml_id":"tran_2725e687-e5f2-4de1-a8b8-fb656de7d685","mesh":"53394541"},"geometry":{"type":"Polygon","coordinates":[[[139.648907,35.704031],[139.648843,35.704045],[139.648815,35.703964],[139.648879,35.703949],[139.648907,35.704031]]]}},{"type":"Feature","id":"tran_cd1d0f57-a7ae-4749-875f-6105bd9d4268","properties":{"gml_id":"tran_cd1d0f57-a7ae-4749-875f-6105bd9d4268","mesh":"53394541"},"geometry":{"type":"Polygon","coordinates":[[[139.648752,35.703571],[139.648685,35.703612],[139.64866,35.70356],[139.648622,35.703484],[139.648586,35.703412],[139.648553,35.703347],[139.648649,35.703365],[139.648649,35.703366],[139.648673,35.703414],[139.648745,35.703558],[139.648752,35.703571]]]}},{"type":"Feature","id":"tran_496be9d8-d01f-4fc4-b396-41a2933827e5","properties":{"gml_id":"tran_496be9d8-d01f-4fc4-b396-41a2933827e5","mesh":"53394541"},"geometry":{"type":"Polygon","coordinates":[[[139.648461,35.70302],[139.648403,35.703039],[139.648391,35.703015],[139.64837,35.702985],[139.648352,35.702968],[139.648393,35.702939],[139.648455,35.702927],[139.648475,35.702998],[139.648472,35.702998],[139.648461,35.70302]]]}},{"type":"Feature","id":"tran_3f8755dc-17b2-415c-a29a-b2b358dabe59","properties":{"gml_id":"tran_3f8755dc-17b2-415c-a29a-b2b358dabe59","mesh":"53394541"},"geometry":{"type":"Polygon","coordinates":[[[139.649086,35.70628],[139.649055,35.706299],[139.648919,35.706151],[139.648814,35.706036],[139.648845,35.706017],[139.649086,35.70628]]]}},{"type":"Feature","id":"tran_61b68fad-5c38-4564-92cf-2a50d95fd81a","properties":{"gml_id":"tran_61b68fad-5c38-4564-92cf-2a50d95fd81a","mesh":"53394541"},"geometry":{"type":"Polygon","coordinates":[[[139.649366,35.705447],[139.649329,35.705477],[139.649289,35.705472],[139.649295,35.70543],[139.649349,35.70542],[139.649354,35.705437],[139.649366,35.705447]]]}},{"type":"Feature","id":"tran_a1b7d41d-b17b-4501-8a92-7f0c5260afd8","properties":{"gml_id":"tran_a1b7d41d-b17b-4501-8a92-7f0c5260afd8","mesh":"53394541"},"geometry":{"type":"Polygon","coordinates":[[[139.648869,35.703921],[139.648805,35.703935],[139.648709,35.70365],[139.648705,35.70364],[139.648773,35.703638],[139.648869,35.703921]]]}},{"type":"Feature","id":"tran_6623fd82-d523-4e7d-9680-0df296b3ed2f","properties":{"gml_id":"tran_6623fd82-d523-4e7d-9680-0df296b3ed2f","mesh":"53394541"},"geometry":{"type":"Polygon","coordinates":[[[139.647858,35.704168],[139.647831,35.704194],[139.647754,35.703922],[139.647785,35.703912],[139.647858,35.704168]]]}},{"type":"Feature","id":"tran_b79298b8-8765-4498-87cc-e75036ba5db9","properties":{"gml_id":"tran_b79298b8-8765-4498-87cc-e75036ba5db9","mesh":"53394541"},"geometry":{"type":"Polygon","coordinates":[[[139.649531,35.702804],[139.649064,35.702885],[139.648697,35.702953],[139.648475,35.702998],[139.648455,35.702927],[139.649531,35.702725],[139.649531,35.702804]]]}},{"type":"Feature","id":"tran_4178a484-ee11-4751-b738-469d1047af62","properties":{"gml_id":"tran_4178a484-ee11-4751-b738-469d1047af62","mesh":"53394541"},"geometry":{"type":"Polygon","coordinates":[[[139.648114,35.705183],[139.64808,35.705184],[139.64808,35.705142],[139.648113,35.705139],[139.648114,35.705142],[139.648114,35.705183]]]}},{"type":"Feature","id":"tran_4cbf09d0-2f92-4e5b-abd9-394c0a785b5c","properties":{"gml_id":"tran_4cbf09d0-2f92-4e5b-abd9-394c0a785b5c","mesh":"53394541"},"geometry":{"type":"Polygon","coordinates":[[[139.649525,35.705579],[139.649405,35.705618],[139.649384,35.705575],[139.649379,35.705566],[139.649329,35.705477],[139.649366,35.705447],[139.649373,35.705452],[139.649495,35.705556],[139.649525,35.705579]]]}},{"type":"Feature","id":"tran_3419d539-7e28-4ed5-b679-2676ab9d6801","properties":{"gml_id":"tran_3419d539-7e28-4ed5-b679-2676ab9d6801","mesh":"53394541"},"geometry":{"type":"Polygon","coordinates":[[[139.649659,35.706229],[139.649568,35.706251],[139.649565,35.706249],[139.649526,35.706258],[139.649527,35.706261],[139.649463,35.706275],[139.649445,35.70628],[139.649179,35.706354],[139.649165,35.706319],[139.649458,35.706241],[139.649558,35.706217],[139.649644,35.706194],[139.649659,35.706229]]]}},{"type":"Feature","id":"tran_a6599c96-3844-4af9-a988-3ba09c44f752","properties":{"gml_id":"tran_a6599c96-3844-4af9-a988-3ba09c44f752","mesh":"53394541"},"geometry":{"type":"Polygon","coordinates":[[[139.64791,35.705657],[139.647888,35.705668],[139.647868,35.705642],[139.64789,35.705631],[139.647891,35.705632],[139.64791,35.705657]]]}},{"type":"Feature","id":"tran_52911d43-eb97-43a1-9b78-aaad704f26c9","properties":{"gml_id":"tran_52911d43-eb97-43a1-9b78-aaad704f26c9","mesh":"53394541"},"geometry":{"type":"Polygon","coordinates":[[[139.649442,35.705064],[139.649437,35.705159],[139.649303,35.705155],[139.649269,35.705059],[139.649333,35.705061],[139.649425,35.705064],[139.649442,35.705064]]]}},{"type":"Feature","id":"tran_27aa0d33-3aef-42f4-aa59-2624bc512317","properties":{"gml_id":"tran_27aa0d33-3aef-42f4-aa59-2624bc512317","mesh":"53394541"},"geometry":{"type":"Polygon","coordinates":[[[139.648391,35.705399],[139.648366,35.705408],[139.648341,35.705363],[139.648372,35.705365],[139.648391,35.705399]]]}},{"type":"Feature","id":"tran_00f471b4-7afe-41f9-a406-8f692fa09e57","properties":{"gml_id":"tran_00f471b4-7afe-41f9-a406-8f692fa09e57","mesh":"53394541"},"geometry":{"type":"Polygon","coordinates":[[[139.649734,35.703432],[139.649536,35.703481],[139.649496,35.703457],[139.649508,35.703405],[139.649535,35.703375],[139.649733,35.703325],[139.649768,35.703348],[139.649761,35.703405],[139.649734,35.703432]]]}},{"type":"Feature","id":"tran_359384fe-a48a-4ff5-a1f3-45f15edfe097","properties":{"gml_id":"tran_359384fe-a48a-4ff5-a1f3-45f15edfe097","mesh":"53394541"},"geometry":{"type":"Polygon","coordinates":[[[139.649496,35.703457],[139.649242,35.703513],[139.649165,35.70348],[139.649508,35.703405],[139.649496,35.703457]]]}},{"type":"Feature","id":"tran_b8e165a4-4a0c-4870-8915-bc2551a916e0","properties":{"gml_id":"tran_b8e165a4-4a0c-4870-8915-bc2551a916e0","mesh":"53394541"},"geometry":{"type":"Polygon","coordinates":[[[139.648556,35.703192],[139.648532,35.703306],[139.648478,35.703196],[139.648442,35.70312],[139.648403,35.703039],[139.648461,35.70302],[139.648499,35.703086],[139.648515,35.703115],[139.648554,35.703188],[139.648556,35.703192]]]}},{"type":"Feature","id":"tran_49e7f989-981f-4e8e-8ae9-b2f6b0dfa57c","properties":{"gml_id":"tran_49e7f989-981f-4e8e-8ae9-b2f6b0dfa57c","mesh":"53394541"},"geometry":{"type":"Polygon","coordinates":[[[139.648511,35.705594],[139.648476,35.705607],[139.648457,35.705572],[139.648482,35.705562],[139.648491,35.705559],[139.648505,35.705554],[139.648517,35.705578],[139.648511,35.705594]]]}},{"type":"Feature","id":"tran_0e7d11e1-70ff-461e-96d0-83303fc9ec55","properties":{"gml_id":"tran_0e7d11e1-70ff-461e-96d0-83303fc9ec55","mesh":"53394541"},"geometry":{"type":"Polygon","coordinates":[[[139.648297,35.704936],[139.648082,35.704983],[139.648076,35.704966],[139.648291,35.704918],[139.648297,35.704936]]]}},{"type":"Feature","id":"tran_24b2ef38-b25b-449e-8be5-743274dbaeee","properties":{"gml_id":"tran_24b2ef38-b25b-449e-8be5-743274dbaeee","mesh":"53394541"},"geometry":{"type":"Polygon","coordinates":[[[139.649225,35.703537],[139.649177,35.703547],[139.649148,35.703533],[139.649081,35.703499],[139.649095,35.70348],[139.649135,35.703466],[139.649165,35.70348],[139.649242,35.703513],[139.649225,35.703537]]]}},{"type":"Feature","id":"tran_ce90327e-2b7f-4f81-96ac-49f769e80fec","properties":{"gml_id":"tran_ce90327e-2b7f-4f81-96ac-49f769e80fec","mesh":"53394541"},"geometry":{"type":"Polygon","coordinates":[[[139.64832,35.705178],[139.648124,35.705183],[139.648114,35.705183],[139.648114,35.705142],[139.648123,35.705142],[139.648293,35.705137],[139.648312,35.705135],[139.648318,35.705133],[139.64832,35.705178]]]}},{"type":"Feature","id":"tran_fa17fbec-4a01-4f69-92f9-a004d2559f9c","properties":{"gml_id":"tran_fa17fbec-4a01-4f69-92f9-a004d2559f9c","mesh":"53394541"},"geometry":{"type":"Polygon","coordinates":[[[139.64784,35.706119],[139.647539,35.706252],[139.647517,35.706218],[139.647817,35.706085],[139.64784,35.706119]]]}},{"type":"Feature","id":"tran_2da06be2-62ef-46b9-a951-5d32da93975b","properties":{"gml_id":"tran_2da06be2-62ef-46b9-a951-5d32da93975b","mesh":"53394541"},"geometry":{"type":"Polygon","coordinates":[[[139.648604,35.705171],[139.648379,35.705177],[139.648377,35.705135],[139.648517,35.705131],[139.648587,35.705128],[139.648602,35.705126],[139.648604,35.705171]]]}},{"type":"Feature","id":"tran_c63cdd7f-2146-4647-89a3-eb1ed4589aee","properties":{"gml_id":"tran_c63cdd7f-2146-4647-89a3-eb1ed4589aee","mesh":"53394541"},"geometry":{"type":"Polygon","coordinates":[[[139.647382,35.705903],[139.647348,35.705911],[139.647346,35.705902],[139.647361,35.705841],[139.64738,35.70585],[139.647387,35.705893],[139.647382,35.705903]]]}},{"type":"Feature","id":"tran_f0cbf239-86f1-4cdd-866d-6d082ebcb11c","properties":{"gml_id":"tran_f0cbf239-86f1-4cdd-866d-6d082ebcb11c","mesh":"53394541"},"geometry":{"type":"Polygon","coordinates":[[[139.649462,35.706782],[139.649428,35.706794],[139.649408,35.706758],[139.649387,35.706725],[139.649266,35.706566],[139.649226,35.70651],[139.649135,35.706394],[139.649172,35.706374],[139.649383,35.706648],[139.649423,35.706707],[139.649462,35.706782]]]}},{"type":"Feature","id":"tran_378a263c-7a88-4b1e-a4c1-0b35bfc19249","properties":{"gml_id":"tran_378a263c-7a88-4b1e-a4c1-0b35bfc19249","mesh":"53394541"},"geometry":{"type":"Polygon","coordinates":[[[139.64701,35.705112],[139.647022,35.70516],[139.646771,35.705153],[139.646775,35.705105],[139.64701,35.705112]]]}},{"type":"Feature","id":"tran_6222335d-6720-4a67-8374-92871b232467","properties":{"gml_id":"tran_6222335d-6720-4a67-8374-92871b232467","mesh":"53394541"},"geometry":{"type":"Polygon","coordinates":[[[139.648115,35.70382],[139.647785,35.703912],[139.6478,35.703875],[139.648083,35.703796],[139.648115,35.70382]]]}},{"type":"Feature","id":"tran_a09a0771-5e70-4407-8e65-dfbfbd4d62b4","properties":{"gml_id":"tran_a09a0771-5e70-4407-8e65-dfbfbd4d62b4","mesh":"53394541"},"geometry":{"type":"Polygon","coordinates":[[[139.648113,35.705139],[139.64808,35.705142],[139.648069,35.705067],[139.648049,35.704991],[139.648048,35.70499],[139.648081,35.704984],[139.648102,35.705061],[139.648113,35.705139]]]}},{"type":"Feature","id":"tran_1433d3b3-f0c5-4ed1-8110-711ba9e05a4a","properties":{"gml_id":"tran_1433d3b3-f0c5-4ed1-8110-711ba9e05a4a","mesh":"53394541"},"geometry":{"type":"Polygon","coordinates":[[[139.64808,35.705184],[139.648067,35.705184],[139.647919,35.705185],[139.647889,35.705184],[139.647891,35.70514],[139.647921,35.705141],[139.648067,35.705142],[139.64808,35.705142],[139.64808,35.705184]]]}},{"type":"Feature","id":"tran_637211fe-cd8f-441f-b8e7-44fb04267aad","properties":{"gml_id":"tran_637211fe-cd8f-441f-b8e7-44fb04267aad","mesh":"53394541"},"geometry":{"type":"Polygon","coordinates":[[[139.64949,35.705792],[139.649475,35.705797],[139.648845,35.706017],[139.648836,35.706],[139.649317,35.705838],[139.649467,35.705781],[139.649481,35.705776],[139.64949,35.705792]]]}},{"type":"Feature","id":"tran_cb19a54b-f82b-4443-8760-8b224664c01c","properties":{"gml_id":"tran_cb19a54b-f82b-4443-8760-8b224664c01c","mesh":"53394541"},"geometry":{"type":"Polygon","coordinates":[[[139.649731,35.702922],[139.649532,35.702971],[139.649531,35.702804],[139.64973,35.702759],[139.649731,35.702922]]]}},{"type":"Feature","id":"tran_91cdb978-b8c5-4397-95c6-bd2f71eb6822","properties":{"gml_id":"tran_91cdb978-b8c5-4397-95c6-bd2f71eb6822","mesh":"53394541"},"geometry":{"type":"Polygon","coordinates":[[[139.648595,35.705745],[139.648563,35.705762],[139.648543,35.705726],[139.648573,35.705705],[139.648584,35.705704],[139.648595,35.705745]]]}},{"type":"Feature","id":"tran_e0f51317-8352-4cdc-b601-e4e4af4ea6a3","properties":{"gml_id":"tran_e0f51317-8352-4cdc-b601-e4e4af4ea6a3","mesh":"53394541"},"geometry":{"type":"Polygon","coordinates":[[[139.649898,35.703089],[139.649852,35.703097],[139.649783,35.703111],[139.6498,35.702968],[139.649864,35.702957],[139.649898,35.703089]]]}},{"type":"Feature","id":"tran_ea07d074-5fef-4130-9196-10d3adf40bf1","properties":{"gml_id":"tran_ea07d074-5fef-4130-9196-10d3adf40bf1","mesh":"53394541"},"geometry":{"type":"Polygon","coordinates":[[[139.648705,35.70364],[139.648699,35.703642],[139.648685,35.703612],[139.648752,35.703571],[139.648789,35.703613],[139.648773,35.703636],[139.648773,35.703638],[139.648705,35.70364]]]}},{"type":"Feature","id":"tran_704ede85-51a8-499a-b99a-0a2ad4ef6d86","properties":{"gml_id":"tran_704ede85-51a8-499a-b99a-0a2ad4ef6d86","mesh":"53394541"},"geometry":{"type":"Polygon","coordinates":[[[139.649289,35.705472],[139.649113,35.705453],[139.648825,35.705619],[139.648595,35.705745],[139.648584,35.705704],[139.648735,35.705619],[139.64907,35.705426],[139.6491,35.705409],[139.649295,35.70543],[139.649289,35.705472]]]}},{"type":"Feature","id":"tran_8f57a91e-d4aa-4dd7-9baf-7d37315abdf2","properties":{"gml_id":"tran_8f57a91e-d4aa-4dd7-9baf-7d37315abdf2","mesh":"53394541"},"geometry":{"type":"Polygon","coordinates":[[[139.649762,35.705168],[139.649759,35.705216],[139.649745,35.705353],[139.649738,35.705434],[139.649735,35.70547],[139.64973,35.705579],[139.649541,35.705573],[139.649545,35.705491],[139.649546,35.705466],[139.649548,35.705422],[139.649552,35.705345],[139.649555,35.705285],[139.649559,35.705209],[139.64956,35.705184],[139.649762,35.705168]]]}},{"type":"Feature","id":"tran_6f9afd1b-7873-44ef-afe4-1d9688a311eb","properties":{"gml_id":"tran_6f9afd1b-7873-44ef-afe4-1d9688a311eb","mesh":"53394541"},"geometry":{"type":"Polygon","coordinates":[[[139.648111,35.703438],[139.647998,35.70346],[139.647983,35.703412],[139.64805,35.703399],[139.648097,35.70339],[139.648111,35.703437],[139.648111,35.703438]]]}},{"type":"Feature","id":"tran_172363fb-a79c-4a7d-a1ab-12c582650cb5","properties":{"gml_id":"tran_172363fb-a79c-4a7d-a1ab-12c582650cb5","mesh":"53394541"},"geometry":{"type":"Polygon","coordinates":[[[139.64764,35.705133],[139.647638,35.705177],[139.647553,35.705175],[139.647555,35.705127],[139.647576,35.705106],[139.647603,35.705101],[139.647606,35.70511],[139.647608,35.705114],[139.647612,35.705119],[139.647617,35.705123],[139.647622,35.705126],[139.647627,35.705129],[139.647633,35.705131],[139.64764,35.705133]]]}},{"type":"Feature","id":"tran_4560efd4-4ca1-44cd-a6f4-bf72d7f2345b","properties":{"gml_id":"tran_4560efd4-4ca1-44cd-a6f4-bf72d7f2345b","mesh":"53394541"},"geometry":{"type":"Polygon","coordinates":[[[139.649278,35.704412],[139.649224,35.704424],[139.649116,35.704078],[139.649168,35.70406],[139.649278,35.704412]]]}},{"type":"Feature","id":"tran_c4cc7e03-f750-4efe-93be-c7bb12ee002f","properties":{"gml_id":"tran_c4cc7e03-f750-4efe-93be-c7bb12ee002f","mesh":"53394541"},"geometry":{"type":"Polygon","coordinates":[[[139.647361,35.705841],[139.647346,35.705902],[139.647346,35.705901],[139.647324,35.705851],[139.647174,35.705499],[139.647162,35.705472],[139.647211,35.70549],[139.647361,35.705841]]]}},{"type":"Feature","id":"tran_5f5f61c7-b37f-4c3b-8e5f-08cc17272e59","properties":{"gml_id":"tran_5f5f61c7-b37f-4c3b-8e5f-08cc17272e59","mesh":"53394541"},"geometry":{"type":"Polygon","coordinates":[[[139.648505,35.705554],[139.648805,35.70545],[139.648814,35.705467],[139.648583,35.705547],[139.648586,35.705553],[139.648517,35.705578],[139.648505,35.705554]]]}},{"type":"Feature","id":"tran_4a44debc-da6e-4e5f-9697-a279aaa36c65","properties":{"gml_id":"tran_4a44debc-da6e-4e5f-9697-a279aaa36c65","mesh":"53394541"},"geometry":{"type":"Polygon","coordinates":[[[139.649027,35.703259],[139.6487,35.703326],[139.648669,35.703332],[139.648597,35.703208],[139.648599,35.703207],[139.648662,35.703195],[139.648987,35.703129],[139.649027,35.703259]]]}},{"type":"Feature","id":"tran_2108540b-7293-4b2d-9a56-81deca564396","properties":{"gml_id":"tran_2108540b-7293-4b2d-9a56-81deca564396","mesh":"53394541"},"geometry":{"type":"Polygon","coordinates":[[[139.64973,35.702759],[139.649531,35.702804],[139.649531,35.702725],[139.649791,35.702675],[139.64973,35.702759]]]}},{"type":"Feature","id":"tran_5c7e2d0a-140e-4d71-b094-4561ac0e3054","properties":{"gml_id":"tran_5c7e2d0a-140e-4d71-b094-4561ac0e3054","mesh":"53394541"},"geometry":{"type":"Polygon","coordinates":[[[139.64838,35.706379],[139.648345,35.706395],[139.648319,35.706354],[139.648354,35.70634],[139.64838,35.706379]]]}},{"type":"Feature","id":"tran_f3c55928-1235-4093-9886-b86f54f0094e","properties":{"gml_id":"tran_f3c55928-1235-4093-9886-b86f54f0094e","mesh":"53394541"},"geometry":{"type":"Polygon","coordinates":[[[139.650201,35.704748],[139.650147,35.705197],[139.650123,35.705195],[139.649875,35.705175],[139.649762,35.705168],[139.649725,35.705029],[139.649732,35.704855],[139.649805,35.704728],[139.649829,35.704729],[139.649921,35.704733],[139.650201,35.704748]]]}},{"type":"Feature","id":"tran_ab4e8021-7d40-482e-bbc3-76332e40134f","properties":{"gml_id":"tran_ab4e8021-7d40-482e-bbc3-76332e40134f","mesh":"53394541"},"geometry":{"type":"Polygon","coordinates":[[[139.647513,35.706209],[139.64747,35.706221],[139.647361,35.705956],[139.647367,35.705955],[139.647348,35.705911],[139.647382,35.705903],[139.647513,35.706209]]]}},{"type":"Feature","id":"tran_fb9433be-339a-4ab0-98e1-85ac5587dca2","properties":{"gml_id":"tran_fb9433be-339a-4ab0-98e1-85ac5587dca2","mesh":"53394541"},"geometry":{"type":"Polygon","coordinates":[[[139.647076,35.705114],[139.647052,35.705161],[139.647022,35.70516],[139.64701,35.705112],[139.647024,35.705098],[139.647059,35.705102],[139.647076,35.705114]]]}},{"type":"Feature","id":"tran_c71d9457-5e68-4a11-8272-464bad83a107","properties":{"gml_id":"tran_c71d9457-5e68-4a11-8272-464bad83a107","mesh":"53394541"},"geometry":{"type":"Polygon","coordinates":[[[139.649732,35.703163],[139.649534,35.703216],[139.649466,35.703173],[139.649483,35.703035],[139.649532,35.702971],[139.649731,35.702922],[139.6498,35.702968],[139.649783,35.703111],[139.649732,35.703163]]]}},{"type":"Feature","id":"tran_b0b72ea3-6be4-488d-bbd3-c6c3049d00ec","properties":{"gml_id":"tran_b0b72ea3-6be4-488d-bbd3-c6c3049d00ec","mesh":"53394541"},"geometry":{"type":"Polygon","coordinates":[[[139.648563,35.705762],[139.648438,35.705826],[139.648401,35.705845],[139.648168,35.705964],[139.64787,35.706105],[139.647846,35.706071],[139.648144,35.705931],[139.648543,35.705726],[139.648563,35.705762]]]}},{"type":"Feature","id":"tran_216f2714-c9d5-4872-b0c2-51561816c8b8","properties":{"gml_id":"tran_216f2714-c9d5-4872-b0c2-51561816c8b8","mesh":"53394541"},"geometry":{"type":"Polygon","coordinates":[[[139.648545,35.704881],[139.648316,35.704931],[139.64831,35.704914],[139.648539,35.704863],[139.648545,35.704881]]]}},{"type":"Feature","id":"tran_b24b82f5-3921-4e93-a03d-1325becf7cc4","properties":{"gml_id":"tran_b24b82f5-3921-4e93-a03d-1325becf7cc4","mesh":"53394541"},"geometry":{"type":"Polygon","coordinates":[[[139.649072,35.704538],[139.649008,35.704552],[139.648982,35.70447],[139.649046,35.704456],[139.649048,35.704457],[139.649084,35.704474],[139.649097,35.704513],[139.649089,35.704515],[139.64908,35.704527],[139.649072,35.704538]]]}},{"type":"Feature","id":"tran_5f1e3118-39a3-4064-8329-3080dcc5a264","properties":{"gml_id":"tran_5f1e3118-39a3-4064-8329-3080dcc5a264","mesh":"53394541"},"geometry":{"type":"Polygon","coordinates":[[[139.647631,35.705784],[139.647611,35.705794],[139.64759,35.705762],[139.647587,35.705757],[139.647587,35.705757],[139.647607,35.70575],[139.647608,35.70575],[139.647631,35.705784]]]}},{"type":"Feature","id":"tran_bab57799-5318-4407-b975-89c4358ea3cc","properties":{"gml_id":"tran_bab57799-5318-4407-b975-89c4358ea3cc","mesh":"53394541"},"geometry":{"type":"Polygon","coordinates":[[[139.648831,35.706002],[139.6488,35.706021],[139.648563,35.705762],[139.648595,35.705745],[139.648831,35.706002]]]}},{"type":"Feature","id":"tran_ef6d09ec-47aa-4826-a27f-bbe563b7bb87","properties":{"gml_id":"tran_ef6d09ec-47aa-4826-a27f-bbe563b7bb87","mesh":"53394541"},"geometry":{"type":"Polygon","coordinates":[[[139.648081,35.704984],[139.648048,35.70499],[139.648044,35.704973],[139.648043,35.704972],[139.648076,35.704966],[139.648082,35.704983],[139.648081,35.704984]]]}},{"type":"Feature","id":"tran_43b911be-d948-4bad-bd0c-283fe1dccd00","properties":{"gml_id":"tran_43b911be-d948-4bad-bd0c-283fe1dccd00","mesh":"53394541"},"geometry":{"type":"Polygon","coordinates":[[[139.647688,35.705425],[139.647211,35.70549],[139.6472,35.705469],[139.647684,35.705402],[139.647688,35.705425]]]}},{"type":"Feature","id":"tran_984b1e00-7e86-4e9b-8987-ccb4ebf6936c","properties":{"gml_id":"tran_984b1e00-7e86-4e9b-8987-ccb4ebf6936c","mesh":"53394541"},"geometry":{"type":"Polygon","coordinates":[[[139.649126,35.703965],[139.649082,35.70398],[139.648954,35.703596],[139.649,35.703586],[139.649126,35.703965]]]}},{"type":"Feature","id":"tran_14be033b-bf12-4599-b05e-0f93465316d6","properties":{"gml_id":"tran_14be033b-bf12-4599-b05e-0f93465316d6","mesh":"53394541"},"geometry":{"type":"Polygon","coordinates":[[[139.648479,35.706596],[139.648302,35.706675],[139.648284,35.706648],[139.64846,35.706568],[139.648479,35.706596]]]}},{"type":"Feature","id":"tran_ec68eab2-fffb-44d3-a7dc-b19bbdb888c1","properties":{"gml_id":"tran_ec68eab2-fffb-44d3-a7dc-b19bbdb888c1","mesh":"53394541"},"geometry":{"type":"Polygon","coordinates":[[[139.649791,35.702675],[139.649531,35.702725],[139.649531,35.702674],[139.649531,35.702596],[139.649531,35.702427],[139.64972,35.702344],[139.649721,35.702416],[139.649721,35.702417],[139.649731,35.702434],[139.649791,35.702675]]]}},{"type":"Feature","id":"tran_436d119e-4f4b-4bd7-b4b8-566cd0a0fce9","properties":{"gml_id":"tran_436d119e-4f4b-4bd7-b4b8-566cd0a0fce9","mesh":"53394541"},"geometry":{"type":"Polygon","coordinates":[[[139.648482,35.705562],[139.648457,35.705572],[139.648377,35.705429],[139.648402,35.705419],[139.648482,35.705562]]]}},{"type":"Feature","id":"tran_dafc38d3-54fc-4a1a-949e-7c17fa07db14","properties":{"gml_id":"tran_dafc38d3-54fc-4a1a-949e-7c17fa07db14","mesh":"53394541"},"geometry":{"type":"Polygon","coordinates":[[[139.647611,35.705794],[139.647588,35.705804],[139.647387,35.705893],[139.64738,35.70585],[139.64759,35.705762],[139.647611,35.705794]]]}},{"type":"Feature","id":"tran_c928e8bd-d8c6-429a-8371-39ba678977a2","properties":{"gml_id":"tran_c928e8bd-d8c6-429a-8371-39ba678977a2","mesh":"53394541"},"geometry":{"type":"Polygon","coordinates":[[[139.649074,35.706327],[139.648514,35.70658],[139.648495,35.706552],[139.648501,35.706549],[139.648506,35.706547],[139.649037,35.706307],[139.649055,35.706299],[139.649074,35.706327]]]}},{"type":"Feature","id":"tran_77029774-858a-4392-8eb3-349b8416de31","properties":{"gml_id":"tran_77029774-858a-4392-8eb3-349b8416de31","mesh":"53394541"},"geometry":{"type":"Polygon","coordinates":[[[139.649172,35.706374],[139.649135,35.706394],[139.649102,35.706351],[139.649099,35.706349],[139.649135,35.706327],[139.649165,35.706319],[139.649179,35.706354],[139.649172,35.706374]]]}},{"type":"Feature","id":"tran_2c8661d4-a718-470e-9daf-8d1355c47156","properties":{"gml_id":"tran_2c8661d4-a718-470e-9daf-8d1355c47156","mesh":"53394541"},"geometry":{"type":"Polygon","coordinates":[[[139.649488,35.705065],[139.649483,35.705161],[139.649437,35.705159],[139.649442,35.705064],[139.649485,35.705055],[139.649488,35.705065]]]}},{"type":"Feature","id":"tran_161ef3ca-6107-4783-b3af-d9e34dedaac0","properties":{"gml_id":"tran_161ef3ca-6107-4783-b3af-d9e34dedaac0","mesh":"53394541"},"geometry":{"type":"Polygon","coordinates":[[[139.648188,35.70374],[139.648096,35.70378],[139.648021,35.70354],[139.648008,35.703497],[139.647998,35.70346],[139.648111,35.703438],[139.648117,35.703457],[139.648134,35.703518],[139.648188,35.70374]]]}},{"type":"Feature","id":"tran_d3fa4208-bf1a-4ab5-b46e-1518403a21e5","properties":{"gml_id":"tran_d3fa4208-bf1a-4ab5-b46e-1518403a21e5","mesh":"53394541"},"geometry":{"type":"Polygon","coordinates":[[[139.649303,35.705155],[139.649299,35.705159],[139.649282,35.705175],[139.649223,35.705167],[139.649166,35.705126],[139.649193,35.705097],[139.649243,35.705042],[139.649262,35.705054],[139.649269,35.705059],[139.649303,35.705155]]]}},{"type":"Feature","id":"tran_1220bc6e-b73d-4c5b-b8bb-aac28b580db0","properties":{"gml_id":"tran_1220bc6e-b73d-4c5b-b8bb-aac28b580db0","mesh":"53394541"},"geometry":{"type":"Polygon","coordinates":[[[139.648571,35.704875],[139.648545,35.704881],[139.648539,35.704863],[139.648566,35.704858],[139.648571,35.704875]]]}},{"type":"Feature","id":"tran_0342cc53-9564-4196-9499-5f34b96e0190","properties":{"gml_id":"tran_0342cc53-9564-4196-9499-5f34b96e0190","mesh":"53394541"},"geometry":{"type":"Polygon","coordinates":[[[139.648379,35.705177],[139.64832,35.705178],[139.648318,35.705133],[139.648325,35.705131],[139.648335,35.705124],[139.648346,35.705112],[139.648348,35.705105],[139.648367,35.705101],[139.648377,35.705135],[139.648379,35.705177]]]}},{"type":"Feature","id":"tran_c31e5e70-89df-41ae-bb3a-1a1663d4bb7e","properties":{"gml_id":"tran_c31e5e70-89df-41ae-bb3a-1a1663d4bb7e","mesh":"53394541"},"geometry":{"type":"Polygon","coordinates":[[[139.648514,35.70658],[139.648479,35.706596],[139.64846,35.706568],[139.648495,35.706552],[139.648514,35.70658]]]}},{"type":"Feature","id":"tran_1c803c5a-d930-4245-b4ec-fba9ec270137","properties":{"gml_id":"tran_1c803c5a-d930-4245-b4ec-fba9ec270137","mesh":"53394541"},"geometry":{"type":"Polygon","coordinates":[[[139.649543,35.70444],[139.64932,35.704466],[139.649306,35.704427],[139.649417,35.704414],[139.649536,35.7044],[139.649543,35.70444]]]}},{"type":"Feature","id":"tran_9b7a23e1-754b-44d2-aea0-06e515bfc6b4","properties":{"gml_id":"tran_9b7a23e1-754b-44d2-aea0-06e515bfc6b4","mesh":"53394541"},"geometry":{"type":"Polygon","coordinates":[[[139.649398,35.703971],[139.649307,35.703999],[139.64928,35.70394],[139.649296,35.703916],[139.649294,35.70391],[139.649342,35.7039],[139.649371,35.703912],[139.649398,35.703971]]]}},{"type":"Feature","id":"tran_1b1cedef-07b3-458b-8063-d51fa1247fc2","properties":{"gml_id":"tran_1b1cedef-07b3-458b-8063-d51fa1247fc2","mesh":"53394541"},"geometry":{"type":"Polygon","coordinates":[[[139.647539,35.706252],[139.64753,35.706257],[139.647519,35.706261],[139.647483,35.706278],[139.64746,35.706244],[139.64747,35.706221],[139.647513,35.706209],[139.647517,35.706218],[139.647539,35.706252]]]}},{"type":"Feature","id":"tran_31e67d5f-2401-46c7-9260-29e72ffbb75d","properties":{"gml_id":"tran_31e67d5f-2401-46c7-9260-29e72ffbb75d","mesh":"53394541"},"geometry":{"type":"Polygon","coordinates":[[[139.64787,35.706105],[139.64784,35.706119],[139.64784,35.706119],[139.647817,35.706085],[139.647818,35.706084],[139.647846,35.706071],[139.64787,35.706105]]]}},{"type":"Feature","id":"tran_fae791c1-3af2-4de7-88d2-32c073b41bd5","properties":{"gml_id":"tran_fae791c1-3af2-4de7-88d2-32c073b41bd5","mesh":"53394541"},"geometry":{"type":"Polygon","coordinates":[[[139.648573,35.705705],[139.648543,35.705726],[139.648538,35.705718],[139.648483,35.705619],[139.648476,35.705607],[139.648511,35.705594],[139.648573,35.705705]]]}},{"type":"Feature","id":"tran_82b28b74-5176-4374-ba21-b8bde3683633","properties":{"gml_id":"tran_82b28b74-5176-4374-ba21-b8bde3683633","mesh":"53394541"},"geometry":{"type":"Polygon","coordinates":[[[139.649087,35.704065],[139.648963,35.704103],[139.648936,35.704043],[139.648942,35.704042],[139.649067,35.704004],[139.649087,35.704065]]]}},{"type":"Feature","id":"tran_cb78829a-16f2-4d11-8235-c99bf11a912c","properties":{"gml_id":"tran_cb78829a-16f2-4d11-8235-c99bf11a912c","mesh":"53394541"},"geometry":{"type":"Polygon","coordinates":[[[139.647765,35.705454],[139.647739,35.705466],[139.647718,35.705436],[139.647688,35.705425],[139.647684,35.705402],[139.647714,35.705398],[139.647742,35.705402],[139.647771,35.705397],[139.647779,35.705433],[139.647765,35.705454]]]}},{"type":"Feature","id":"tran_1b974258-4552-4859-93b6-4e22d15807b5","properties":{"gml_id":"tran_1b974258-4552-4859-93b6-4e22d15807b5","mesh":"53394541"},"geometry":{"type":"Polygon","coordinates":[[[139.648926,35.703583],[139.64879,35.703613],[139.648789,35.703613],[139.648752,35.703571],[139.648772,35.703567],[139.648775,35.703566],[139.648911,35.703537],[139.648926,35.703583]]]}},{"type":"Feature","id":"tran_b776bcfd-7698-4ba5-b0d2-fae72574fa96","properties":{"gml_id":"tran_b776bcfd-7698-4ba5-b0d2-fae72574fa96","mesh":"53394541"},"geometry":{"type":"Polygon","coordinates":[[[139.649762,35.705168],[139.64956,35.705184],[139.64954,35.705164],[139.649538,35.705163],[139.649507,35.705066],[139.64954,35.705042],[139.649541,35.705023],[139.649719,35.705026],[139.649725,35.705029],[139.649762,35.705168]]]}},{"type":"Feature","id":"tran_a9873c6b-c0eb-452a-9cf9-95f3b8927405","properties":{"gml_id":"tran_a9873c6b-c0eb-452a-9cf9-95f3b8927405","mesh":"53394541"},"geometry":{"type":"Polygon","coordinates":[[[139.64894,35.70413],[139.648876,35.704144],[139.648843,35.704045],[139.648907,35.704031],[139.648936,35.704043],[139.648963,35.704103],[139.648956,35.704105],[139.64894,35.70413]]]}},{"type":"Feature","id":"tran_38af1df6-34dc-4806-9e90-cabcf14cad29","properties":{"gml_id":"tran_38af1df6-34dc-4806-9e90-cabcf14cad29","mesh":"53394541"},"geometry":{"type":"Polygon","coordinates":[[[139.6472,35.705469],[139.647211,35.70549],[139.647162,35.705472],[139.647153,35.705451],[139.647188,35.705464],[139.6472,35.705469]]]}},{"type":"Feature","id":"tran_af7a805f-c23c-4214-8f0a-21f9ba365cf2","properties":{"gml_id":"tran_af7a805f-c23c-4214-8f0a-21f9ba365cf2","mesh":"53394541"},"geometry":{"type":"Polygon","coordinates":[[[139.64867,35.705169],[139.648664,35.705169],[139.648604,35.705171],[139.648602,35.705126],[139.648612,35.70512],[139.648616,35.705115],[139.648617,35.705107],[139.648647,35.7051],[139.648648,35.705104],[139.64865,35.705109],[139.648653,35.705113],[139.648655,35.705115],[139.648664,35.705121],[139.64867,35.705123],[139.64867,35.705169]]]}},{"type":"Feature","id":"tran_f9a770fe-c970-41bf-aa81-d261d7a90e8d","properties":{"gml_id":"tran_f9a770fe-c970-41bf-aa81-d261d7a90e8d","mesh":"53394541"},"geometry":{"type":"Polygon","coordinates":[[[139.648685,35.702538],[139.648586,35.702558],[139.648573,35.702562],[139.648556,35.702568],[139.648527,35.702583],[139.648233,35.702752],[139.648204,35.702719],[139.648499,35.702549],[139.648533,35.702531],[139.648552,35.702525],[139.648572,35.702519],[139.648673,35.702499],[139.648685,35.702538]]]}},{"type":"Feature","id":"tran_281b572c-3307-4075-918b-9d762464968a","properties":{"gml_id":"tran_281b572c-3307-4075-918b-9d762464968a","mesh":"53394541"},"geometry":{"type":"Polygon","coordinates":[[[139.647872,35.704223],[139.647839,35.704225],[139.647831,35.704194],[139.647858,35.704168],[139.647896,35.70419],[139.647872,35.704223]]]}},{"type":"Feature","id":"tran_4699e12f-f366-42ed-9dc4-69f5634ea0a8","properties":{"gml_id":"tran_4699e12f-f366-42ed-9dc4-69f5634ea0a8","mesh":"53394541"},"geometry":{"type":"Polygon","coordinates":[[[139.647052,35.705161],[139.64712,35.705312],[139.647188,35.705464],[139.647153,35.705451],[139.64709,35.705311],[139.647022,35.70516],[139.647052,35.705161]]]}},{"type":"Feature","id":"tran_df1735d7-cffd-4387-80d1-8edf5387a4c9","properties":{"gml_id":"tran_df1735d7-cffd-4387-80d1-8edf5387a4c9","mesh":"53394541"},"geometry":{"type":"Polygon","coordinates":[[[139.649726,35.706088],[139.649646,35.706114],[139.649603,35.706025],[139.649518,35.705849],[139.649494,35.7058],[139.64949,35.705792],[139.649481,35.705776],[139.649482,35.705775],[139.649466,35.705743],[139.64946,35.70573],[139.649407,35.705623],[139.649405,35.705618],[139.649525,35.705579],[139.649527,35.70558],[139.649529,35.705581],[139.649531,35.705581],[139.649534,35.70558],[139.649537,35.705579],[139.649539,35.705577],[139.64954,35.705576],[139.649541,35.705573],[139.64973,35.705579],[139.64973,35.705584],[139.649802,35.705586],[139.649785,35.706036],[139.649726,35.706088]]]}},{"type":"Feature","id":"tran_787164e3-cd20-481a-adc3-1ef7e90e15f9","properties":{"gml_id":"tran_787164e3-cd20-481a-adc3-1ef7e90e15f9","mesh":"53394541"},"geometry":{"type":"Polygon","coordinates":[[[139.648647,35.7051],[139.648617,35.705107],[139.648616,35.705094],[139.648611,35.705077],[139.648572,35.704958],[139.648545,35.704881],[139.648571,35.704875],[139.648598,35.704952],[139.648638,35.705072],[139.648643,35.705091],[139.648647,35.7051]]]}},{"type":"Feature","id":"tran_ec722c2f-877f-4dec-a946-796003ee82da","properties":{"gml_id":"tran_ec722c2f-877f-4dec-a946-796003ee82da","mesh":"53394541"},"geometry":{"type":"Polygon","coordinates":[[[139.649243,35.705042],[139.649193,35.705097],[139.649179,35.705056],[139.64915,35.704971],[139.64901,35.704558],[139.649008,35.704552],[139.649072,35.704538],[139.649074,35.704544],[139.649138,35.704731],[139.649243,35.705042]]]}},{"type":"Feature","id":"tran_c513cae7-ec08-4cdd-8585-bdffa09c597c","properties":{"gml_id":"tran_c513cae7-ec08-4cdd-8585-bdffa09c597c","mesh":"53394541"},"geometry":{"type":"Polygon","coordinates":[[[139.648153,35.706479],[139.648107,35.70648],[139.64784,35.706119],[139.64787,35.706105],[139.64814,35.706464],[139.648144,35.706469],[139.648153,35.706479]]]}},{"type":"Feature","id":"tran_05c5e7c7-7078-408f-97d9-9cbc0d07c922","properties":{"gml_id":"tran_05c5e7c7-7078-408f-97d9-9cbc0d07c922","mesh":"53394541"},"geometry":{"type":"Polygon","coordinates":[[[139.650193,35.706419],[139.649915,35.706428],[139.64977,35.706433],[139.649769,35.706396],[139.64991,35.706391],[139.650191,35.706381],[139.650193,35.706419]]]}},{"type":"Feature","id":"tran_4a510312-51a1-43f5-a7a1-3c571da15a75","properties":{"gml_id":"tran_4a510312-51a1-43f5-a7a1-3c571da15a75","mesh":"53394541"},"geometry":{"type":"Polygon","coordinates":[[[139.648176,35.706505],[139.648135,35.706518],[139.648114,35.706513],[139.648107,35.70648],[139.648153,35.706479],[139.648176,35.706505]]]}},{"type":"Feature","id":"tran_054e267a-2925-415d-9302-b75aa2dcddb9","properties":{"gml_id":"tran_054e267a-2925-415d-9302-b75aa2dcddb9","mesh":"53394541"},"geometry":{"type":"Polygon","coordinates":[[[139.649223,35.705167],[139.649167,35.705167],[139.648946,35.705168],[139.648946,35.705127],[139.64916,35.705126],[139.649166,35.705126],[139.649223,35.705167]]]}},{"type":"Feature","id":"tran_54609f86-8aad-404d-ad27-8ff6b3af735e","properties":{"gml_id":"tran_54609f86-8aad-404d-ad27-8ff6b3af735e","mesh":"53394541"},"geometry":{"type":"Polygon","coordinates":[[[139.648377,35.705429],[139.648215,35.705506],[139.647983,35.705621],[139.64791,35.705657],[139.647891,35.705632],[139.647926,35.705618],[139.648133,35.705518],[139.648363,35.705409],[139.648377,35.705429]]]}},{"type":"Feature","id":"tran_3453d81e-5110-4d0b-b248-8be7ef3061b7","properties":{"gml_id":"tran_3453d81e-5110-4d0b-b248-8be7ef3061b7","mesh":"53394541"},"geometry":{"type":"Polygon","coordinates":[[[139.648946,35.705168],[139.648869,35.705168],[139.648869,35.705129],[139.648876,35.705127],[139.648887,35.705121],[139.6489,35.705109],[139.648903,35.705101],[139.648902,35.705094],[139.648933,35.705087],[139.648936,35.705096],[139.648943,35.705119],[139.648946,35.705127],[139.648946,35.705168]]]}},{"type":"Feature","id":"tran_00425100-d7b2-4324-bbcf-cc8a67ed6842","properties":{"gml_id":"tran_00425100-d7b2-4324-bbcf-cc8a67ed6842","mesh":"53394541"},"geometry":{"type":"Polygon","coordinates":[[[139.648367,35.705101],[139.648348,35.705105],[139.648345,35.705095],[139.648297,35.704936],[139.648316,35.704931],[139.648367,35.705101]]]}},{"type":"Feature","id":"tran_d36d1751-174a-43e7-87bb-97532f53f367","properties":{"gml_id":"tran_d36d1751-174a-43e7-87bb-97532f53f367","mesh":"53394541"},"geometry":{"type":"Polygon","coordinates":[[[139.649744,35.706233],[139.649677,35.706238],[139.649659,35.706229],[139.649644,35.706194],[139.649664,35.706189],[139.649673,35.706172],[139.649736,35.706167],[139.649744,35.706233]]]}},{"type":"Feature","id":"tran_ed13cd53-5cd5-446a-b145-408342fab02f","properties":{"gml_id":"tran_ed13cd53-5cd5-446a-b145-408342fab02f","mesh":"53394541"},"geometry":{"type":"Polygon","coordinates":[[[139.650183,35.706035],[139.649902,35.70604],[139.649785,35.706036],[139.649802,35.705586],[139.649869,35.705588],[139.649953,35.705589],[139.650046,35.705592],[139.650153,35.705595],[139.650203,35.705597],[139.650183,35.706035]]]}},{"type":"Feature","id":"tran_38d04e8f-322d-4cce-8caf-fe0819d5f58c","properties":{"gml_id":"tran_38d04e8f-322d-4cce-8caf-fe0819d5f58c","mesh":"53394541"},"geometry":{"type":"Polygon","coordinates":[[[139.649742,35.704439],[139.649543,35.70444],[139.649536,35.7044],[139.649542,35.704399],[139.649741,35.704398],[139.649742,35.704439]]]}},{"type":"Feature","id":"tran_6c4c03a2-3085-43ae-aa4e-4efbb224df0b","properties":{"gml_id":"tran_6c4c03a2-3085-43ae-aa4e-4efbb224df0b","mesh":"53394541"},"geometry":{"type":"Polygon","coordinates":[[[139.648232,35.702753],[139.648184,35.702779],[139.648156,35.702745],[139.648204,35.702719],[139.648233,35.702752],[139.648232,35.702753]]]}},{"type":"Feature","id":"tran_6ffff275-c694-468b-a080-7b0ac1a597ea","properties":{"gml_id":"tran_6ffff275-c694-468b-a080-7b0ac1a597ea","mesh":"53394541"},"geometry":{"type":"Polygon","coordinates":[[[139.649485,35.705055],[139.649442,35.705064],[139.649433,35.705038],[139.649248,35.7045],[139.649302,35.704489],[139.649431,35.704895],[139.649485,35.705055]]]}},{"type":"Feature","id":"tran_ef0de55b-5791-4005-9253-69a7d223204a","properties":{"gml_id":"tran_ef0de55b-5791-4005-9253-69a7d223204a","mesh":"53394541"},"geometry":{"type":"Polygon","coordinates":[[[139.647682,35.703521],[139.647643,35.703534],[139.647635,35.70353],[139.647629,35.703482],[139.647629,35.703481],[139.647668,35.703476],[139.647682,35.703521]]]}},{"type":"Feature","id":"tran_500a3268-727d-45b5-a03f-da44a4cfc419","properties":{"gml_id":"tran_500a3268-727d-45b5-a03f-da44a4cfc419","mesh":"53394541"},"geometry":{"type":"Polygon","coordinates":[[[139.647867,35.705139],[139.647866,35.705184],[139.647638,35.705177],[139.64764,35.705133],[139.647867,35.705139]]]}},{"type":"Feature","id":"tran_60b4ea4d-0c37-4319-ad20-99b1a7265842","properties":{"gml_id":"tran_60b4ea4d-0c37-4319-ad20-99b1a7265842","mesh":"53394541"},"geometry":{"type":"Polygon","coordinates":[[[139.647888,35.705668],[139.64786,35.705682],[139.647805,35.705708],[139.647631,35.705784],[139.647608,35.70575],[139.64774,35.705694],[139.647855,35.705647],[139.647868,35.705642],[139.647888,35.705668]]]}},{"type":"Feature","id":"tran_2e3c9f34-276b-41b5-8930-8a9f371e429c","properties":{"gml_id":"tran_2e3c9f34-276b-41b5-8930-8a9f371e429c","mesh":"53394541"},"geometry":{"type":"Polygon","coordinates":[[[139.650115,35.703792],[139.650051,35.703808],[139.649764,35.703871],[139.649785,35.703796],[139.650028,35.703743],[139.6501,35.703726],[139.650115,35.703792]]]}},{"type":"Feature","id":"tran_26c5de6b-ea86-40b8-a462-7ccf386a9cf3","properties":{"gml_id":"tran_26c5de6b-ea86-40b8-a462-7ccf386a9cf3","mesh":"53394541"},"geometry":{"type":"Polygon","coordinates":[[[139.649743,35.704683],[139.64955,35.704686],[139.649543,35.70444],[139.649742,35.704439],[139.649743,35.704683]]]}},{"type":"Feature","id":"tran_01487a95-140e-4488-9558-bc2a8176a8a5","properties":{"gml_id":"tran_01487a95-140e-4488-9558-bc2a8176a8a5","mesh":"53394541"},"geometry":{"type":"Polygon","coordinates":[[[139.648364,35.706422],[139.648176,35.706505],[139.648153,35.706479],[139.648345,35.706395],[139.648364,35.706422]]]}},{"type":"Feature","id":"tran_621db0e1-60af-4bdb-918b-9f90589f493c","properties":{"gml_id":"tran_621db0e1-60af-4bdb-918b-9f90589f493c","mesh":"53394541"},"geometry":{"type":"Polygon","coordinates":[[[139.648402,35.705419],[139.648377,35.705429],[139.648363,35.705409],[139.648366,35.705408],[139.648391,35.705399],[139.648402,35.705419]]]}},{"type":"Feature","id":"tran_8440e4c3-ff3f-4839-b2f3-58e353fe5f9a","properties":{"gml_id":"tran_8440e4c3-ff3f-4839-b2f3-58e353fe5f9a","mesh":"53394541"},"geometry":{"type":"Polygon","coordinates":[[[139.649736,35.706167],[139.649673,35.706172],[139.649649,35.70612],[139.649646,35.706114],[139.649726,35.706088],[139.649726,35.70609],[139.649736,35.706167]]]}},{"type":"Feature","id":"tran_6dce90cb-bcd0-4874-af6e-5a56165271fc","properties":{"gml_id":"tran_6dce90cb-bcd0-4874-af6e-5a56165271fc","mesh":"53394541"},"geometry":{"type":"Polygon","coordinates":[[[139.647607,35.70575],[139.647587,35.705757],[139.64753,35.705649],[139.64757,35.705635],[139.647592,35.705675],[139.647571,35.705681],[139.647607,35.70575]]]}},{"type":"Feature","id":"tran_93cefee5-6064-4d73-b681-759c0e2c8e4e","properties":{"gml_id":"tran_93cefee5-6064-4d73-b681-759c0e2c8e4e","mesh":"53394541"},"geometry":{"type":"Polygon","coordinates":[[[139.648879,35.703949],[139.648815,35.703964],[139.648804,35.703935],[139.648805,35.703935],[139.648869,35.703921],[139.648879,35.703949]]]}},{"type":"Feature","id":"tran_72b0f98d-17fd-43fd-8cbc-1881ba9902d9","properties":{"gml_id":"tran_72b0f98d-17fd-43fd-8cbc-1881ba9902d9","mesh":"53394541"},"geometry":{"type":"Polygon","coordinates":[[[139.649733,35.703325],[139.649535,35.703375],[139.649534,35.703216],[139.649732,35.703163],[139.649733,35.703325]]]}},{"type":"Feature","id":"tran_d596903f-3dec-4bff-91c6-4ec8fa10fcac","properties":{"gml_id":"tran_d596903f-3dec-4bff-91c6-4ec8fa10fcac","mesh":"53394541"},"geometry":{"type":"Polygon","coordinates":[[[139.647771,35.703862],[139.647745,35.703892],[139.647738,35.703868],[139.647665,35.703609],[139.647651,35.703559],[139.647643,35.703534],[139.647682,35.703521],[139.647683,35.703526],[139.647691,35.703554],[139.647705,35.703602],[139.647771,35.703862]]]}},{"type":"Feature","id":"tran_26e26c97-257a-4303-8ad6-6f61070647f0","properties":{"gml_id":"tran_26e26c97-257a-4303-8ad6-6f61070647f0","mesh":"53394541"},"geometry":{"type":"Polygon","coordinates":[[[139.648669,35.703332],[139.648668,35.703334],[139.648649,35.703365],[139.648553,35.703347],[139.648532,35.703306],[139.648556,35.703192],[139.648597,35.703208],[139.648669,35.703332]]]}},{"type":"Feature","id":"tran_f8cc7829-f450-47bd-b71c-0bb74b8fc60f","properties":{"gml_id":"tran_f8cc7829-f450-47bd-b71c-0bb74b8fc60f","mesh":"53394541"},"geometry":{"type":"Polygon","coordinates":[[[139.649168,35.70406],[139.649116,35.704078],[139.649087,35.704065],[139.649067,35.704004],[139.649082,35.70398],[139.649126,35.703965],[139.649155,35.703977],[139.649183,35.704036],[139.649168,35.70406]]]}},{"type":"Feature","id":"tran_3cdda644-6c84-44ed-afcb-7e2450adcdae","properties":{"gml_id":"tran_3cdda644-6c84-44ed-afcb-7e2450adcdae","mesh":"53394541"},"geometry":{"type":"Polygon","coordinates":[[[139.649148,35.703533],[139.649017,35.703562],[139.649002,35.703517],[139.649081,35.703499],[139.649148,35.703533]]]}},{"type":"Feature","id":"tran_e5165ca7-d107-4ee8-8f3f-55dffc514641","properties":{"gml_id":"tran_e5165ca7-d107-4ee8-8f3f-55dffc514641","mesh":"53394541"},"geometry":{"type":"Polygon","coordinates":[[[139.647998,35.70346],[139.647767,35.703504],[139.647682,35.703521],[139.647668,35.703476],[139.647871,35.703435],[139.647983,35.703412],[139.647998,35.70346]]]}},{"type":"Feature","id":"tran_5975fc29-3172-4bc7-b568-de686d64ec6c","properties":{"gml_id":"tran_5975fc29-3172-4bc7-b568-de686d64ec6c","mesh":"53394541"},"geometry":{"type":"Polygon","coordinates":[[[139.649302,35.704489],[139.649248,35.7045],[139.64922,35.704486],[139.649208,35.704447],[139.649224,35.704424],[139.649278,35.704412],[139.649306,35.704427],[139.64932,35.704466],[139.649302,35.704489]]]}},{"type":"Feature","id":"tran_e696443b-ecaf-467f-a8f0-8fc430835641","properties":{"gml_id":"tran_e696443b-ecaf-467f-a8f0-8fc430835641","mesh":"53394541"},"geometry":{"type":"Polygon","coordinates":[[[139.649135,35.703466],[139.649095,35.70348],[139.649053,35.703342],[139.649027,35.703259],[139.649069,35.70325],[139.649096,35.703334],[139.649135,35.703466]]]}},{"type":"Feature","id":"tran_b61fd9c3-6927-4899-88ac-79daba5210c7","properties":{"gml_id":"tran_b61fd9c3-6927-4899-88ac-79daba5210c7","mesh":"53394541"},"geometry":{"type":"Polygon","coordinates":[[[139.647891,35.70514],[139.647889,35.705184],[139.647866,35.705184],[139.647867,35.705139],[139.647889,35.705134],[139.647891,35.70514]]]}},{"type":"Feature","id":"tran_6521d1b4-0523-4262-8e6c-8c9b83cefcc9","properties":{"gml_id":"tran_6521d1b4-0523-4262-8e6c-8c9b83cefcc9","mesh":"53394541"},"geometry":{"type":"Polygon","coordinates":[[[139.648933,35.705087],[139.648902,35.705094],[139.648852,35.704933],[139.64881,35.704822],[139.648577,35.704874],[139.648571,35.704875],[139.648566,35.704858],[139.648831,35.704799],[139.648838,35.704797],[139.648839,35.704801],[139.648883,35.704918],[139.64888,35.704918],[139.648883,35.704926],[139.648933,35.705087]]]}},{"type":"Feature","id":"tran_ccbfa73d-92b5-45a7-98a8-5c5e2115fcf4","properties":{"gml_id":"tran_ccbfa73d-92b5-45a7-98a8-5c5e2115fcf4","mesh":"53394541"},"geometry":{"type":"Polygon","coordinates":[[[139.649503,35.70394],[139.649398,35.703971],[139.649371,35.703912],[139.649513,35.70387],[139.649503,35.70394]]]}},{"type":"Feature","id":"tran_70aab5a7-1e96-4f78-882d-20cdca9dbe6a","properties":{"gml_id":"tran_70aab5a7-1e96-4f78-882d-20cdca9dbe6a","mesh":"53394541"},"geometry":{"type":"Polygon","coordinates":[[[139.649349,35.70542],[139.649295,35.70543],[139.649288,35.705402],[139.649268,35.70533],[139.649251,35.705268],[139.649233,35.7052],[139.649223,35.705167],[139.649282,35.705175],[139.649289,35.705201],[139.649309,35.705272],[139.649326,35.705334],[139.649346,35.705407],[139.649349,35.70542]]]}},{"type":"Feature","id":"tran_a49172ff-aea8-4467-9f04-3d391320184e","properties":{"gml_id":"tran_a49172ff-aea8-4467-9f04-3d391320184e","mesh":"53394541"},"geometry":{"type":"Polygon","coordinates":[[[139.649717,35.704864],[139.649719,35.705026],[139.649541,35.705023],[139.649545,35.704861],[139.649717,35.704864]]]}},{"type":"Feature","id":"tran_73fe1f11-2486-48ce-ae09-0af171f1925b","properties":{"gml_id":"tran_73fe1f11-2486-48ce-ae09-0af171f1925b","mesh":"53394541"},"geometry":{"type":"Polygon","coordinates":[[[139.649507,35.705066],[139.649538,35.705163],[139.649483,35.705161],[139.649488,35.705065],[139.649507,35.705066]]]}},{"type":"Feature","id":"tran_c0035406-9154-48dc-9bc1-f8a70ff98996","properties":{"gml_id":"tran_c0035406-9154-48dc-9bc1-f8a70ff98996","mesh":"53394541"},"geometry":{"type":"Polygon","coordinates":[[[139.649078,35.706325],[139.649074,35.706327],[139.649055,35.706299],[139.649086,35.70628],[139.64911,35.706303],[139.649078,35.706325]]]}},{"type":"Feature","id":"tran_a410005c-b543-448a-9847-e35447acfa1c","properties":{"gml_id":"tran_a410005c-b543-448a-9847-e35447acfa1c","mesh":"53394541"},"geometry":{"type":"Polygon","coordinates":[[[139.649764,35.706396],[139.649706,35.706403],[139.649677,35.706238],[139.649744,35.706233],[139.649756,35.706327],[139.649764,35.706396]]]}},{"type":"Feature","id":"tran_9daa8da8-3c12-430d-8020-b3bf286ca867","properties":{"gml_id":"tran_9daa8da8-3c12-430d-8020-b3bf286ca867","mesh":"53394541"},"geometry":{"type":"Polygon","coordinates":[[[139.647771,35.705397],[139.647816,35.705391],[139.647863,35.70542],[139.647779,35.705433],[139.647771,35.705397]]]}},{"type":"Feature","id":"tran_4fbb53a9-3aa4-4653-a222-e55d2e2191aa","properties":{"gml_id":"tran_4fbb53a9-3aa4-4653-a222-e55d2e2191aa","mesh":"53394541"},"geometry":{"type":"Polygon","coordinates":[[[139.649307,35.703999],[139.649183,35.704036],[139.649155,35.703977],[139.64928,35.70394],[139.649307,35.703999]]]}},{"type":"Feature","id":"tran_1171e0a2-89b0-49bb-a1ad-b7778ae0f10b","properties":{"gml_id":"tran_1171e0a2-89b0-49bb-a1ad-b7778ae0f10b","mesh":"53394541"},"geometry":{"type":"Polygon","coordinates":[[[139.648204,35.703782],[139.648115,35.70382],[139.648083,35.703796],[139.648096,35.70378],[139.648188,35.70374],[139.648204,35.703748],[139.648204,35.703782]]]}},{"type":"Feature","id":"tran_753c6298-8044-4cf9-914b-0cb63008eca8","properties":{"gml_id":"tran_753c6298-8044-4cf9-914b-0cb63008eca8","mesh":"53394541"},"geometry":{"type":"Polygon","coordinates":[[[139.648204,35.702719],[139.648156,35.702745],[139.648104,35.702682],[139.648076,35.702646],[139.648124,35.702621],[139.648152,35.702656],[139.648204,35.702719]]]}},{"type":"Feature","id":"tran_00e186c7-d762-4e6e-91a8-f8ff11b50057","properties":{"gml_id":"tran_00e186c7-d762-4e6e-91a8-f8ff11b50057","mesh":"53394541"},"geometry":{"type":"Polygon","coordinates":[[[139.64922,35.704486],[139.649097,35.704513],[139.649084,35.704474],[139.649208,35.704447],[139.64922,35.704486]]]}},{"type":"Feature","id":"tran_937b490e-0804-4952-87dc-148e3b919d54","properties":{"gml_id":"tran_937b490e-0804-4952-87dc-148e3b919d54","mesh":"53394541"},"geometry":{"type":"Polygon","coordinates":[[[139.649135,35.706327],[139.649099,35.706349],[139.649078,35.706325],[139.64911,35.706303],[139.649135,35.706327]]]}},{"type":"Feature","id":"tran_e286f371-6207-48cb-954c-7312f850a011","properties":{"gml_id":"tran_e286f371-6207-48cb-954c-7312f850a011","mesh":"53394541"},"geometry":{"type":"Polygon","coordinates":[[[139.649046,35.704456],[139.648982,35.70447],[139.648877,35.704148],[139.648876,35.704144],[139.64894,35.70413],[139.648941,35.704134],[139.648974,35.704236],[139.649046,35.704456]]]}},{"type":"Feature","id":"tran_8271df0d-10de-40b1-a3ac-051e67524ada","properties":{"gml_id":"tran_8271df0d-10de-40b1-a3ac-051e67524ada","mesh":"53394541"},"geometry":{"type":"Polygon","coordinates":[[[139.649741,35.704398],[139.649542,35.704399],[139.649542,35.704275],[139.649539,35.70396],[139.649738,35.703899],[139.649741,35.704398]]]}},{"type":"Feature","id":"tran_8be46e0d-f213-474f-9779-d400bed42dd0","properties":{"gml_id":"tran_8be46e0d-f213-474f-9779-d400bed42dd0","mesh":"53394541"},"geometry":{"type":"Polygon","coordinates":[[[139.649823,35.706739],[139.64977,35.706781],[139.649736,35.706578],[139.649712,35.706439],[139.64977,35.706433],[139.649793,35.706563],[139.649823,35.706739]]]}},{"type":"Feature","id":"tran_76583d91-efe4-441b-8d01-481c005a0961","properties":{"gml_id":"tran_76583d91-efe4-441b-8d01-481c005a0961","mesh":"53394541"},"geometry":{"type":"Polygon","coordinates":[[[139.649738,35.703899],[139.649539,35.70396],[139.649503,35.70394],[139.649513,35.70387],[139.649538,35.70384],[139.649737,35.703766],[139.649785,35.703796],[139.649764,35.703871],[139.649738,35.703899]]]}},{"type":"Feature","id":"tran_d81aa463-c541-4461-a54f-c8a4fac3ee0a","properties":{"gml_id":"tran_d81aa463-c541-4461-a54f-c8a4fac3ee0a","mesh":"53394541"},"geometry":{"type":"Polygon","coordinates":[[[139.649737,35.703766],[139.649538,35.70384],[139.649536,35.703481],[139.649734,35.703432],[139.649737,35.703766]]]}},{"type":"Feature","id":"tran_4c7f8a2c-5fb5-485c-9786-3cf1b6902d37","properties":{"gml_id":"tran_4c7f8a2c-5fb5-485c-9786-3cf1b6902d37","mesh":"53394541"},"geometry":{"type":"Polygon","coordinates":[[[139.648316,35.704931],[139.648297,35.704936],[139.648291,35.704918],[139.64831,35.704914],[139.648316,35.704931]]]}},{"type":"Feature","id":"tran_6a509db7-5bf9-49da-91bc-44bf5fbc4363","properties":{"gml_id":"tran_6a509db7-5bf9-49da-91bc-44bf5fbc4363","mesh":"53394541"},"geometry":{"type":"Polygon","coordinates":[[[139.647555,35.705127],[139.647553,35.705175],[139.647052,35.705161],[139.647076,35.705114],[139.647555,35.705127]]]}},{"type":"Feature","id":"tran_d58e9ffe-22d2-42ed-a2d3-096eed94e97f","properties":{"gml_id":"tran_d58e9ffe-22d2-42ed-a2d3-096eed94e97f","mesh":"53394541"},"geometry":{"type":"Polygon","coordinates":[[[139.648553,35.703347],[139.648527,35.703353],[139.648512,35.703356],[139.648441,35.703372],[139.648356,35.703387],[139.648111,35.703437],[139.648097,35.70339],[139.648218,35.703366],[139.648225,35.703367],[139.648501,35.703312],[139.64851,35.703311],[139.648532,35.703306],[139.648553,35.703347]]]}},{"type":"Feature","id":"tran_b74b5cc5-cd9c-4575-b5c7-7d4da4867c81","properties":{"gml_id":"tran_b74b5cc5-cd9c-4575-b5c7-7d4da4867c81","mesh":"53394541"},"geometry":{"type":"Polygon","coordinates":[[[139.648495,35.706552],[139.64846,35.706568],[139.648364,35.706422],[139.648399,35.706407],[139.648495,35.706552]]]}},{"type":"Feature","id":"tran_9c0ee517-e8ab-44c1-a3b7-0825798c9613","properties":{"gml_id":"tran_9c0ee517-e8ab-44c1-a3b7-0825798c9613","mesh":"53394541"},"geometry":{"type":"Polygon","coordinates":[[[139.64789,35.705631],[139.647868,35.705642],[139.647808,35.70556],[139.647751,35.705483],[139.647739,35.705466],[139.647765,35.705454],[139.64783,35.705549],[139.64789,35.705631]]]}},{"type":"Feature","id":"tran_8d63b17b-86f5-4974-9299-501377ecbfbc","properties":{"gml_id":"tran_8d63b17b-86f5-4974-9299-501377ecbfbc","mesh":"53394542"},"geometry":{"type":"Polygon","coordinates":[[[139.651514,35.702805],[139.651484,35.702811],[139.651085,35.702882],[139.65098,35.702763],[139.651448,35.702679],[139.651479,35.702673],[139.651514,35.702805]]]}},{"type":"Feature","id":"tran_6ff4baeb-66bd-421c-90e1-75733231ac49","properties":{"gml_id":"tran_6ff4baeb-66bd-421c-90e1-75733231ac49","mesh":"53394542"},"geometry":{"type":"Polygon","coordinates":[[[139.652767,35.705666],[139.652476,35.705843],[139.652375,35.705897],[139.65237,35.7059],[139.652363,35.7059],[139.652312,35.7059],[139.652311,35.705904],[139.652268,35.705904],[139.65195,35.705867],[139.651954,35.70584],[139.652268,35.705871],[139.652352,35.705871],[139.652379,35.705856],[139.652494,35.705794],[139.652742,35.705638],[139.652767,35.705666]]]}},{"type":"Feature","id":"tran_d8bb1d1c-4fbf-41ba-bf75-76070afac044","properties":{"gml_id":"tran_d8bb1d1c-4fbf-41ba-bf75-76070afac044","mesh":"53394542"},"geometry":{"type":"Polygon","coordinates":[[[139.651969,35.704942],[139.651811,35.705008],[139.651793,35.704977],[139.65195,35.704911],[139.651969,35.704942]]]}},{"type":"Feature","id":"tran_c3fff9a0-5f57-4815-8b41-c5aa0fa61bbe","properties":{"gml_id":"tran_c3fff9a0-5f57-4815-8b41-c5aa0fa61bbe","mesh":"53394542"},"geometry":{"type":"Polygon","coordinates":[[[139.651709,35.703346],[139.651666,35.703354],[139.651594,35.703091],[139.651637,35.703083],[139.651655,35.703148],[139.651688,35.70327],[139.651709,35.703346]]]}},{"type":"Feature","id":"tran_f36360b8-21a6-4517-a141-5e9e40f9da1e","properties":{"gml_id":"tran_f36360b8-21a6-4517-a141-5e9e40f9da1e","mesh":"53394542"},"geometry":{"type":"Polygon","coordinates":[[[139.651661,35.703444],[139.651621,35.703452],[139.651277,35.703513],[139.651259,35.703447],[139.651603,35.703386],[139.651648,35.703377],[139.651661,35.703444]]]}},{"type":"Feature","id":"tran_2241348a-6faa-4a9b-8ccc-96ca3600bbf1","properties":{"gml_id":"tran_2241348a-6faa-4a9b-8ccc-96ca3600bbf1","mesh":"53394542"},"geometry":{"type":"Polygon","coordinates":[[[139.652082,35.70339],[139.652039,35.703398],[139.652001,35.703379],[139.651951,35.703319],[139.651968,35.703296],[139.652011,35.703288],[139.652039,35.703302],[139.652106,35.703359],[139.652082,35.70339]]]}},{"type":"Feature","id":"tran_2ea0fb8f-534c-4572-8d0b-9898c427250c","properties":{"gml_id":"tran_2ea0fb8f-534c-4572-8d0b-9898c427250c","mesh":"53394542"},"geometry":{"type":"Polygon","coordinates":[[[139.652001,35.703379],[139.651803,35.703417],[139.651738,35.70336],[139.651951,35.703319],[139.652001,35.703379]]]}},{"type":"Feature","id":"tran_62bfff15-2e37-48c3-a018-3ae1411a8604","properties":{"gml_id":"tran_62bfff15-2e37-48c3-a018-3ae1411a8604","mesh":"53394542"},"geometry":{"type":"Polygon","coordinates":[[[139.651731,35.703631],[139.651336,35.703704],[139.651326,35.703669],[139.651722,35.703595],[139.651731,35.703631]]]}},{"type":"Feature","id":"tran_a53c9d82-cec7-423d-9a7e-44b84eeea5bc","properties":{"gml_id":"tran_a53c9d82-cec7-423d-9a7e-44b84eeea5bc","mesh":"53394542"},"geometry":{"type":"Polygon","coordinates":[[[139.651637,35.703083],[139.651594,35.703091],[139.651566,35.703076],[139.651551,35.703023],[139.651569,35.703001],[139.651612,35.702993],[139.65164,35.703007],[139.651654,35.70306],[139.651637,35.703083]]]}},{"type":"Feature","id":"tran_c213d3ed-0741-40e5-a45a-fa5eef325adf","properties":{"gml_id":"tran_c213d3ed-0741-40e5-a45a-fa5eef325adf","mesh":"53394542"},"geometry":{"type":"Polygon","coordinates":[[[139.651566,35.703076],[139.651174,35.703148],[139.651152,35.703096],[139.651551,35.703023],[139.651566,35.703076]]]}},{"type":"Feature","id":"tran_6aaf2f74-01da-4beb-83c1-26864b62c2b3","properties":{"gml_id":"tran_6aaf2f74-01da-4beb-83c1-26864b62c2b3","mesh":"53394542"},"geometry":{"type":"Polygon","coordinates":[[[139.651803,35.703561],[139.651739,35.703573],[139.651709,35.703468],[139.651773,35.703456],[139.651803,35.703561]]]}},{"type":"Feature","id":"tran_d0a186a3-0dea-4aca-86a5-2a6788437c02","properties":{"gml_id":"tran_d0a186a3-0dea-4aca-86a5-2a6788437c02","mesh":"53394542"},"geometry":{"type":"Polygon","coordinates":[[[139.652285,35.706445],[139.651751,35.706502],[139.651768,35.706459],[139.652282,35.706405],[139.652285,35.706445]]]}},{"type":"Feature","id":"tran_02acde88-27a4-469e-9c2a-e498f4890999","properties":{"gml_id":"tran_02acde88-27a4-469e-9c2a-e498f4890999","mesh":"53394542"},"geometry":{"type":"Polygon","coordinates":[[[139.651612,35.702993],[139.651569,35.703001],[139.651514,35.702805],[139.651558,35.702797],[139.651612,35.702993]]]}},{"type":"Feature","id":"tran_e9745a62-6f9a-462f-96ac-6ff8780d4cd9","properties":{"gml_id":"tran_e9745a62-6f9a-462f-96ac-6ff8780d4cd9","mesh":"53394542"},"geometry":{"type":"Polygon","coordinates":[[[139.651558,35.702797],[139.651514,35.702805],[139.651479,35.702673],[139.651524,35.702665],[139.651558,35.702797]]]}},{"type":"Feature","id":"tran_18994e1d-d504-47da-bd6e-b1c696891397","properties":{"gml_id":"tran_18994e1d-d504-47da-bd6e-b1c696891397","mesh":"53394542"},"geometry":{"type":"Polygon","coordinates":[[[139.651262,35.70434],[139.651311,35.70438],[139.65136,35.704414],[139.651558,35.704567],[139.651692,35.704742],[139.651726,35.704822],[139.651781,35.704973],[139.651738,35.704972],[139.651689,35.704832],[139.65166,35.704764],[139.651657,35.704756],[139.651528,35.704587],[139.651334,35.704438],[139.651287,35.704405],[139.651203,35.704376],[139.651262,35.70434]]]}},{"type":"Feature","id":"tran_67841b35-abc3-4593-914d-838f3af5766b","properties":{"gml_id":"tran_67841b35-abc3-4593-914d-838f3af5766b","mesh":"53394542"},"geometry":{"type":"Polygon","coordinates":[[[139.651773,35.703456],[139.651709,35.703468],[139.651661,35.703444],[139.651648,35.703377],[139.651666,35.703354],[139.651709,35.703346],[139.651738,35.70336],[139.651803,35.703417],[139.651773,35.703456]]]}},{"type":"Feature","id":"tran_8fb00cc0-fbe6-449e-91c3-0ba50cc0d2af","properties":{"gml_id":"tran_8fb00cc0-fbe6-449e-91c3-0ba50cc0d2af","mesh":"53394542"},"geometry":{"type":"Polygon","coordinates":[[[139.651857,35.703967],[139.651714,35.704064],[139.651576,35.704151],[139.651564,35.704158],[139.651569,35.704087],[139.651672,35.704022],[139.651815,35.703925],[139.651857,35.703967]]]}},{"type":"Feature","id":"tran_6dda3589-54fa-4559-a734-cf7d06e48e48","properties":{"gml_id":"tran_6dda3589-54fa-4559-a734-cf7d06e48e48","mesh":"53394542"},"geometry":{"type":"Polygon","coordinates":[[[139.652015,35.704936],[139.651989,35.704949],[139.651969,35.704942],[139.65195,35.704911],[139.652006,35.704888],[139.652023,35.704919],[139.652015,35.704936]]]}},{"type":"Feature","id":"tran_199d50e8-9837-493e-8c7a-246c8041ac72","properties":{"gml_id":"tran_199d50e8-9837-493e-8c7a-246c8041ac72","mesh":"53394542"},"geometry":{"type":"Polygon","coordinates":[[[139.651942,35.703028],[139.651899,35.703036],[139.65187,35.703021],[139.651856,35.702968],[139.651946,35.702952],[139.65196,35.703004],[139.651942,35.703028]]]}},{"type":"Feature","id":"tran_0e6177c6-f21f-4a83-b6e8-41c35ca80cd6","properties":{"gml_id":"tran_0e6177c6-f21f-4a83-b6e8-41c35ca80cd6","mesh":"53394542"},"geometry":{"type":"Polygon","coordinates":[[[139.652144,35.703844],[139.651953,35.703915],[139.651927,35.703866],[139.652117,35.703795],[139.652144,35.703844]]]}},{"type":"Feature","id":"tran_ca376a3e-d137-4d6c-a029-3cb3781ea64c","properties":{"gml_id":"tran_ca376a3e-d137-4d6c-a029-3cb3781ea64c","mesh":"53394542"},"geometry":{"type":"Polygon","coordinates":[[[139.651824,35.703632],[139.651759,35.703645],[139.651731,35.703631],[139.651722,35.703595],[139.651739,35.703573],[139.651803,35.703561],[139.651824,35.703632]]]}},{"type":"Feature","id":"tran_8c252845-b00c-422a-b476-547499e40898","properties":{"gml_id":"tran_8c252845-b00c-422a-b476-547499e40898","mesh":"53394542"},"geometry":{"type":"Polygon","coordinates":[[[139.652223,35.702957],[139.65196,35.703004],[139.651946,35.702952],[139.65221,35.702904],[139.652223,35.702957]]]}},{"type":"Feature","id":"tran_a3081dba-4a51-4601-bd59-cf4808c3dc54","properties":{"gml_id":"tran_a3081dba-4a51-4601-bd59-cf4808c3dc54","mesh":"53394542"},"geometry":{"type":"Polygon","coordinates":[[[139.652011,35.703288],[139.651968,35.703296],[139.651949,35.703224],[139.651933,35.703166],[139.651899,35.703036],[139.651942,35.703028],[139.652011,35.703288]]]}},{"type":"Feature","id":"tran_bff59055-15e0-46e2-a507-52cb2d034ac3","properties":{"gml_id":"tran_bff59055-15e0-46e2-a507-52cb2d034ac3","mesh":"53394542"},"geometry":{"type":"Polygon","coordinates":[[[139.65209,35.704272],[139.651972,35.704312],[139.65187,35.70434],[139.651745,35.704369],[139.651719,35.704362],[139.651537,35.704174],[139.651564,35.704158],[139.651742,35.704342],[139.65186,35.704314],[139.65196,35.704287],[139.652026,35.704265],[139.652072,35.704249],[139.652074,35.704248],[139.65209,35.704272]]]}},{"type":"Feature","id":"tran_84aaecc1-1869-4c69-a040-d54ff2b631b2","properties":{"gml_id":"tran_84aaecc1-1869-4c69-a040-d54ff2b631b2","mesh":"53394542"},"geometry":{"type":"Polygon","coordinates":[[[139.652165,35.702682],[139.651558,35.702797],[139.651524,35.702665],[139.652064,35.702562],[139.652122,35.702551],[139.652165,35.702682]]]}},{"type":"Feature","id":"tran_2ec8205c-c45d-41fd-a603-f82145c87e13","properties":{"gml_id":"tran_2ec8205c-c45d-41fd-a603-f82145c87e13","mesh":"53394542"},"geometry":{"type":"Polygon","coordinates":[[[139.65187,35.703021],[139.651654,35.70306],[139.65164,35.703007],[139.651856,35.702968],[139.65187,35.703021]]]}},{"type":"Feature","id":"tran_d2e98d1c-a264-4452-a026-aed48e39e724","properties":{"gml_id":"tran_d2e98d1c-a264-4452-a026-aed48e39e724","mesh":"53394542"},"geometry":{"type":"Polygon","coordinates":[[[139.651886,35.70385],[139.651822,35.703865],[139.651759,35.703645],[139.651824,35.703632],[139.651886,35.70385]]]}},{"type":"Feature","id":"tran_f6055db0-503f-47c3-9c3f-29a4643ba1af","properties":{"gml_id":"tran_f6055db0-503f-47c3-9c3f-29a4643ba1af","mesh":"53394542"},"geometry":{"type":"Polygon","coordinates":[[[139.652015,35.704936],[139.652157,35.705274],[139.652124,35.705269],[139.651989,35.704949],[139.652015,35.704936]]]}},{"type":"Feature","id":"tran_47b83cf1-ec3f-48a9-b830-97798bd5f64b","properties":{"gml_id":"tran_47b83cf1-ec3f-48a9-b830-97798bd5f64b","mesh":"53394542"},"geometry":{"type":"Polygon","coordinates":[[[139.651953,35.703915],[139.651909,35.703932],[139.651857,35.703967],[139.651815,35.703925],[139.65183,35.703891],[139.651822,35.703865],[139.651886,35.70385],[139.651927,35.703866],[139.651953,35.703915]]]}},{"type":"Feature","id":"tran_da4edfcf-06b2-43d0-9624-4330fdaf080d","properties":{"gml_id":"tran_da4edfcf-06b2-43d0-9624-4330fdaf080d","mesh":"53394542"},"geometry":{"type":"Polygon","coordinates":[[[139.650669,35.706179],[139.650661,35.706232],[139.650621,35.706228],[139.65058,35.706225],[139.650591,35.706169],[139.650669,35.706179]]]}},{"type":"Feature","id":"tran_f16f5558-80a3-4585-8984-b3f335de3e53","properties":{"gml_id":"tran_f16f5558-80a3-4585-8984-b3f335de3e53","mesh":"53394542"},"geometry":{"type":"Polygon","coordinates":[[[139.651262,35.70434],[139.651203,35.704376],[139.651194,35.704369],[139.651254,35.704334],[139.651262,35.70434]]]}},{"type":"Feature","id":"tran_9aaba11a-3333-47d6-9ccb-9155a5e7f23d","properties":{"gml_id":"tran_9aaba11a-3333-47d6-9ccb-9155a5e7f23d","mesh":"53394542"},"geometry":{"type":"Polygon","coordinates":[[[139.650643,35.706524],[139.650655,35.706779],[139.650543,35.706745],[139.650532,35.706528],[139.650643,35.706524]]]}},{"type":"Feature","id":"tran_34a4925e-9341-4c7d-92b2-e3945d3f6e2f","properties":{"gml_id":"tran_34a4925e-9341-4c7d-92b2-e3945d3f6e2f","mesh":"53394542"},"geometry":{"type":"Polygon","coordinates":[[[139.650095,35.703377],[139.65003,35.703388],[139.649983,35.703364],[139.649964,35.703312],[139.649993,35.703274],[139.650059,35.703263],[139.650106,35.703286],[139.650124,35.703339],[139.650095,35.703377]]]}},{"type":"Feature","id":"tran_b28d04f7-17ec-4d9a-9024-a40d5ca06819","properties":{"gml_id":"tran_b28d04f7-17ec-4d9a-9024-a40d5ca06819","mesh":"53394542"},"geometry":{"type":"Polygon","coordinates":[[[139.652111,35.705283],[139.652125,35.705322],[139.65207,35.705322],[139.651951,35.705312],[139.65194,35.705281],[139.652111,35.705283]]]}},{"type":"Feature","id":"tran_18efce2e-5072-4367-8573-5f3751638f3f","properties":{"gml_id":"tran_18efce2e-5072-4367-8573-5f3751638f3f","mesh":"53394542"},"geometry":{"type":"Polygon","coordinates":[[[139.65073,35.70364],[139.650652,35.703659],[139.650514,35.703694],[139.650489,35.703629],[139.650628,35.703594],[139.650694,35.703578],[139.65073,35.70364]]]}},{"type":"Feature","id":"tran_4d69db7b-1cf9-4f0f-8d8b-33c5e468e53d","properties":{"gml_id":"tran_4d69db7b-1cf9-4f0f-8d8b-33c5e468e53d","mesh":"53394542"},"geometry":{"type":"Polygon","coordinates":[[[139.65212,35.70559],[139.651989,35.705591],[139.651946,35.705467],[139.652032,35.705466],[139.652102,35.705466],[139.652119,35.705466],[139.65212,35.70559]]]}},{"type":"Feature","id":"tran_b3b6941b-cf22-475d-b8a4-d6d39be431e3","properties":{"gml_id":"tran_b3b6941b-cf22-475d-b8a4-d6d39be431e3","mesh":"53394542"},"geometry":{"type":"Polygon","coordinates":[[[139.650643,35.706524],[139.650532,35.706528],[139.65053,35.706483],[139.65053,35.706481],[139.650526,35.706449],[139.650523,35.706428],[139.650633,35.706417],[139.650671,35.706441],[139.650682,35.706441],[139.650682,35.706497],[139.650643,35.706524]]]}},{"type":"Feature","id":"tran_38ebe978-24e4-45a1-805b-e1733043ad52","properties":{"gml_id":"tran_38ebe978-24e4-45a1-805b-e1733043ad52","mesh":"53394542"},"geometry":{"type":"Polygon","coordinates":[[[139.651005,35.703178],[139.650693,35.703235],[139.650665,35.703185],[139.650989,35.703126],[139.651005,35.703178]]]}},{"type":"Feature","id":"tran_aff760ee-c480-4888-9981-2e4ce4ffc68e","properties":{"gml_id":"tran_aff760ee-c480-4888-9981-2e4ce4ffc68e","mesh":"53394542"},"geometry":{"type":"Polygon","coordinates":[[[139.651749,35.706279],[139.651627,35.706275],[139.651584,35.706274],[139.651464,35.706273],[139.651464,35.706283],[139.651164,35.706273],[139.651165,35.706244],[139.651294,35.706248],[139.651431,35.706248],[139.651563,35.706247],[139.651626,35.706248],[139.65175,35.706252],[139.651749,35.706279]]]}},{"type":"Feature","id":"tran_efb69f33-944d-404f-928a-82054fea4665","properties":{"gml_id":"tran_efb69f33-944d-404f-928a-82054fea4665","mesh":"53394542"},"geometry":{"type":"Polygon","coordinates":[[[139.650059,35.703263],[139.649993,35.703274],[139.649942,35.703114],[139.650007,35.7031],[139.650059,35.703263]]]}},{"type":"Feature","id":"tran_9a899467-9e22-4a70-be0c-d6ede32342d4","properties":{"gml_id":"tran_9a899467-9e22-4a70-be0c-d6ede32342d4","mesh":"53394542"},"geometry":{"type":"Polygon","coordinates":[[[139.650633,35.706417],[139.650523,35.706428],[139.650519,35.706404],[139.650501,35.70634],[139.650473,35.706247],[139.65058,35.706225],[139.650608,35.706319],[139.650628,35.706388],[139.650633,35.706417]]]}},{"type":"Feature","id":"tran_030aca7b-85df-47af-bca2-6470297882f5","properties":{"gml_id":"tran_030aca7b-85df-47af-bca2-6470297882f5","mesh":"53394542"},"geometry":{"type":"Polygon","coordinates":[[[139.651114,35.703549],[139.650871,35.703606],[139.650831,35.703545],[139.650878,35.703534],[139.651093,35.703484],[139.651114,35.703549]]]}},{"type":"Feature","id":"tran_0ac74c14-1878-46e0-9ba6-a77e06d11a28","properties":{"gml_id":"tran_0ac74c14-1878-46e0-9ba6-a77e06d11a28","mesh":"53394542"},"geometry":{"type":"Polygon","coordinates":[[[139.650436,35.702996],[139.650033,35.703066],[139.649999,35.702933],[139.650402,35.702864],[139.650436,35.702996]]]}},{"type":"Feature","id":"tran_03800ed8-25b8-440a-931c-d9ba44e8a56d","properties":{"gml_id":"tran_03800ed8-25b8-440a-931c-d9ba44e8a56d","mesh":"53394542"},"geometry":{"type":"Polygon","coordinates":[[[139.651421,35.705598],[139.651349,35.7056],[139.651174,35.705604],[139.651051,35.705606],[139.651009,35.705607],[139.651007,35.70548],[139.651299,35.705476],[139.651418,35.705474],[139.651421,35.705598]]]}},{"type":"Feature","id":"tran_a7fd2219-e61c-4a02-ad88-65f189d02cbe","properties":{"gml_id":"tran_a7fd2219-e61c-4a02-ad88-65f189d02cbe","mesh":"53394542"},"geometry":{"type":"Polygon","coordinates":[[[139.65195,35.705867],[139.651894,35.705898],[139.651884,35.705884],[139.651915,35.705854],[139.651954,35.70584],[139.65195,35.705867]]]}},{"type":"Feature","id":"tran_f7a48795-f79a-454b-9d63-79d66e2d7826","properties":{"gml_id":"tran_f7a48795-f79a-454b-9d63-79d66e2d7826","mesh":"53394542"},"geometry":{"type":"Polygon","coordinates":[[[139.651884,35.705884],[139.651835,35.705884],[139.65173,35.705885],[139.651567,35.705888],[139.651423,35.705889],[139.651421,35.705623],[139.651421,35.705605],[139.651421,35.705598],[139.65146,35.705598],[139.65146,35.705604],[139.65146,35.705623],[139.651461,35.705839],[139.651482,35.705853],[139.651566,35.705852],[139.651566,35.705858],[139.651729,35.705855],[139.651835,35.705854],[139.651886,35.705854],[139.651915,35.705854],[139.651884,35.705884]]]}},{"type":"Feature","id":"tran_571ec114-b0c1-4881-8798-c6d35025d58d","properties":{"gml_id":"tran_571ec114-b0c1-4881-8798-c6d35025d58d","mesh":"53394542"},"geometry":{"type":"Polygon","coordinates":[[[139.651803,35.705025],[139.651913,35.705266],[139.651861,35.705236],[139.651769,35.705036],[139.651803,35.705025]]]}},{"type":"Feature","id":"tran_5b46e132-b6fe-4a70-8de5-3b627d9db36f","properties":{"gml_id":"tran_5b46e132-b6fe-4a70-8de5-3b627d9db36f","mesh":"53394542"},"geometry":{"type":"Polygon","coordinates":[[[139.650545,35.703009],[139.650485,35.703027],[139.65048,35.703016],[139.650436,35.702996],[139.650402,35.702864],[139.650535,35.702841],[139.650569,35.702973],[139.650545,35.703009]]]}},{"type":"Feature","id":"tran_2400938c-8006-4b98-a491-920417a00877","properties":{"gml_id":"tran_2400938c-8006-4b98-a491-920417a00877","mesh":"53394542"},"geometry":{"type":"Polygon","coordinates":[[[139.651761,35.706452],[139.651713,35.706462],[139.65176,35.706279],[139.651803,35.706286],[139.651803,35.706288],[139.651761,35.706452]]]}},{"type":"Feature","id":"tran_25d60a19-ff1a-474b-8fb7-bd32e826b0cf","properties":{"gml_id":"tran_25d60a19-ff1a-474b-8fb7-bd32e826b0cf","mesh":"53394542"},"geometry":{"type":"Polygon","coordinates":[[[139.651322,35.703728],[139.651241,35.703758],[139.651202,35.70369],[139.651283,35.703659],[139.651313,35.703671],[139.651326,35.703669],[139.651336,35.703704],[139.651322,35.703728]]]}},{"type":"Feature","id":"tran_09adec50-9e4c-49e4-a480-a45f23d0df36","properties":{"gml_id":"tran_09adec50-9e4c-49e4-a480-a45f23d0df36","mesh":"53394542"},"geometry":{"type":"Polygon","coordinates":[[[139.651254,35.704334],[139.651194,35.704369],[139.651175,35.704297],[139.651181,35.704262],[139.651234,35.704227],[139.651276,35.704235],[139.651254,35.704334]]]}},{"type":"Feature","id":"tran_5a94637b-ba0b-418c-b335-a54db759bfaa","properties":{"gml_id":"tran_5a94637b-ba0b-418c-b335-a54db759bfaa","mesh":"53394542"},"geometry":{"type":"Polygon","coordinates":[[[139.65105,35.706229],[139.651043,35.706274],[139.651006,35.70627],[139.651014,35.706225],[139.65105,35.706223],[139.65105,35.706229]]]}},{"type":"Feature","id":"tran_1bdf2c15-ba0f-49b1-8da9-78bd0005cdd7","properties":{"gml_id":"tran_1bdf2c15-ba0f-49b1-8da9-78bd0005cdd7","mesh":"53394542"},"geometry":{"type":"Polygon","coordinates":[[[139.651989,35.705591],[139.651937,35.705591],[139.651882,35.705468],[139.651946,35.705467],[139.651989,35.705591]]]}},{"type":"Feature","id":"tran_b6c87974-455c-447b-8e5c-8f8ef59cc8a1","properties":{"gml_id":"tran_b6c87974-455c-447b-8e5c-8f8ef59cc8a1","mesh":"53394542"},"geometry":{"type":"Polygon","coordinates":[[[139.650901,35.704603],[139.65088,35.704613],[139.650822,35.704634],[139.650745,35.704653],[139.650717,35.704589],[139.650724,35.704588],[139.650794,35.70457],[139.650842,35.704553],[139.650858,35.704545],[139.650901,35.704603]]]}},{"type":"Feature","id":"tran_d8e1551f-9e5c-4f13-ab49-ced8ec38b612","properties":{"gml_id":"tran_d8e1551f-9e5c-4f13-ab49-ced8ec38b612","mesh":"53394542"},"geometry":{"type":"Polygon","coordinates":[[[139.651751,35.706502],[139.651699,35.706864],[139.651647,35.706764],[139.65168,35.706536],[139.651751,35.706502]]]}},{"type":"Feature","id":"tran_de158805-b33e-4df3-9b4a-dd4f14dd9b63","properties":{"gml_id":"tran_de158805-b33e-4df3-9b4a-dd4f14dd9b63","mesh":"53394542"},"geometry":{"type":"Polygon","coordinates":[[[139.650375,35.703729],[139.650324,35.703742],[139.650257,35.703758],[139.650238,35.703692],[139.6503,35.703678],[139.650351,35.703665],[139.650375,35.703729]]]}},{"type":"Feature","id":"tran_75d7c63c-f439-4b78-9194-55696fbfe46a","properties":{"gml_id":"tran_75d7c63c-f439-4b78-9194-55696fbfe46a","mesh":"53394542"},"geometry":{"type":"Polygon","coordinates":[[[139.650741,35.70469],[139.650681,35.704704],[139.650637,35.704684],[139.65061,35.70462],[139.650612,35.70462],[139.650717,35.704589],[139.650745,35.704653],[139.650734,35.704669],[139.650741,35.70469]]]}},{"type":"Feature","id":"tran_571e5668-bbcf-45dc-a045-dae5c945467f","properties":{"gml_id":"tran_571e5668-bbcf-45dc-a045-dae5c945467f","mesh":"53394542"},"geometry":{"type":"Polygon","coordinates":[[[139.651211,35.703423],[139.651121,35.703445],[139.651052,35.703202],[139.651144,35.703186],[139.651211,35.703423]]]}},{"type":"Feature","id":"tran_b48b7585-d761-4742-a928-8c0091daf7e5","properties":{"gml_id":"tran_b48b7585-d761-4742-a928-8c0091daf7e5","mesh":"53394542"},"geometry":{"type":"Polygon","coordinates":[[[139.65195,35.705867],[139.651943,35.705893],[139.651909,35.705992],[139.651876,35.706085],[139.651867,35.706109],[139.651815,35.706255],[139.65176,35.706242],[139.651807,35.706126],[139.651843,35.706035],[139.651867,35.705972],[139.651894,35.705898],[139.65195,35.705867]]]}},{"type":"Feature","id":"tran_dc56daae-f6d1-478c-9f62-53dd5a5c9849","properties":{"gml_id":"tran_dc56daae-f6d1-478c-9f62-53dd5a5c9849","mesh":"53394542"},"geometry":{"type":"Polygon","coordinates":[[[139.651731,35.705034],[139.651433,35.705104],[139.651426,35.705086],[139.651294,35.705119],[139.651174,35.705146],[139.651029,35.705175],[139.650966,35.705184],[139.650958,35.705154],[139.651019,35.705143],[139.651159,35.705115],[139.651159,35.705114],[139.65143,35.705054],[139.651725,35.704991],[139.651731,35.705034]]]}},{"type":"Feature","id":"tran_ca25bf60-9ec5-47b2-9fb6-7deae373b1ae","properties":{"gml_id":"tran_ca25bf60-9ec5-47b2-9fb6-7deae373b1ae","mesh":"53394542"},"geometry":{"type":"Polygon","coordinates":[[[139.651564,35.704158],[139.651537,35.704174],[139.651405,35.704155],[139.651426,35.70409],[139.651516,35.704076],[139.651569,35.704087],[139.651564,35.704158]]]}},{"type":"Feature","id":"tran_503612f7-1e43-4cda-aae5-8e02e888a599","properties":{"gml_id":"tran_503612f7-1e43-4cda-aae5-8e02e888a599","mesh":"53394542"},"geometry":{"type":"Polygon","coordinates":[[[139.650782,35.703525],[139.650719,35.703538],[139.650602,35.703282],[139.650667,35.703275],[139.650782,35.703525]]]}},{"type":"Feature","id":"tran_d0fdb66f-c841-496b-9cd2-afa4b37537fa","properties":{"gml_id":"tran_d0fdb66f-c841-496b-9cd2-afa4b37537fa","mesh":"53394542"},"geometry":{"type":"Polygon","coordinates":[[[139.651194,35.704369],[139.65118,35.704377],[139.651065,35.704475],[139.651039,35.704497],[139.651027,35.704507],[139.650967,35.704461],[139.651039,35.704399],[139.651126,35.704325],[139.651175,35.704297],[139.651194,35.704369]]]}},{"type":"Feature","id":"tran_3b0c6fbc-72ee-4c8b-bfed-f2f9776d3e56","properties":{"gml_id":"tran_3b0c6fbc-72ee-4c8b-bfed-f2f9776d3e56","mesh":"53394542"},"geometry":{"type":"Polygon","coordinates":[[[139.650383,35.705182],[139.65038,35.70523],[139.650302,35.705227],[139.650197,35.705203],[139.650181,35.7052],[139.650147,35.705197],[139.650201,35.704748],[139.650244,35.704725],[139.650238,35.704655],[139.650304,35.704651],[139.650355,35.70468],[139.650362,35.704678],[139.650385,35.704743],[139.650364,35.704765],[139.650345,35.705148],[139.650383,35.705182]]]}},{"type":"Feature","id":"tran_784853bf-13b5-410d-8ecc-b01e358bf3e6","properties":{"gml_id":"tran_784853bf-13b5-410d-8ecc-b01e358bf3e6","mesh":"53394542"},"geometry":{"type":"Polygon","coordinates":[[[139.650907,35.705163],[139.650901,35.705253],[139.650859,35.705251],[139.650803,35.705249],[139.650806,35.7052],[139.650842,35.705163],[139.650903,35.705149],[139.650907,35.705163]]]}},{"type":"Feature","id":"tran_d3c3f27a-7121-452a-991f-555dd7feb0ad","properties":{"gml_id":"tran_d3c3f27a-7121-452a-991f-555dd7feb0ad","mesh":"53394542"},"geometry":{"type":"Polygon","coordinates":[[[139.651195,35.706397],[139.651158,35.706403],[139.651144,35.706348],[139.651135,35.706311],[139.651172,35.706305],[139.651181,35.706342],[139.651195,35.706397]]]}},{"type":"Feature","id":"tran_f5ef98b6-8ef6-43f1-a303-fe0f622360c7","properties":{"gml_id":"tran_f5ef98b6-8ef6-43f1-a303-fe0f622360c7","mesh":"53394542"},"geometry":{"type":"Polygon","coordinates":[[[139.651283,35.703659],[139.651202,35.70369],[139.651195,35.703677],[139.651162,35.703572],[139.651247,35.703552],[139.651279,35.703653],[139.651283,35.703659]]]}},{"type":"Feature","id":"tran_f67763a1-7a58-4b29-a856-786d591072a4","properties":{"gml_id":"tran_f67763a1-7a58-4b29-a856-786d591072a4","mesh":"53394542"},"geometry":{"type":"Polygon","coordinates":[[[139.651713,35.706462],[139.651643,35.706502],[139.651618,35.7065],[139.651372,35.706498],[139.651237,35.706497],[139.651238,35.706457],[139.65126,35.706456],[139.651327,35.706457],[139.651425,35.706458],[139.651519,35.706459],[139.651646,35.706461],[139.651713,35.706462]]]}},{"type":"Feature","id":"tran_79294585-52a4-4889-9707-16e05a20e4d5","properties":{"gml_id":"tran_79294585-52a4-4889-9707-16e05a20e4d5","mesh":"53394542"},"geometry":{"type":"Polygon","coordinates":[[[139.650616,35.703163],[139.650551,35.703171],[139.650485,35.703027],[139.650545,35.703009],[139.650616,35.703163]]]}},{"type":"Feature","id":"tran_c3874f9d-cfac-4c64-8de9-304a26e99689","properties":{"gml_id":"tran_c3874f9d-cfac-4c64-8de9-304a26e99689","mesh":"53394542"},"geometry":{"type":"Polygon","coordinates":[[[139.651014,35.706225],[139.651006,35.70627],[139.650874,35.706254],[139.650761,35.706242],[139.650769,35.706192],[139.651014,35.706225]]]}},{"type":"Feature","id":"tran_7b629438-46ff-4a17-a609-a815b85f4308","properties":{"gml_id":"tran_7b629438-46ff-4a17-a609-a815b85f4308","mesh":"53394542"},"geometry":{"type":"Polygon","coordinates":[[[139.651114,35.706497],[139.651046,35.706497],[139.650882,35.706497],[139.650682,35.706497],[139.650682,35.706441],[139.650812,35.706441],[139.651114,35.706443],[139.651114,35.706497]]]}},{"type":"Feature","id":"tran_2608159c-056d-432e-b533-e813bbbc5c3d","properties":{"gml_id":"tran_2608159c-056d-432e-b533-e813bbbc5c3d","mesh":"53394542"},"geometry":{"type":"Polygon","coordinates":[[[139.650562,35.706165],[139.650455,35.706187],[139.650423,35.706081],[139.65053,35.706059],[139.650562,35.706165]]]}},{"type":"Feature","id":"tran_95577139-2744-4953-8506-872920787092","properties":{"gml_id":"tran_95577139-2744-4953-8506-872920787092","mesh":"53394542"},"geometry":{"type":"Polygon","coordinates":[[[139.65058,35.706225],[139.650473,35.706247],[139.650455,35.706187],[139.650562,35.706165],[139.650591,35.706169],[139.65058,35.706225]]]}},{"type":"Feature","id":"tran_f1ffbf7e-a775-473f-914a-d9d03664779b","properties":{"gml_id":"tran_f1ffbf7e-a775-473f-914a-d9d03664779b","mesh":"53394542"},"geometry":{"type":"Polygon","coordinates":[[[139.650923,35.704455],[139.650864,35.704479],[139.650432,35.703759],[139.650492,35.703735],[139.650923,35.704455]]]}},{"type":"Feature","id":"tran_30ea139f-b622-46a7-af6d-9b4918df9703","properties":{"gml_id":"tran_30ea139f-b622-46a7-af6d-9b4918df9703","mesh":"53394542"},"geometry":{"type":"Polygon","coordinates":[[[139.651537,35.704174],[139.651438,35.704232],[139.651345,35.704282],[139.651254,35.704334],[139.651276,35.704235],[139.651296,35.704223],[139.651358,35.70419],[139.651353,35.704184],[139.651384,35.704167],[139.651405,35.704155],[139.651537,35.704174]]]}},{"type":"Feature","id":"tran_1bd22a23-1640-4f82-a925-a81af6cb5717","properties":{"gml_id":"tran_1bd22a23-1640-4f82-a925-a81af6cb5717","mesh":"53394542"},"geometry":{"type":"Polygon","coordinates":[[[139.651516,35.704076],[139.651426,35.70409],[139.651308,35.703877],[139.651241,35.703758],[139.651322,35.703728],[139.651389,35.703847],[139.651516,35.704076]]]}},{"type":"Feature","id":"tran_1c8d8c57-f9dd-4100-9ba8-cde945f52c5a","properties":{"gml_id":"tran_1c8d8c57-f9dd-4100-9ba8-cde945f52c5a","mesh":"53394542"},"geometry":{"type":"Polygon","coordinates":[[[139.651234,35.704227],[139.651181,35.704262],[139.650781,35.703657],[139.65085,35.703648],[139.651234,35.704227]]]}},{"type":"Feature","id":"tran_537eaf76-a85f-41a8-b6af-ae81fd50f271","properties":{"gml_id":"tran_537eaf76-a85f-41a8-b6af-ae81fd50f271","mesh":"53394542"},"geometry":{"type":"Polygon","coordinates":[[[139.650304,35.704651],[139.650238,35.704655],[139.650161,35.703818],[139.650225,35.703796],[139.650304,35.704651]]]}},{"type":"Feature","id":"tran_f0f17916-f144-46ce-93ea-c8e0cb6800b2","properties":{"gml_id":"tran_f0f17916-f144-46ce-93ea-c8e0cb6800b2","mesh":"53394542"},"geometry":{"type":"Polygon","coordinates":[[[139.650769,35.706192],[139.650761,35.706242],[139.650677,35.706233],[139.650661,35.706232],[139.650669,35.706179],[139.650694,35.706159],[139.650737,35.706154],[139.650741,35.706176],[139.650769,35.706192]]]}},{"type":"Feature","id":"tran_dc08b73f-4dab-4de4-bc7b-8bc3d291cd38","properties":{"gml_id":"tran_dc08b73f-4dab-4de4-bc7b-8bc3d291cd38","mesh":"53394542"},"geometry":{"type":"Polygon","coordinates":[[[139.651105,35.703072],[139.651019,35.703088],[139.650974,35.702927],[139.651061,35.702913],[139.651105,35.703072]]]}},{"type":"Feature","id":"tran_50a1091e-53a8-49e3-8e63-da81e27973dd","properties":{"gml_id":"tran_50a1091e-53a8-49e3-8e63-da81e27973dd","mesh":"53394542"},"geometry":{"type":"Polygon","coordinates":[[[139.650737,35.706154],[139.650694,35.706159],[139.650627,35.705805],[139.650575,35.705763],[139.650607,35.705738],[139.650668,35.705788],[139.650737,35.706154]]]}},{"type":"Feature","id":"tran_89663667-b044-4248-aef8-9b97b489f2a7","properties":{"gml_id":"tran_89663667-b044-4248-aef8-9b97b489f2a7","mesh":"53394542"},"geometry":{"type":"Polygon","coordinates":[[[139.650492,35.703735],[139.650432,35.703759],[139.650425,35.703747],[139.650375,35.703729],[139.650351,35.703665],[139.650489,35.703629],[139.650514,35.703694],[139.650492,35.703735]]]}},{"type":"Feature","id":"tran_40d5d835-2bff-4495-99ac-e0b0b9010be7","properties":{"gml_id":"tran_40d5d835-2bff-4495-99ac-e0b0b9010be7","mesh":"53394542"},"geometry":{"type":"Polygon","coordinates":[[[139.651769,35.705036],[139.651745,35.705042],[139.651731,35.705034],[139.651725,35.704991],[139.651738,35.704972],[139.651781,35.704973],[139.651793,35.704977],[139.651811,35.705008],[139.651803,35.705025],[139.651769,35.705036]]]}},{"type":"Feature","id":"tran_91d7802a-eee1-410f-912d-67372d1ccf30","properties":{"gml_id":"tran_91d7802a-eee1-410f-912d-67372d1ccf30","mesh":"53394542"},"geometry":{"type":"Polygon","coordinates":[[[139.650976,35.705608],[139.650865,35.705611],[139.650753,35.705614],[139.650745,35.705614],[139.650734,35.705615],[139.650725,35.705617],[139.650718,35.705619],[139.650712,35.705622],[139.650698,35.705631],[139.650652,35.705666],[139.650582,35.705718],[139.650419,35.705596],[139.650424,35.705591],[139.650474,35.705547],[139.650496,35.705528],[139.650528,35.705501],[139.650539,35.705493],[139.650792,35.705484],[139.650973,35.705481],[139.650976,35.705608]]]}},{"type":"Feature","id":"tran_f837c4c3-82f5-4870-bac0-d02103480114","properties":{"gml_id":"tran_f837c4c3-82f5-4870-bac0-d02103480114","mesh":"53394542"},"geometry":{"type":"Polygon","coordinates":[[[139.650225,35.703796],[139.650161,35.703818],[139.650115,35.703792],[139.6501,35.703726],[139.650127,35.703687],[139.65019,35.70367],[139.650238,35.703692],[139.650257,35.703758],[139.650225,35.703796]]]}},{"type":"Feature","id":"tran_c0f328ef-8744-4a42-9d5d-c4c4433a0a09","properties":{"gml_id":"tran_c0f328ef-8744-4a42-9d5d-c4c4433a0a09","mesh":"53394542"},"geometry":{"type":"Polygon","coordinates":[[[139.650966,35.705214],[139.650963,35.705256],[139.650934,35.705255],[139.650941,35.705157],[139.650958,35.705154],[139.650966,35.705184],[139.650966,35.705214]]]}},{"type":"Feature","id":"tran_5a2adf74-3b95-444e-b93b-6f5c538f6fd2","properties":{"gml_id":"tran_5a2adf74-3b95-444e-b93b-6f5c538f6fd2","mesh":"53394542"},"geometry":{"type":"Polygon","coordinates":[[[139.651237,35.706497],[139.651227,35.706497],[139.651199,35.706497],[139.651114,35.706497],[139.651114,35.706443],[139.651149,35.706411],[139.651158,35.706403],[139.651195,35.706397],[139.651205,35.706433],[139.651207,35.706438],[139.65121,35.706442],[139.651214,35.706446],[139.651221,35.70645],[139.651228,35.706453],[139.651238,35.706457],[139.651237,35.706497]]]}},{"type":"Feature","id":"tran_02cc38d8-e078-4658-963d-df415efc0be7","properties":{"gml_id":"tran_02cc38d8-e078-4658-963d-df415efc0be7","mesh":"53394542"},"geometry":{"type":"Polygon","coordinates":[[[139.650553,35.70326],[139.650124,35.703339],[139.650106,35.703286],[139.650525,35.70321],[139.650553,35.70326]]]}},{"type":"Feature","id":"tran_3de8a7c5-2aa3-4778-af1a-b5be450ac1a8","properties":{"gml_id":"tran_3de8a7c5-2aa3-4778-af1a-b5be450ac1a8","mesh":"53394542"},"geometry":{"type":"Polygon","coordinates":[[[139.65105,35.706223],[139.651014,35.706225],[139.650977,35.705622],[139.650976,35.705612],[139.650976,35.705608],[139.651009,35.705607],[139.65101,35.705611],[139.65101,35.705623],[139.65105,35.706223]]]}},{"type":"Feature","id":"tran_721619b3-220b-4158-84b0-502b1e5f8c42","properties":{"gml_id":"tran_721619b3-220b-4158-84b0-502b1e5f8c42","mesh":"53394542"},"geometry":{"type":"Polygon","coordinates":[[[139.650938,35.702909],[139.650766,35.702939],[139.650569,35.702973],[139.650535,35.702841],[139.65073,35.702807],[139.650868,35.702783],[139.650938,35.702909]]]}},{"type":"Feature","id":"tran_18acb2cc-1a5d-4607-9bbc-d1b419f9c2f2","properties":{"gml_id":"tran_18acb2cc-1a5d-4607-9bbc-d1b419f9c2f2","mesh":"53394542"},"geometry":{"type":"Polygon","coordinates":[[[139.650934,35.702739],[139.650897,35.702745],[139.650846,35.702566],[139.650883,35.70256],[139.650934,35.702739]]]}},{"type":"Feature","id":"tran_8225ee74-9cab-4976-bb2f-91450aa13ece","properties":{"gml_id":"tran_8225ee74-9cab-4976-bb2f-91450aa13ece","mesh":"53394542"},"geometry":{"type":"Polygon","coordinates":[[[139.650806,35.7052],[139.650803,35.705249],[139.65038,35.70523],[139.650383,35.705182],[139.650806,35.7052]]]}},{"type":"Feature","id":"tran_0bc13e9a-c6d5-46c1-9396-8b2a4739ab1b","properties":{"gml_id":"tran_0bc13e9a-c6d5-46c1-9396-8b2a4739ab1b","mesh":"53394542"},"geometry":{"type":"Polygon","coordinates":[[[139.651937,35.705591],[139.651929,35.705592],[139.651753,35.705592],[139.651544,35.705596],[139.65146,35.705598],[139.651457,35.705474],[139.651729,35.70547],[139.651882,35.705468],[139.651937,35.705591]]]}},{"type":"Feature","id":"tran_1508b81b-459d-4928-9bef-3be8558268c6","properties":{"gml_id":"tran_1508b81b-459d-4928-9bef-3be8558268c6","mesh":"53394542"},"geometry":{"type":"Polygon","coordinates":[[[139.651009,35.705607],[139.650976,35.705608],[139.650973,35.705481],[139.651007,35.70548],[139.651009,35.705607]]]}},{"type":"Feature","id":"tran_85001acd-3bb8-4c4f-a5a4-662552d47029","properties":{"gml_id":"tran_85001acd-3bb8-4c4f-a5a4-662552d47029","mesh":"53394542"},"geometry":{"type":"Polygon","coordinates":[[[139.650229,35.706035],[139.650183,35.706038],[139.650183,35.706035],[139.650203,35.705597],[139.65025,35.705598],[139.650229,35.706035]]]}},{"type":"Feature","id":"tran_154219f5-953b-4b8a-ac17-91c1d44bbaed","properties":{"gml_id":"tran_154219f5-953b-4b8a-ac17-91c1d44bbaed","mesh":"53394542"},"geometry":{"type":"Polygon","coordinates":[[[139.65019,35.70367],[139.650127,35.703687],[139.65003,35.703388],[139.650095,35.703377],[139.65019,35.70367]]]}},{"type":"Feature","id":"tran_36bf7091-6371-4dc3-a4fc-d54df1b48238","properties":{"gml_id":"tran_36bf7091-6371-4dc3-a4fc-d54df1b48238","mesh":"53394542"},"geometry":{"type":"Polygon","coordinates":[[[139.65146,35.705598],[139.651421,35.705598],[139.651418,35.705474],[139.651457,35.705474],[139.65146,35.705598]]]}},{"type":"Feature","id":"tran_cc35db20-fb10-44ee-9db0-3d92c54183d9","properties":{"gml_id":"tran_cc35db20-fb10-44ee-9db0-3d92c54183d9","mesh":"53394542"},"geometry":{"type":"Polygon","coordinates":[[[139.651815,35.706255],[139.651803,35.706286],[139.65176,35.706279],[139.651749,35.706279],[139.65175,35.706252],[139.65176,35.706242],[139.651815,35.706255]]]}},{"type":"Feature","id":"tran_06f874a5-3085-4ec3-9cde-fcd8c7cf6e3c","properties":{"gml_id":"tran_06f874a5-3085-4ec3-9cde-fcd8c7cf6e3c","mesh":"53394542"},"geometry":{"type":"Polygon","coordinates":[[[139.65194,35.705281],[139.651951,35.705312],[139.651887,35.705307],[139.651841,35.705258],[139.651861,35.705236],[139.651913,35.705266],[139.65194,35.705281]]]}},{"type":"Feature","id":"tran_8ac79ed8-0074-4dc4-8aca-c0b7ccbda924","properties":{"gml_id":"tran_8ac79ed8-0074-4dc4-8aca-c0b7ccbda924","mesh":"53394542"},"geometry":{"type":"Polygon","coordinates":[[[139.651061,35.702913],[139.650974,35.702927],[139.650938,35.702909],[139.650868,35.702783],[139.650897,35.702745],[139.650934,35.702739],[139.65098,35.702763],[139.651085,35.702882],[139.651061,35.702913]]]}},{"type":"Feature","id":"tran_a4f99327-c421-47a4-82f8-e90aa32b6608","properties":{"gml_id":"tran_a4f99327-c421-47a4-82f8-e90aa32b6608","mesh":"53394542"},"geometry":{"type":"Polygon","coordinates":[[[139.651172,35.706305],[139.651135,35.706311],[139.651089,35.706279],[139.651091,35.706238],[139.651092,35.706238],[139.651128,35.706241],[139.651165,35.706244],[139.651164,35.706273],[139.651171,35.706301],[139.651172,35.706305]]]}},{"type":"Feature","id":"tran_f1067414-d995-4302-a21d-d95c99ea5a28","properties":{"gml_id":"tran_f1067414-d995-4302-a21d-d95c99ea5a28","mesh":"53394542"},"geometry":{"type":"Polygon","coordinates":[[[139.651027,35.704507],[139.650967,35.704558],[139.650915,35.704596],[139.650901,35.704603],[139.650858,35.704545],[139.650872,35.704493],[139.650864,35.704479],[139.650923,35.704455],[139.650967,35.704461],[139.651027,35.704507]]]}},{"type":"Feature","id":"tran_952929e2-cf4a-499c-be38-fd3146dea6ca","properties":{"gml_id":"tran_952929e2-cf4a-499c-be38-fd3146dea6ca","mesh":"53394542"},"geometry":{"type":"Polygon","coordinates":[[[139.651751,35.706502],[139.65168,35.706536],[139.651643,35.706502],[139.651713,35.706462],[139.651761,35.706452],[139.651768,35.706459],[139.651751,35.706502]]]}},{"type":"Feature","id":"tran_77534685-080b-4900-8c65-d93096e41a4c","properties":{"gml_id":"tran_77534685-080b-4900-8c65-d93096e41a4c","mesh":"53394542"},"geometry":{"type":"Polygon","coordinates":[[[139.650903,35.705149],[139.650842,35.705163],[139.650681,35.704704],[139.650741,35.70469],[139.650903,35.705149]]]}},{"type":"Feature","id":"tran_57cca4ef-2697-4a22-953f-901475eec89f","properties":{"gml_id":"tran_57cca4ef-2697-4a22-953f-901475eec89f","mesh":"53394542"},"geometry":{"type":"Polygon","coordinates":[[[139.651247,35.703552],[139.651162,35.703572],[139.651114,35.703549],[139.651093,35.703484],[139.651121,35.703445],[139.651211,35.703423],[139.651259,35.703447],[139.651277,35.703513],[139.651247,35.703552]]]}},{"type":"Feature","id":"tran_0f126adb-3e5f-48ff-a499-646356895caa","properties":{"gml_id":"tran_0f126adb-3e5f-48ff-a499-646356895caa","mesh":"53394542"},"geometry":{"type":"Polygon","coordinates":[[[139.650637,35.704684],[139.650385,35.704743],[139.650362,35.704678],[139.65061,35.70462],[139.650637,35.704684]]]}},{"type":"Feature","id":"tran_81510cff-8dab-431b-9dcb-cb37ebe39962","properties":{"gml_id":"tran_81510cff-8dab-431b-9dcb-cb37ebe39962","mesh":"53394542"},"geometry":{"type":"Polygon","coordinates":[[[139.651946,35.705467],[139.651882,35.705468],[139.651882,35.705465],[139.651887,35.705307],[139.651951,35.705312],[139.651948,35.705386],[139.651946,35.705466],[139.651946,35.705467]]]}},{"type":"Feature","id":"tran_b12eef68-6aac-4097-abee-a5688cbb7889","properties":{"gml_id":"tran_b12eef68-6aac-4097-abee-a5688cbb7889","mesh":"53394542"},"geometry":{"type":"Polygon","coordinates":[[[139.651841,35.705258],[139.651887,35.705307],[139.65181,35.705301],[139.651709,35.705293],[139.650965,35.705256],[139.650963,35.705256],[139.650966,35.705214],[139.651841,35.705258]]]}},{"type":"Feature","id":"tran_1f618bfc-8a30-435d-9df1-0ee85cad23b9","properties":{"gml_id":"tran_1f618bfc-8a30-435d-9df1-0ee85cad23b9","mesh":"53394542"},"geometry":{"type":"Polygon","coordinates":[[[139.651144,35.703186],[139.651052,35.703202],[139.651005,35.703178],[139.650989,35.703126],[139.651019,35.703088],[139.651105,35.703072],[139.651152,35.703096],[139.651174,35.703148],[139.651144,35.703186]]]}},{"type":"Feature","id":"tran_c024d4de-d489-44c9-9a26-7a4585f77d6f","properties":{"gml_id":"tran_c024d4de-d489-44c9-9a26-7a4585f77d6f","mesh":"53394542"},"geometry":{"type":"Polygon","coordinates":[[[139.650267,35.706434],[139.650294,35.706754],[139.650248,35.706754],[139.650221,35.706437],[139.650267,35.706434]]]}},{"type":"Feature","id":"tran_92218f10-989c-4b77-af52-4c69c1158d47","properties":{"gml_id":"tran_92218f10-989c-4b77-af52-4c69c1158d47","mesh":"53394542"},"geometry":{"type":"Polygon","coordinates":[[[139.650327,35.706035],[139.650229,35.706035],[139.65025,35.705598],[139.650256,35.705599],[139.650345,35.705601],[139.650327,35.706035]]]}},{"type":"Feature","id":"tran_20cbb7ba-a50b-4c86-8d57-531e46d8a495","properties":{"gml_id":"tran_20cbb7ba-a50b-4c86-8d57-531e46d8a495","mesh":"53394542"},"geometry":{"type":"Polygon","coordinates":[[[139.650667,35.703275],[139.650602,35.703282],[139.650553,35.70326],[139.650525,35.70321],[139.650551,35.703171],[139.650616,35.703163],[139.650665,35.703185],[139.650693,35.703235],[139.650667,35.703275]]]}},{"type":"Feature","id":"tran_6745a0d0-e4e4-44a3-af44-a35def641a07","properties":{"gml_id":"tran_6745a0d0-e4e4-44a3-af44-a35def641a07","mesh":"53394542"},"geometry":{"type":"Polygon","coordinates":[[[139.651091,35.706238],[139.651089,35.706279],[139.651043,35.706274],[139.65105,35.706229],[139.651058,35.706234],[139.651064,35.706235],[139.651091,35.706238]]]}},{"type":"Feature","id":"tran_94f158ac-0167-4c62-8e0b-0ef835c39e97","properties":{"gml_id":"tran_94f158ac-0167-4c62-8e0b-0ef835c39e97","mesh":"53394542"},"geometry":{"type":"Polygon","coordinates":[[[139.65026,35.706357],[139.650214,35.70636],[139.650183,35.706038],[139.650229,35.706035],[139.65026,35.706357]]]}},{"type":"Feature","id":"tran_95aba001-7833-42fe-b634-37190e4de9af","properties":{"gml_id":"tran_95aba001-7833-42fe-b634-37190e4de9af","mesh":"53394542"},"geometry":{"type":"Polygon","coordinates":[[[139.65085,35.703648],[139.650781,35.703657],[139.65073,35.70364],[139.650694,35.703578],[139.650719,35.703538],[139.650782,35.703525],[139.650831,35.703545],[139.650871,35.703606],[139.65085,35.703648]]]}},{"type":"Feature","id":"tran_7d3400ea-5910-423a-955d-cd65e76fc7d8","properties":{"gml_id":"tran_7d3400ea-5910-423a-955d-cd65e76fc7d8","mesh":"53394542"},"geometry":{"type":"Polygon","coordinates":[[[139.65053,35.706059],[139.650423,35.706081],[139.650327,35.706035],[139.650345,35.705601],[139.650403,35.705603],[139.650411,35.705603],[139.650414,35.7056],[139.650419,35.705596],[139.650582,35.705718],[139.650607,35.705738],[139.650575,35.705763],[139.650509,35.705768],[139.650504,35.705773],[139.650486,35.705789],[139.650475,35.705809],[139.650467,35.705832],[139.650467,35.705853],[139.65052,35.706024],[139.65053,35.706059]]]}},{"type":"Feature","id":"tran_cbcec3cb-a1dc-4436-8556-a2e06e0d745b","properties":{"gml_id":"tran_cbcec3cb-a1dc-4436-8556-a2e06e0d745b","mesh":"53394542"},"geometry":{"type":"Polygon","coordinates":[[[139.650941,35.705157],[139.650934,35.705255],[139.650901,35.705253],[139.650907,35.705163],[139.650941,35.705157]]]}},{"type":"Feature","id":"tran_6e1434cd-9520-449b-bc1b-4ddd9aecdd46","properties":{"gml_id":"tran_6e1434cd-9520-449b-bc1b-4ddd9aecdd46","mesh":"53394542"},"geometry":{"type":"Polygon","coordinates":[[[139.650267,35.706434],[139.650221,35.706437],[139.650197,35.706419],[139.650193,35.706419],[139.650191,35.706381],[139.650214,35.70636],[139.65026,35.706357],[139.650264,35.706401],[139.650267,35.706434]]]}},{"type":"Feature","id":"tran_dd256e6e-6e88-476e-b750-0848ff8241c0","properties":{"gml_id":"tran_dd256e6e-6e88-476e-b750-0848ff8241c0","mesh":"53394542"},"geometry":{"type":"Polygon","coordinates":[[[139.650407,35.702631],[139.64981,35.702744],[139.64973,35.702759],[139.649791,35.702675],[139.650388,35.702563],[139.650407,35.702631]]]}},{"type":"Feature","id":"tran_ae5435e0-44f0-4cd8-8752-a0995e281dbd","properties":{"gml_id":"tran_ae5435e0-44f0-4cd8-8752-a0995e281dbd","mesh":"53394542"},"geometry":{"type":"Polygon","coordinates":[[[139.651954,35.70584],[139.651915,35.705854],[139.651921,35.705816],[139.651927,35.705757],[139.651934,35.705663],[139.651937,35.705624],[139.651937,35.705598],[139.651937,35.705591],[139.651989,35.705591],[139.651989,35.705598],[139.651989,35.705624],[139.651978,35.705716],[139.651969,35.705769],[139.651954,35.70584]]]}}]}