{"type":"FeatureCollection","properties":{"plateau_derived":true,"development_fixture":false,"municipality_code":"13115","municipality_name":"杉並区","dataset_year":2025,"dataset_title":"3D都市モデル（Project PLATEAU）杉並区（2025年度）","spec":"3D都市モデル標準製品仕様書 第5.0版","citygml_version":"2.0","feature_type":"bldg","source_crs":"http://www.opengis.net/def/crs/EPSG/0/6697","coordinate_order":"GeoJSON [lon, lat]; source posList is lat lon height, height dropped","precision_decimals":6,"geometry_source":"bldg:lod0RoofEdge","attributes":["gml_id","mesh","measuredHeight (m; PLATEAU sentinel -9999 / non-positive → null)"],"extraction":{"bbox_present_day_wgs84":[139.6465,35.7027,139.652,35.7066],"rule":"feature bbox intersects the crop bbox; geometry kept whole (no clipping / simplification)","historical_boundary":false,"note":"The crop bbox is a present-day viewing window for the Koenji Thread. It is not a historical boundary."},"source_files":[{"file":"53394541_bldg_6697_op.gml","mesh":"53394541","sha256":"4fe94e3e4a7d6fe85724b0918b6061cb32d6e0359a8683827f1caf7fc7da485d","bytes":90098462,"features_in_file":6079,"features_selected":762},{"file":"53394542_bldg_6697_op.gml","mesh":"53394542","sha256":"7c2f23e86bb9370d1398626cb137e0d1537d724877afcd729e21c816ee2a1c5c","bytes":65086185,"features_in_file":4440,"features_selected":283}],"feature_count":1045,"historicalGeometry":false,"tool":"extract_koenji_corridor.py","tool_version":"0.1.0","warning":"Present-day Project PLATEAU geometry only; not historical evidence."},"features":[{"type":"Feature","id":"bldg_e534cfb9-0b5c-4a31-8162-f6c548b36df7","properties":{"gml_id":"bldg_e534cfb9-0b5c-4a31-8162-f6c548b36df7","mesh":"53394541","measuredHeight":8.7},"geometry":{"type":"Polygon","coordinates":[[[139.648385,35.703617],[139.648427,35.703605],[139.648455,35.703674],[139.648414,35.703685],[139.648385,35.703617]]]}},{"type":"Feature","id":"bldg_a42bc5a3-34be-49bb-a5ef-5134d57d145b","properties":{"gml_id":"bldg_a42bc5a3-34be-49bb-a5ef-5134d57d145b","mesh":"53394541","measuredHeight":15.2},"geometry":{"type":"Polygon","coordinates":[[[139.649114,35.704618],[139.649267,35.704585],[139.649285,35.704639],[139.649131,35.704672],[139.649114,35.704618]]]}},{"type":"Feature","id":"bldg_6fe1d12e-35b3-4b2d-9280-2c71f63e4b2b","properties":{"gml_id":"bldg_6fe1d12e-35b3-4b2d-9280-2c71f63e4b2b","mesh":"53394541","measuredHeight":29.0},"geometry":{"type":"Polygon","coordinates":[[[139.649913,35.703529],[139.649779,35.703557],[139.649749,35.703461],[139.649759,35.703459],[139.64975,35.703428],[139.649854,35.703406],[139.649873,35.703466],[139.649884,35.703464],[139.649887,35.703472],[139.649899,35.70351],[139.649906,35.703508],[139.649913,35.703529]]]}},{"type":"Feature","id":"bldg_26bc3bd0-672a-46bc-85bd-12743d3070f7","properties":{"gml_id":"bldg_26bc3bd0-672a-46bc-85bd-12743d3070f7","mesh":"53394541","measuredHeight":9.0},"geometry":{"type":"Polygon","coordinates":[[[139.648137,35.704887],[139.648157,35.704943],[139.64808,35.704961],[139.648067,35.704927],[139.648078,35.704924],[139.64807,35.704902],[139.648137,35.704887]]]}},{"type":"Feature","id":"bldg_80f79efe-0bbd-4cb5-af52-fc4813b1b525","properties":{"gml_id":"bldg_80f79efe-0bbd-4cb5-af52-fc4813b1b525","mesh":"53394541","measuredHeight":8.5},"geometry":{"type":"Polygon","coordinates":[[[139.647381,35.703109],[139.64727,35.703129],[139.647242,35.703031],[139.647354,35.70301],[139.647381,35.703109]]]}},{"type":"Feature","id":"bldg_1a29ec22-10c5-4235-b2a6-7b3594c217fa","properties":{"gml_id":"bldg_1a29ec22-10c5-4235-b2a6-7b3594c217fa","mesh":"53394541","measuredHeight":7.4},"geometry":{"type":"Polygon","coordinates":[[[139.646439,35.706628],[139.646426,35.70661],[139.646498,35.706576],[139.646509,35.706592],[139.646542,35.706576],[139.646589,35.706641],[139.646448,35.706708],[139.646404,35.706645],[139.646439,35.706628]]]}},{"type":"Feature","id":"bldg_b668607d-3b37-48cd-a846-40423bc80744","properties":{"gml_id":"bldg_b668607d-3b37-48cd-a846-40423bc80744","mesh":"53394541","measuredHeight":8.2},"geometry":{"type":"Polygon","coordinates":[[[139.647518,35.706103],[139.647571,35.706182],[139.647522,35.706204],[139.647474,35.706091],[139.647506,35.706082],[139.64751,35.70609],[139.647518,35.706103]]]}},{"type":"Feature","id":"bldg_9e575e1c-d4fa-44b8-ae4f-6c8914d7eded","properties":{"gml_id":"bldg_9e575e1c-d4fa-44b8-ae4f-6c8914d7eded","mesh":"53394541","measuredHeight":18.2},"geometry":{"type":"Polygon","coordinates":[[[139.648489,35.703852],[139.648458,35.70386],[139.64843,35.703793],[139.648462,35.703785],[139.648443,35.703739],[139.648554,35.703709],[139.6486,35.703822],[139.648559,35.703833],[139.648586,35.703899],[139.648516,35.703918],[139.648489,35.703852]]]}},{"type":"Feature","id":"bldg_da975914-e4bb-4952-a667-30df9bdb7ce6","properties":{"gml_id":"bldg_da975914-e4bb-4952-a667-30df9bdb7ce6","mesh":"53394541","measuredHeight":30.6},"geometry":{"type":"Polygon","coordinates":[[[139.649927,35.703552],[139.650038,35.703529],[139.65007,35.70363],[139.649959,35.703653],[139.649927,35.703552]]]}},{"type":"Feature","id":"bldg_8a48e7a4-47f2-4c7b-8758-ac8f05c01e96","properties":{"gml_id":"bldg_8a48e7a4-47f2-4c7b-8758-ac8f05c01e96","mesh":"53394541","measuredHeight":7.4},"geometry":{"type":"Polygon","coordinates":[[[139.647402,35.704868],[139.647381,35.704798],[139.647478,35.704778],[139.647499,35.704848],[139.647402,35.704868]]]}},{"type":"Feature","id":"bldg_c44eb4c0-5bbf-479f-bed8-44648486e296","properties":{"gml_id":"bldg_c44eb4c0-5bbf-479f-bed8-44648486e296","mesh":"53394541","measuredHeight":7.2},"geometry":{"type":"Polygon","coordinates":[[[139.647887,35.705534],[139.64793,35.705516],[139.647977,35.705589],[139.647934,35.705607],[139.647931,35.705603],[139.647887,35.705534]]]}},{"type":"Feature","id":"bldg_391630f3-944b-4159-b930-43a2443e932d","properties":{"gml_id":"bldg_391630f3-944b-4159-b930-43a2443e932d","mesh":"53394541","measuredHeight":7.5},"geometry":{"type":"Polygon","coordinates":[[[139.646627,35.703406],[139.646611,35.703352],[139.64672,35.703331],[139.646736,35.703385],[139.646627,35.703406]]]}},{"type":"Feature","id":"bldg_244ddc93-9998-44d0-bb2b-75fcef7581d7","properties":{"gml_id":"bldg_244ddc93-9998-44d0-bb2b-75fcef7581d7","mesh":"53394541","measuredHeight":12.8},"geometry":{"type":"Polygon","coordinates":[[[139.648154,35.705921],[139.648058,35.705766],[139.648083,35.705755],[139.648087,35.705762],[139.648109,35.705753],[139.648201,35.705902],[139.648154,35.705921]]]}},{"type":"Feature","id":"bldg_599f3086-5e43-452f-a053-c3ffde181b35","properties":{"gml_id":"bldg_599f3086-5e43-452f-a053-c3ffde181b35","mesh":"53394541","measuredHeight":12.7},"geometry":{"type":"Polygon","coordinates":[[[139.647582,35.706185],[139.647532,35.70611],[139.64763,35.706066],[139.64768,35.706141],[139.647582,35.706185]]]}},{"type":"Feature","id":"bldg_ab3d326e-3172-447f-86ce-889e66c42274","properties":{"gml_id":"bldg_ab3d326e-3172-447f-86ce-889e66c42274","mesh":"53394541","measuredHeight":8.4},"geometry":{"type":"Polygon","coordinates":[[[139.648548,35.70365],[139.648534,35.703622],[139.648529,35.703623],[139.648511,35.703589],[139.648635,35.703547],[139.648653,35.703582],[139.648667,35.703577],[139.648677,35.703599],[139.648667,35.703613],[139.648548,35.70365]]]}},{"type":"Feature","id":"bldg_6a4ccb22-2a36-4e81-b21f-2f7cc0510290","properties":{"gml_id":"bldg_6a4ccb22-2a36-4e81-b21f-2f7cc0510290","mesh":"53394541","measuredHeight":8.7},"geometry":{"type":"Polygon","coordinates":[[[139.647954,35.705019],[139.648043,35.705003],[139.648063,35.705079],[139.647973,35.705095],[139.647954,35.705019]]]}},{"type":"Feature","id":"bldg_f821ba8d-ed84-44ad-b186-dffb28c9b552","properties":{"gml_id":"bldg_f821ba8d-ed84-44ad-b186-dffb28c9b552","mesh":"53394541","measuredHeight":7.4},"geometry":{"type":"Polygon","coordinates":[[[139.649382,35.706146],[139.649422,35.706247],[139.649374,35.706259],[139.649334,35.706158],[139.649382,35.706146]]]}},{"type":"Feature","id":"bldg_40638e00-2f75-46e3-af89-44c0bb4d6380","properties":{"gml_id":"bldg_40638e00-2f75-46e3-af89-44c0bb4d6380","mesh":"53394541","measuredHeight":6.3},"geometry":{"type":"Polygon","coordinates":[[[139.647944,35.706023],[139.647889,35.705933],[139.647961,35.705903],[139.648016,35.705993],[139.647944,35.706023]]]}},{"type":"Feature","id":"bldg_a6aa1a4f-59ee-4a7c-9fb8-fd5c8ff2bfa7","properties":{"gml_id":"bldg_a6aa1a4f-59ee-4a7c-9fb8-fd5c8ff2bfa7","mesh":"53394541","measuredHeight":9.0},"geometry":{"type":"Polygon","coordinates":[[[139.64763,35.705106],[139.647604,35.705013],[139.647708,35.704994],[139.647734,35.705086],[139.64763,35.705106]]]}},{"type":"Feature","id":"bldg_830b9399-59be-421c-91df-175ae476ee58","properties":{"gml_id":"bldg_830b9399-59be-421c-91df-175ae476ee58","mesh":"53394541","measuredHeight":7.1},"geometry":{"type":"Polygon","coordinates":[[[139.647504,35.704401],[139.647498,35.704401],[139.647522,35.704491],[139.647447,35.704505],[139.647402,35.704333],[139.647483,35.704319],[139.647504,35.704401]]]}},{"type":"Feature","id":"bldg_22a089bc-1ca2-4ab0-b7b2-794e8c8961d2","properties":{"gml_id":"bldg_22a089bc-1ca2-4ab0-b7b2-794e8c8961d2","mesh":"53394541","measuredHeight":6.5},"geometry":{"type":"Polygon","coordinates":[[[139.648325,35.705479],[139.648346,35.705516],[139.648324,35.705524],[139.648317,35.70551],[139.648311,35.705512],[139.648285,35.705467],[139.648312,35.705457],[139.648313,35.705459],[139.648325,35.705479]]]}},{"type":"Feature","id":"bldg_86dd64f6-f643-4744-a970-a3d3a90c5d01","properties":{"gml_id":"bldg_86dd64f6-f643-4744-a970-a3d3a90c5d01","mesh":"53394541","measuredHeight":9.0},"geometry":{"type":"Polygon","coordinates":[[[139.646921,35.706481],[139.646849,35.706328],[139.646872,35.706321],[139.646944,35.706473],[139.646921,35.706481]]]}},{"type":"Feature","id":"bldg_eb694606-d81d-456b-aad2-b1e2ec9ce9da","properties":{"gml_id":"bldg_eb694606-d81d-456b-aad2-b1e2ec9ce9da","mesh":"53394541","measuredHeight":11.5},"geometry":{"type":"Polygon","coordinates":[[[139.648127,35.703211],[139.648098,35.703217],[139.648097,35.703212],[139.648087,35.703214],[139.648049,35.703077],[139.648133,35.703061],[139.64817,35.703196],[139.648125,35.703204],[139.648127,35.703211]]]}},{"type":"Feature","id":"bldg_51e993c6-ec6d-4f3e-9cb4-76153443508e","properties":{"gml_id":"bldg_51e993c6-ec6d-4f3e-9cb4-76153443508e","mesh":"53394541","measuredHeight":9.1},"geometry":{"type":"Polygon","coordinates":[[[139.647387,35.702769],[139.647301,35.702785],[139.647297,35.702768],[139.647287,35.70277],[139.647269,35.7027],[139.647364,35.702683],[139.647387,35.702769]]]}},{"type":"Feature","id":"bldg_1248195d-f595-4bab-bc52-214275845c50","properties":{"gml_id":"bldg_1248195d-f595-4bab-bc52-214275845c50","mesh":"53394541","measuredHeight":21.9},"geometry":{"type":"Polygon","coordinates":[[[139.648289,35.703516],[139.648153,35.703544],[139.648123,35.703449],[139.64826,35.703421],[139.648289,35.703516]]]}},{"type":"Feature","id":"bldg_d006d59a-9673-490e-ae7f-068fcd0fa8eb","properties":{"gml_id":"bldg_d006d59a-9673-490e-ae7f-068fcd0fa8eb","mesh":"53394541","measuredHeight":9.3},"geometry":{"type":"Polygon","coordinates":[[[139.648561,35.70543],[139.648607,35.705414],[139.648647,35.705492],[139.648601,35.705508],[139.648561,35.70543]]]}},{"type":"Feature","id":"bldg_b2728c37-39cc-4df3-8ecd-10a1b5c0c6c4","properties":{"gml_id":"bldg_b2728c37-39cc-4df3-8ecd-10a1b5c0c6c4","mesh":"53394541","measuredHeight":8.9},"geometry":{"type":"Polygon","coordinates":[[[139.647924,35.70342],[139.647882,35.703428],[139.647835,35.703273],[139.647877,35.703264],[139.647924,35.70342]]]}},{"type":"Feature","id":"bldg_dd4c4550-e0ad-427c-b5db-bf62e6ae6c67","properties":{"gml_id":"bldg_dd4c4550-e0ad-427c-b5db-bf62e6ae6c67","mesh":"53394541","measuredHeight":6.7},"geometry":{"type":"Polygon","coordinates":[[[139.646754,35.70586],[139.64675,35.705862],[139.646761,35.705888],[139.646756,35.705893],[139.646763,35.70591],[139.646701,35.705928],[139.646682,35.705883],[139.646688,35.70588],[139.646679,35.70586],[139.646746,35.705841],[139.646754,35.70586]]]}},{"type":"Feature","id":"bldg_b3075eee-6f16-4d18-9ba2-70adf3e5624c","properties":{"gml_id":"bldg_b3075eee-6f16-4d18-9ba2-70adf3e5624c","mesh":"53394541","measuredHeight":11.6},"geometry":{"type":"Polygon","coordinates":[[[139.648662,35.705075],[139.648756,35.705056],[139.648774,35.705114],[139.648674,35.705113],[139.648662,35.705075]]]}},{"type":"Feature","id":"bldg_0801ada3-95ba-414c-8ac1-a56c36565078","properties":{"gml_id":"bldg_0801ada3-95ba-414c-8ac1-a56c36565078","mesh":"53394541","measuredHeight":6.0},"geometry":{"type":"Polygon","coordinates":[[[139.649223,35.706186],[139.649264,35.706283],[139.649192,35.706303],[139.649151,35.706206],[139.649223,35.706186]]]}},{"type":"Feature","id":"bldg_f993c9d8-bd89-466d-b4ed-120f136aa698","properties":{"gml_id":"bldg_f993c9d8-bd89-466d-b4ed-120f136aa698","mesh":"53394541","measuredHeight":7.4},"geometry":{"type":"Polygon","coordinates":[[[139.647229,35.704119],[139.647317,35.704101],[139.647345,35.704187],[139.647257,35.704206],[139.647229,35.704119]]]}},{"type":"Feature","id":"bldg_44585207-9f1b-4c28-a5be-13b87afbe646","properties":{"gml_id":"bldg_44585207-9f1b-4c28-a5be-13b87afbe646","mesh":"53394541","measuredHeight":9.2},"geometry":{"type":"Polygon","coordinates":[[[139.646824,35.704232],[139.646818,35.70421],[139.646826,35.704209],[139.646804,35.704127],[139.646817,35.704113],[139.646895,35.704099],[139.646926,35.704214],[139.646824,35.704232]]]}},{"type":"Feature","id":"bldg_22b5822d-b4e7-4055-89a5-e68d3a73590d","properties":{"gml_id":"bldg_22b5822d-b4e7-4055-89a5-e68d3a73590d","mesh":"53394541","measuredHeight":11.1},"geometry":{"type":"Polygon","coordinates":[[[139.649299,35.703344],[139.64933,35.703445],[139.649275,35.703456],[139.649245,35.703355],[139.649299,35.703344]]]}},{"type":"Feature","id":"bldg_56716753-a4de-48c7-b33b-6b9282a8c3f5","properties":{"gml_id":"bldg_56716753-a4de-48c7-b33b-6b9282a8c3f5","mesh":"53394541","measuredHeight":4.8},"geometry":{"type":"Polygon","coordinates":[[[139.647388,35.703735],[139.647396,35.703763],[139.647291,35.703783],[139.647279,35.703741],[139.647321,35.703733],[139.647325,35.703747],[139.647388,35.703735]]]}},{"type":"Feature","id":"bldg_ae8524a4-208e-47c1-8ef7-4c12462db9c8","properties":{"gml_id":"bldg_ae8524a4-208e-47c1-8ef7-4c12462db9c8","mesh":"53394541","measuredHeight":6.6},"geometry":{"type":"Polygon","coordinates":[[[139.648992,35.70603],[139.648986,35.706032],[139.648961,35.705985],[139.649045,35.705955],[139.649087,35.70603],[139.649013,35.706057],[139.649001,35.706036],[139.648996,35.706038],[139.648992,35.70603]]]}},{"type":"Feature","id":"bldg_52ea30eb-d06b-4d8c-948d-d22ec9581be7","properties":{"gml_id":"bldg_52ea30eb-d06b-4d8c-948d-d22ec9581be7","mesh":"53394541","measuredHeight":7.2},"geometry":{"type":"Polygon","coordinates":[[[139.647551,35.706068],[139.647544,35.70606],[139.647535,35.706063],[139.647516,35.706031],[139.647641,35.70598],[139.647672,35.706029],[139.647557,35.706077],[139.647551,35.706068]]]}},{"type":"Feature","id":"bldg_6d705ff4-9184-42c7-97fd-8428416e8f1a","properties":{"gml_id":"bldg_6d705ff4-9184-42c7-97fd-8428416e8f1a","mesh":"53394541","measuredHeight":9.4},"geometry":{"type":"Polygon","coordinates":[[[139.647492,35.705415],[139.647475,35.705347],[139.647573,35.705331],[139.64759,35.705399],[139.647492,35.705415]]]}},{"type":"Feature","id":"bldg_38eccbdb-d5e1-4908-a00a-09209ecb82d1","properties":{"gml_id":"bldg_38eccbdb-d5e1-4908-a00a-09209ecb82d1","mesh":"53394541","measuredHeight":8.7},"geometry":{"type":"Polygon","coordinates":[[[139.6475,35.703338],[139.647582,35.703323],[139.6476,35.703388],[139.647584,35.703391],[139.647586,35.703399],[139.647562,35.703403],[139.647586,35.703488],[139.647544,35.703496],[139.6475,35.703338]]]}},{"type":"Feature","id":"bldg_206a6184-50f6-4a3d-82b2-c4bddf0fc5de","properties":{"gml_id":"bldg_206a6184-50f6-4a3d-82b2-c4bddf0fc5de","mesh":"53394541","measuredHeight":9.7},"geometry":{"type":"Polygon","coordinates":[[[139.649606,35.706031],[139.649622,35.706072],[139.649479,35.706108],[139.649463,35.706067],[139.649606,35.706031]]]}},{"type":"Feature","id":"bldg_fe4e22d8-2ee6-464c-9b4c-8822ce4ec6da","properties":{"gml_id":"bldg_fe4e22d8-2ee6-464c-9b4c-8822ce4ec6da","mesh":"53394541","measuredHeight":9.4},"geometry":{"type":"Polygon","coordinates":[[[139.649233,35.706585],[139.649264,35.706577],[139.649279,35.706621],[139.649272,35.706623],[139.649313,35.70674],[139.648831,35.706851],[139.648767,35.706669],[139.649226,35.706563],[139.649233,35.706585]]]}},{"type":"Feature","id":"bldg_fd3d32e1-3e67-4bfb-8bb6-46ab87dd761f","properties":{"gml_id":"bldg_fd3d32e1-3e67-4bfb-8bb6-46ab87dd761f","mesh":"53394541","measuredHeight":8.6},"geometry":{"type":"Polygon","coordinates":[[[139.647626,35.702729],[139.647579,35.702736],[139.647564,35.702675],[139.647611,35.702667],[139.647626,35.702729]]]}},{"type":"Feature","id":"bldg_12973863-fa71-4ac5-8543-db3f5cbd1f16","properties":{"gml_id":"bldg_12973863-fa71-4ac5-8543-db3f5cbd1f16","mesh":"53394541","measuredHeight":8.9},"geometry":{"type":"Polygon","coordinates":[[[139.649091,35.705588],[139.64916,35.705699],[139.649085,35.70573],[139.649016,35.705619],[139.649091,35.705588]]]}},{"type":"Feature","id":"bldg_5937e7c8-98e7-43e8-8325-297a5b3f6fc5","properties":{"gml_id":"bldg_5937e7c8-98e7-43e8-8325-297a5b3f6fc5","mesh":"53394541","measuredHeight":7.1},"geometry":{"type":"Polygon","coordinates":[[[139.646826,35.704996],[139.646806,35.70492],[139.646935,35.704897],[139.646956,35.704973],[139.646826,35.704996]]]}},{"type":"Feature","id":"bldg_f73c357a-d649-4f29-b73f-058a3ee4f7f9","properties":{"gml_id":"bldg_f73c357a-d649-4f29-b73f-058a3ee4f7f9","mesh":"53394541","measuredHeight":7.2},"geometry":{"type":"Polygon","coordinates":[[[139.648187,35.70511],[139.648175,35.705112],[139.648162,35.70506],[139.648221,35.705051],[139.648236,35.705114],[139.648189,35.705121],[139.648187,35.70511]]]}},{"type":"Feature","id":"bldg_4ba60034-f69b-4b6e-a955-c4e3daaf0d0a","properties":{"gml_id":"bldg_4ba60034-f69b-4b6e-a955-c4e3daaf0d0a","mesh":"53394541","measuredHeight":24.1},"geometry":{"type":"Polygon","coordinates":[[[139.649541,35.703613],[139.649542,35.70366],[139.649409,35.70369],[139.649394,35.703647],[139.649541,35.703613]]]}},{"type":"Feature","id":"bldg_508f33ff-9a41-40a3-a4a7-8606bf85d362","properties":{"gml_id":"bldg_508f33ff-9a41-40a3-a4a7-8606bf85d362","mesh":"53394541","measuredHeight":17.4},"geometry":{"type":"Polygon","coordinates":[[[139.648165,35.702772],[139.64804,35.702833],[139.647919,35.702865],[139.647876,35.702732],[139.647967,35.702713],[139.648009,35.70277],[139.648084,35.702733],[139.648107,35.702722],[139.648122,35.702714],[139.648165,35.702772]]]}},{"type":"Feature","id":"bldg_4742c6f0-bcc1-499b-b6ca-7f202b8d6503","properties":{"gml_id":"bldg_4742c6f0-bcc1-499b-b6ca-7f202b8d6503","mesh":"53394541","measuredHeight":10.3},"geometry":{"type":"Polygon","coordinates":[[[139.646916,35.704455],[139.647006,35.704438],[139.647051,35.704588],[139.646962,35.704606],[139.646916,35.704455]]]}},{"type":"Feature","id":"bldg_c074bc0d-716e-4e46-b0d5-005869e8dddf","properties":{"gml_id":"bldg_c074bc0d-716e-4e46-b0d5-005869e8dddf","mesh":"53394541","measuredHeight":6.2},"geometry":{"type":"Polygon","coordinates":[[[139.648302,35.706456],[139.648345,35.706523],[139.648226,35.706573],[139.648188,35.706514],[139.648194,35.706512],[139.648187,35.706502],[139.648302,35.706456]]]}},{"type":"Feature","id":"bldg_6d21e4c2-07c1-4bbe-b253-952443b1782b","properties":{"gml_id":"bldg_6d21e4c2-07c1-4bbe-b253-952443b1782b","mesh":"53394541","measuredHeight":12.6},"geometry":{"type":"Polygon","coordinates":[[[139.649148,35.705551],[139.649182,35.705537],[139.64919,35.705551],[139.649203,35.705572],[139.64921,35.70557],[139.649215,35.705578],[139.64926,35.705561],[139.649285,35.705605],[139.649241,35.705623],[139.64928,35.705686],[139.649241,35.705702],[139.649148,35.705551]]]}},{"type":"Feature","id":"bldg_ba0ea534-1ec5-4158-8458-8e7f3185d1ab","properties":{"gml_id":"bldg_ba0ea534-1ec5-4158-8458-8e7f3185d1ab","mesh":"53394541","measuredHeight":6.8},"geometry":{"type":"Polygon","coordinates":[[[139.646787,35.706159],[139.646857,35.70614],[139.646853,35.706131],[139.646879,35.706124],[139.646896,35.706166],[139.646872,35.706172],[139.646874,35.706177],[139.646802,35.706196],[139.646787,35.706159]]]}},{"type":"Feature","id":"bldg_76ccd7e1-9f86-451f-b991-2a3ec722ec7a","properties":{"gml_id":"bldg_76ccd7e1-9f86-451f-b991-2a3ec722ec7a","mesh":"53394541","measuredHeight":2.3},"geometry":{"type":"Polygon","coordinates":[[[139.647242,35.703193],[139.647267,35.703188],[139.647313,35.703346],[139.647288,35.703351],[139.647242,35.703193]]]}},{"type":"Feature","id":"bldg_1cb8e4df-c8b2-4776-9973-09f749aef724","properties":{"gml_id":"bldg_1cb8e4df-c8b2-4776-9973-09f749aef724","mesh":"53394541","measuredHeight":15.3},"geometry":{"type":"Polygon","coordinates":[[[139.649925,35.703442],[139.649909,35.703391],[139.649912,35.70339],[139.649911,35.703386],[139.649921,35.703384],[139.64992,35.70338],[139.649981,35.703367],[139.650026,35.703388],[139.650042,35.703438],[139.649918,35.703464],[139.649907,35.703467],[139.649897,35.703469],[139.649892,35.703452],[139.649901,35.70345],[139.649912,35.703445],[139.649917,35.703444],[139.649925,35.703442]]]}},{"type":"Feature","id":"bldg_8f450f76-5b57-4263-8ea6-016e05890c6e","properties":{"gml_id":"bldg_8f450f76-5b57-4263-8ea6-016e05890c6e","mesh":"53394541","measuredHeight":9.2},"geometry":{"type":"Polygon","coordinates":[[[139.648665,35.703159],[139.648705,35.70315],[139.648715,35.703183],[139.648675,35.703192],[139.648665,35.703159]]]}},{"type":"Feature","id":"bldg_49569be9-d39e-4aba-a2d5-39ccb82425bb","properties":{"gml_id":"bldg_49569be9-d39e-4aba-a2d5-39ccb82425bb","mesh":"53394541","measuredHeight":8.1},"geometry":{"type":"Polygon","coordinates":[[[139.649726,35.703316],[139.649727,35.703166],[139.649733,35.703165],[139.64979,35.703342],[139.649769,35.703346],[139.649726,35.703316]]]}},{"type":"Feature","id":"bldg_00bc838e-9eaa-4c3d-a14c-6fa076e72c48","properties":{"gml_id":"bldg_00bc838e-9eaa-4c3d-a14c-6fa076e72c48","mesh":"53394541","measuredHeight":25.3},"geometry":{"type":"Polygon","coordinates":[[[139.649535,35.706449],[139.649541,35.706471],[139.649471,35.706484],[139.649448,35.706403],[139.649554,35.706383],[139.649571,35.706442],[139.649535,35.706449]]]}},{"type":"Feature","id":"bldg_e3de6f5c-f101-4eaf-a1b4-2d064f7f4a2e","properties":{"gml_id":"bldg_e3de6f5c-f101-4eaf-a1b4-2d064f7f4a2e","mesh":"53394541","measuredHeight":7.3},"geometry":{"type":"Polygon","coordinates":[[[139.647201,35.705115],[139.647186,35.70506],[139.647309,35.705037],[139.647331,35.705119],[139.647254,35.705118],[139.64725,35.705106],[139.647201,35.705115]]]}},{"type":"Feature","id":"bldg_df2b8398-b14e-4e6a-86ff-d233d0b29b7f","properties":{"gml_id":"bldg_df2b8398-b14e-4e6a-86ff-d233d0b29b7f","mesh":"53394541","measuredHeight":6.6},"geometry":{"type":"Polygon","coordinates":[[[139.648113,35.705122],[139.648107,35.705072],[139.648163,35.705068],[139.64817,35.705126],[139.648122,35.70513],[139.648113,35.705122]]]}},{"type":"Feature","id":"bldg_75735941-e623-47a9-9f3a-5a649f062a40","properties":{"gml_id":"bldg_75735941-e623-47a9-9f3a-5a649f062a40","mesh":"53394541","measuredHeight":7.8},"geometry":{"type":"Polygon","coordinates":[[[139.648998,35.705415],[139.649052,35.705421],[139.649064,35.705437],[139.64903,35.705455],[139.648998,35.705415]]]}},{"type":"Feature","id":"bldg_cabc7abf-2dd4-480c-9eca-bbaf9a349765","properties":{"gml_id":"bldg_cabc7abf-2dd4-480c-9eca-bbaf9a349765","mesh":"53394541","measuredHeight":8.3},"geometry":{"type":"Polygon","coordinates":[[[139.647779,35.706092],[139.647694,35.705948],[139.647745,35.705925],[139.647832,35.706071],[139.647779,35.706092]]]}},{"type":"Feature","id":"bldg_8cfcdaeb-e9b9-431e-9bf5-4d97a9153a13","properties":{"gml_id":"bldg_8cfcdaeb-e9b9-431e-9bf5-4d97a9153a13","mesh":"53394541","measuredHeight":11.5},"geometry":{"type":"Polygon","coordinates":[[[139.647681,35.706139],[139.64763,35.706055],[139.647672,35.706038],[139.647723,35.706122],[139.647681,35.706139]]]}},{"type":"Feature","id":"bldg_80a90686-af69-4e23-9de2-58a0ea7d609b","properties":{"gml_id":"bldg_80a90686-af69-4e23-9de2-58a0ea7d609b","mesh":"53394541","measuredHeight":16.7},"geometry":{"type":"Polygon","coordinates":[[[139.646443,35.704647],[139.646537,35.704628],[139.646575,35.704755],[139.646482,35.704774],[139.646443,35.704647]]]}},{"type":"Feature","id":"bldg_50084cc9-7427-42b6-ad1b-04764bfa7892","properties":{"gml_id":"bldg_50084cc9-7427-42b6-ad1b-04764bfa7892","mesh":"53394541","measuredHeight":7.9},"geometry":{"type":"Polygon","coordinates":[[[139.649453,35.703552],[139.649422,35.703559],[139.649394,35.703478],[139.649424,35.70347],[139.649453,35.703552]]]}},{"type":"Feature","id":"bldg_4acbfce4-6a04-4b81-99f3-966d66a4d55e","properties":{"gml_id":"bldg_4acbfce4-6a04-4b81-99f3-966d66a4d55e","mesh":"53394541","measuredHeight":15.5},"geometry":{"type":"Polygon","coordinates":[[[139.647809,35.70589],[139.64773,35.705759],[139.647775,35.705741],[139.647836,35.705841],[139.647852,35.705835],[139.647871,35.705865],[139.647809,35.70589]]]}},{"type":"Feature","id":"bldg_6cd9ff5e-03c7-47c5-b389-e83f1a145d29","properties":{"gml_id":"bldg_6cd9ff5e-03c7-47c5-b389-e83f1a145d29","mesh":"53394541","measuredHeight":8.5},"geometry":{"type":"Polygon","coordinates":[[[139.647979,35.7027],[139.647977,35.702698],[139.648067,35.702653],[139.648089,35.702655],[139.648127,35.702705],[139.648022,35.702757],[139.64802,35.702755],[139.648001,35.702729],[139.647979,35.7027]]]}},{"type":"Feature","id":"bldg_b23ff189-de0a-44bc-ac59-a65ca1536923","properties":{"gml_id":"bldg_b23ff189-de0a-44bc-ac59-a65ca1536923","mesh":"53394541","measuredHeight":12.1},"geometry":{"type":"Polygon","coordinates":[[[139.648164,35.702775],[139.648211,35.702833],[139.648083,35.702903],[139.648063,35.702831],[139.648164,35.702775]]]}},{"type":"Feature","id":"bldg_248e9a29-6c61-4567-ac22-4aacc8745b4d","properties":{"gml_id":"bldg_248e9a29-6c61-4567-ac22-4aacc8745b4d","mesh":"53394541","measuredHeight":9.6},"geometry":{"type":"Polygon","coordinates":[[[139.649302,35.703714],[139.649401,35.703692],[139.64943,35.70378],[139.649332,35.703802],[139.649302,35.703714]]]}},{"type":"Feature","id":"bldg_1adcaf3a-0840-4e90-a7f4-f67b3dc49766","properties":{"gml_id":"bldg_1adcaf3a-0840-4e90-a7f4-f67b3dc49766","mesh":"53394541","measuredHeight":7.1},"geometry":{"type":"Polygon","coordinates":[[[139.648799,35.706026],[139.648659,35.706095],[139.648633,35.70606],[139.648773,35.705991],[139.648799,35.706026]]]}},{"type":"Feature","id":"bldg_e420d105-caf9-45c5-b686-8a72eb9bd4bc","properties":{"gml_id":"bldg_e420d105-caf9-45c5-b686-8a72eb9bd4bc","mesh":"53394541","measuredHeight":2.6},"geometry":{"type":"Polygon","coordinates":[[[139.648063,35.704178],[139.648057,35.704157],[139.648119,35.704144],[139.648126,35.704164],[139.648063,35.704178]]]}},{"type":"Feature","id":"bldg_47635ede-3c00-4ec6-b468-ac7b1bbc7f18","properties":{"gml_id":"bldg_47635ede-3c00-4ec6-b468-ac7b1bbc7f18","mesh":"53394541","measuredHeight":7.7},"geometry":{"type":"Polygon","coordinates":[[[139.647308,35.703859],[139.64729,35.703796],[139.647415,35.703773],[139.647433,35.703836],[139.647308,35.703859]]]}},{"type":"Feature","id":"bldg_079704dc-5821-4fb2-9b95-1f1a43514c29","properties":{"gml_id":"bldg_079704dc-5821-4fb2-9b95-1f1a43514c29","mesh":"53394541","measuredHeight":8.0},"geometry":{"type":"Polygon","coordinates":[[[139.646667,35.706483],[139.646689,35.706475],[139.646744,35.70657],[139.646658,35.706603],[139.646599,35.706503],[139.646664,35.706478],[139.646667,35.706483]]]}},{"type":"Feature","id":"bldg_8d1416dc-e4e7-4891-bf53-0306ca7e1b53","properties":{"gml_id":"bldg_8d1416dc-e4e7-4891-bf53-0306ca7e1b53","mesh":"53394541","measuredHeight":12.1},"geometry":{"type":"Polygon","coordinates":[[[139.647646,35.704115],[139.647659,35.704113],[139.647689,35.704222],[139.647614,35.704236],[139.647606,35.704207],[139.647577,35.704212],[139.64755,35.704112],[139.647641,35.704095],[139.647646,35.704115]]]}},{"type":"Feature","id":"bldg_8cf60f60-7d02-495d-9fb0-b957b5458ed7","properties":{"gml_id":"bldg_8cf60f60-7d02-495d-9fb0-b957b5458ed7","mesh":"53394541","measuredHeight":6.5},"geometry":{"type":"Polygon","coordinates":[[[139.648102,35.705687],[139.648145,35.70567],[139.6482,35.705763],[139.648146,35.705784],[139.648099,35.705705],[139.64811,35.705701],[139.648102,35.705687]]]}},{"type":"Feature","id":"bldg_56f78359-a616-4c15-b57f-48bee9244f7b","properties":{"gml_id":"bldg_56f78359-a616-4c15-b57f-48bee9244f7b","mesh":"53394541","measuredHeight":16.0},"geometry":{"type":"Polygon","coordinates":[[[139.650984,35.705378],[139.651165,35.705386],[139.651163,35.705419],[139.651002,35.705423],[139.651002,35.70544],[139.650222,35.705456],[139.649877,35.705442],[139.649531,35.705424],[139.649172,35.705397],[139.648817,35.705365],[139.648604,35.705346],[139.648603,35.70535],[139.648482,35.705337],[139.648333,35.705329],[139.648334,35.705292],[139.648483,35.705295],[139.648486,35.70528],[139.64879,35.705294],[139.649113,35.705312],[139.650016,35.705357],[139.650423,35.705372],[139.650808,35.705379],[139.650984,35.705383],[139.650984,35.705378]]]}},{"type":"Feature","id":"bldg_1ddae598-5845-4bb1-93a0-0f725e1e47ec","properties":{"gml_id":"bldg_1ddae598-5845-4bb1-93a0-0f725e1e47ec","mesh":"53394541","measuredHeight":7.5},"geometry":{"type":"Polygon","coordinates":[[[139.648037,35.705598],[139.648093,35.705577],[139.648134,35.705652],[139.648078,35.705672],[139.648037,35.705598]]]}},{"type":"Feature","id":"bldg_32cc942f-8d44-4273-9acc-a7573d5d1304","properties":{"gml_id":"bldg_32cc942f-8d44-4273-9acc-a7573d5d1304","mesh":"53394541","measuredHeight":9.4},"geometry":{"type":"Polygon","coordinates":[[[139.646966,35.703606],[139.646891,35.703621],[139.646888,35.703612],[139.646882,35.703613],[139.646868,35.703565],[139.646874,35.703564],[139.646862,35.703523],[139.646938,35.703509],[139.646949,35.703549],[139.646951,35.703549],[139.646965,35.703597],[139.646963,35.703597],[139.646966,35.703606]]]}},{"type":"Feature","id":"bldg_5b6f9040-b612-4abc-99ac-162203254110","properties":{"gml_id":"bldg_5b6f9040-b612-4abc-99ac-162203254110","mesh":"53394541","measuredHeight":7.1},"geometry":{"type":"Polygon","coordinates":[[[139.647915,35.703253],[139.647952,35.703245],[139.648,35.703406],[139.647963,35.703414],[139.647915,35.703253]]]}},{"type":"Feature","id":"bldg_d9676e31-9836-44b0-a4fe-5387cd3376f0","properties":{"gml_id":"bldg_d9676e31-9836-44b0-a4fe-5387cd3376f0","mesh":"53394541","measuredHeight":9.2},"geometry":{"type":"Polygon","coordinates":[[[139.64909,35.705587],[139.649015,35.705618],[139.648995,35.705587],[139.64907,35.705556],[139.64909,35.705587]]]}},{"type":"Feature","id":"bldg_9acac6b9-cccc-402c-96f5-393af0acc465","properties":{"gml_id":"bldg_9acac6b9-cccc-402c-96f5-393af0acc465","mesh":"53394541","measuredHeight":12.8},"geometry":{"type":"Polygon","coordinates":[[[139.648261,35.70586],[139.648152,35.705672],[139.648236,35.70564],[139.648344,35.705828],[139.648261,35.70586]]]}},{"type":"Feature","id":"bldg_037483ce-01dc-486e-abd6-d764ee80592c","properties":{"gml_id":"bldg_037483ce-01dc-486e-abd6-d764ee80592c","mesh":"53394541","measuredHeight":11.1},"geometry":{"type":"Polygon","coordinates":[[[139.649362,35.702907],[139.649373,35.702944],[139.649312,35.702956],[139.649282,35.702848],[139.649359,35.702833],[139.649361,35.702843],[139.649368,35.702842],[139.649385,35.702903],[139.649362,35.702907]]]}},{"type":"Feature","id":"bldg_83955cae-8454-4d64-9ee0-4da65a72e9ed","properties":{"gml_id":"bldg_83955cae-8454-4d64-9ee0-4da65a72e9ed","mesh":"53394541","measuredHeight":8.1},"geometry":{"type":"Polygon","coordinates":[[[139.646925,35.706174],[139.646929,35.706183],[139.647006,35.706159],[139.647019,35.70619],[139.64694,35.706214],[139.646944,35.706222],[139.646918,35.70623],[139.646897,35.706182],[139.646925,35.706174]]]}},{"type":"Feature","id":"bldg_427bec39-ee62-427c-85a4-3e2064a8dfb2","properties":{"gml_id":"bldg_427bec39-ee62-427c-85a4-3e2064a8dfb2","mesh":"53394541","measuredHeight":9.6},"geometry":{"type":"Polygon","coordinates":[[[139.648833,35.704012],[139.648843,35.704042],[139.648696,35.704077],[139.648683,35.704042],[139.648742,35.704028],[139.648744,35.704033],[139.648833,35.704012]]]}},{"type":"Feature","id":"bldg_3a4ca157-8172-4420-9a52-f9b37713bad2","properties":{"gml_id":"bldg_3a4ca157-8172-4420-9a52-f9b37713bad2","mesh":"53394541","measuredHeight":7.1},"geometry":{"type":"Polygon","coordinates":[[[139.647081,35.703385],[139.647122,35.703377],[139.647142,35.703451],[139.647102,35.703458],[139.647081,35.703385]]]}},{"type":"Feature","id":"bldg_12d90cdb-5f0b-4716-8153-9e93a27acd1c","properties":{"gml_id":"bldg_12d90cdb-5f0b-4716-8153-9e93a27acd1c","mesh":"53394541","measuredHeight":7.9},"geometry":{"type":"Polygon","coordinates":[[[139.646419,35.702621],[139.646468,35.70261],[139.64651,35.702739],[139.646499,35.702741],[139.646505,35.702759],[139.646466,35.702767],[139.646419,35.702621]]]}},{"type":"Feature","id":"bldg_fa94fb49-eddb-4fa5-9cbb-536a32ab1cd6","properties":{"gml_id":"bldg_fa94fb49-eddb-4fa5-9cbb-536a32ab1cd6","mesh":"53394541","measuredHeight":8.0},"geometry":{"type":"Polygon","coordinates":[[[139.647427,35.704604],[139.647321,35.704623],[139.647308,35.704577],[139.647415,35.704558],[139.647427,35.704604]]]}},{"type":"Feature","id":"bldg_8fe2124b-35aa-4932-ae8c-2429a9e895a5","properties":{"gml_id":"bldg_8fe2124b-35aa-4932-ae8c-2429a9e895a5","mesh":"53394541","measuredHeight":3.9},"geometry":{"type":"Polygon","coordinates":[[[139.647175,35.706514],[139.647165,35.706497],[139.647197,35.706483],[139.647208,35.7065],[139.647175,35.706514]]]}},{"type":"Feature","id":"bldg_f36ba821-82b7-413e-84a3-c904811543b2","properties":{"gml_id":"bldg_f36ba821-82b7-413e-84a3-c904811543b2","mesh":"53394541","measuredHeight":9.7},"geometry":{"type":"Polygon","coordinates":[[[139.649264,35.705053],[139.649242,35.705039],[139.649329,35.70502],[139.649342,35.705059],[139.649265,35.705058],[139.649264,35.705053]]]}},{"type":"Feature","id":"bldg_df6d2ac6-6bb4-4bbf-a37d-be27cb83a069","properties":{"gml_id":"bldg_df6d2ac6-6bb4-4bbf-a37d-be27cb83a069","mesh":"53394541","measuredHeight":13.3},"geometry":{"type":"Polygon","coordinates":[[[139.648468,35.70302],[139.648478,35.702998],[139.648596,35.702975],[139.648621,35.70306],[139.648505,35.703083],[139.648468,35.70302]]]}},{"type":"Feature","id":"bldg_ab84b74f-6d3e-4e00-9a7d-b6772913500e","properties":{"gml_id":"bldg_ab84b74f-6d3e-4e00-9a7d-b6772913500e","mesh":"53394541","measuredHeight":9.3},"geometry":{"type":"Polygon","coordinates":[[[139.647047,35.706432],[139.647001,35.706449],[139.646923,35.7063],[139.646969,35.706284],[139.647047,35.706432]]]}},{"type":"Feature","id":"bldg_744d5a4a-4988-470d-a473-34a7641bc282","properties":{"gml_id":"bldg_744d5a4a-4988-470d-a473-34a7641bc282","mesh":"53394541","measuredHeight":6.4},"geometry":{"type":"Polygon","coordinates":[[[139.647728,35.702803],[139.647723,35.702782],[139.647746,35.702778],[139.647742,35.702761],[139.647819,35.702747],[139.647848,35.702856],[139.64769,35.702884],[139.647672,35.702813],[139.647728,35.702803]]]}},{"type":"Feature","id":"bldg_4f15b6b0-0c40-44a0-b992-226df31dbfa0","properties":{"gml_id":"bldg_4f15b6b0-0c40-44a0-b992-226df31dbfa0","mesh":"53394541","measuredHeight":7.7},"geometry":{"type":"Polygon","coordinates":[[[139.647795,35.703295],[139.647792,35.703285],[139.647832,35.703277],[139.647875,35.70343],[139.647835,35.703438],[139.647835,35.703437],[139.647796,35.703299],[139.647795,35.703295]]]}},{"type":"Feature","id":"bldg_de50486e-d7a3-4fe8-a430-98685f074a75","properties":{"gml_id":"bldg_de50486e-d7a3-4fe8-a430-98685f074a75","mesh":"53394541","measuredHeight":27.5},"geometry":{"type":"Polygon","coordinates":[[[139.649864,35.704728],[139.649816,35.704729],[139.64979,35.704707],[139.64979,35.704697],[139.649781,35.704698],[139.64978,35.704676],[139.649862,35.704674],[139.649864,35.704728]]]}},{"type":"Feature","id":"bldg_12b5a06a-7340-420d-839e-5444df58b685","properties":{"gml_id":"bldg_12b5a06a-7340-420d-839e-5444df58b685","mesh":"53394541","measuredHeight":9.2},"geometry":{"type":"Polygon","coordinates":[[[139.646583,35.703564],[139.646404,35.703602],[139.6464,35.703588],[139.646383,35.703591],[139.646364,35.703531],[139.646365,35.703524],[139.646541,35.703486],[139.646548,35.703508],[139.646574,35.703503],[139.646585,35.703538],[139.646575,35.70354],[139.646583,35.703564]]]}},{"type":"Feature","id":"bldg_3a0a6df2-66af-4673-8a01-11c936a829e6","properties":{"gml_id":"bldg_3a0a6df2-66af-4673-8a01-11c936a829e6","mesh":"53394541","measuredHeight":11.3},"geometry":{"type":"Polygon","coordinates":[[[139.648732,35.703715],[139.648743,35.703745],[139.648631,35.703772],[139.64862,35.703742],[139.648732,35.703715]]]}},{"type":"Feature","id":"bldg_a9fd593b-233c-4740-9b01-656ff6dd3926","properties":{"gml_id":"bldg_a9fd593b-233c-4740-9b01-656ff6dd3926","mesh":"53394541","measuredHeight":17.2},"geometry":{"type":"Polygon","coordinates":[[[139.649424,35.704999],[139.649446,35.705066],[139.649403,35.705063],[139.649385,35.705007],[139.649424,35.704999]]]}},{"type":"Feature","id":"bldg_f5115d29-b793-452f-aa62-eaf2db9c37e8","properties":{"gml_id":"bldg_f5115d29-b793-452f-aa62-eaf2db9c37e8","mesh":"53394541","measuredHeight":8.8},"geometry":{"type":"Polygon","coordinates":[[[139.64646,35.704015],[139.646493,35.704008],[139.646526,35.704118],[139.646493,35.704124],[139.64646,35.704015]]]}},{"type":"Feature","id":"bldg_22e7fa6c-0e28-4ec3-953a-aab872ee33cd","properties":{"gml_id":"bldg_22e7fa6c-0e28-4ec3-953a-aab872ee33cd","mesh":"53394541","measuredHeight":9.5},"geometry":{"type":"Polygon","coordinates":[[[139.648119,35.703219],[139.648175,35.703208],[139.648221,35.703363],[139.648166,35.703374],[139.648119,35.703219]]]}},{"type":"Feature","id":"bldg_1a1464aa-3a63-4c81-91e1-9447b076bee0","properties":{"gml_id":"bldg_1a1464aa-3a63-4c81-91e1-9447b076bee0","mesh":"53394541","measuredHeight":6.9},"geometry":{"type":"Polygon","coordinates":[[[139.647129,35.703711],[139.647082,35.703721],[139.647061,35.703651],[139.647066,35.70365],[139.647064,35.703644],[139.647106,35.703635],[139.647129,35.703711]]]}},{"type":"Feature","id":"bldg_d857e9f7-ef81-4cef-a4fd-b890970e0adf","properties":{"gml_id":"bldg_d857e9f7-ef81-4cef-a4fd-b890970e0adf","mesh":"53394541","measuredHeight":6.3},"geometry":{"type":"Polygon","coordinates":[[[139.648562,35.70636],[139.648611,35.706429],[139.648549,35.706458],[139.6485,35.706388],[139.648562,35.70636]]]}},{"type":"Feature","id":"bldg_a8fcf760-8c37-4e44-8371-936fd9ad320f","properties":{"gml_id":"bldg_a8fcf760-8c37-4e44-8371-936fd9ad320f","mesh":"53394541","measuredHeight":19.6},"geometry":{"type":"Polygon","coordinates":[[[139.648651,35.706157],[139.648496,35.706228],[139.648448,35.706158],[139.64845,35.706151],[139.648435,35.706148],[139.64842,35.706129],[139.648425,35.706117],[139.648416,35.706115],[139.648366,35.706043],[139.64852,35.705972],[139.648516,35.705966],[139.64856,35.705946],[139.648564,35.705951],[139.648627,35.705922],[139.648665,35.705977],[139.648661,35.705979],[139.648652,35.706004],[139.648627,35.705998],[139.648619,35.70602],[139.648597,35.706015],[139.64859,35.706035],[139.648563,35.706029],[139.648556,35.706051],[139.648529,35.706045],[139.648522,35.706066],[139.648495,35.706059],[139.648487,35.706082],[139.648497,35.706098],[139.648509,35.706099],[139.648507,35.706111],[139.648515,35.706123],[139.648543,35.70613],[139.648551,35.706108],[139.648577,35.706114],[139.648585,35.706094],[139.648611,35.7061],[139.648651,35.706157]]]}},{"type":"Feature","id":"bldg_9b3e7758-882c-41df-9b4c-7b316cf07e35","properties":{"gml_id":"bldg_9b3e7758-882c-41df-9b4c-7b316cf07e35","mesh":"53394541","measuredHeight":11.3},"geometry":{"type":"Polygon","coordinates":[[[139.648842,35.706067],[139.648741,35.706118],[139.648714,35.706082],[139.64881,35.706034],[139.648842,35.706067]]]}},{"type":"Feature","id":"bldg_b799272a-a5bd-4c92-a7db-ae90234d7be5","properties":{"gml_id":"bldg_b799272a-a5bd-4c92-a7db-ae90234d7be5","mesh":"53394541","measuredHeight":11.6},"geometry":{"type":"Polygon","coordinates":[[[139.647013,35.70382],[139.646898,35.703842],[139.646851,35.703683],[139.646967,35.703661],[139.647013,35.70382]]]}},{"type":"Feature","id":"bldg_a572d4ea-ebe0-46b4-907a-4ad912df5636","properties":{"gml_id":"bldg_a572d4ea-ebe0-46b4-907a-4ad912df5636","mesh":"53394541","measuredHeight":9.5},"geometry":{"type":"Polygon","coordinates":[[[139.647718,35.703179],[139.647733,35.703227],[139.647609,35.703253],[139.647594,35.703205],[139.647718,35.703179]]]}},{"type":"Feature","id":"bldg_659809d7-677a-455c-9356-972854456fa2","properties":{"gml_id":"bldg_659809d7-677a-455c-9356-972854456fa2","mesh":"53394541","measuredHeight":6.7},"geometry":{"type":"Polygon","coordinates":[[[139.647033,35.705897],[139.647012,35.70585],[139.647102,35.705824],[139.647123,35.70587],[139.647033,35.705897]]]}},{"type":"Feature","id":"bldg_78f784bf-56c4-4a68-bbfd-6f19d914df78","properties":{"gml_id":"bldg_78f784bf-56c4-4a68-bbfd-6f19d914df78","mesh":"53394541","measuredHeight":6.3},"geometry":{"type":"Polygon","coordinates":[[[139.647945,35.702934],[139.647927,35.702892],[139.647936,35.70289],[139.647932,35.70288],[139.648051,35.702846],[139.648076,35.702904],[139.648034,35.702916],[139.648032,35.70291],[139.647945,35.702934]]]}},{"type":"Feature","id":"bldg_59374f28-674c-47dc-b48b-0380e44b0be4","properties":{"gml_id":"bldg_59374f28-674c-47dc-b48b-0380e44b0be4","mesh":"53394541","measuredHeight":7.9},"geometry":{"type":"Polygon","coordinates":[[[139.647218,35.704956],[139.647283,35.704944],[139.647305,35.705019],[139.647267,35.705026],[139.647271,35.70504],[139.647181,35.705057],[139.647161,35.704988],[139.647223,35.704976],[139.647218,35.704956]]]}},{"type":"Feature","id":"bldg_6e9c6c6e-71a1-44ef-acc9-77d0ac75ce82","properties":{"gml_id":"bldg_6e9c6c6e-71a1-44ef-acc9-77d0ac75ce82","mesh":"53394541","measuredHeight":6.7},"geometry":{"type":"Polygon","coordinates":[[[139.647815,35.703264],[139.647759,35.703275],[139.647716,35.703134],[139.647756,35.703126],[139.647758,35.703133],[139.647773,35.70313],[139.647815,35.703264]]]}},{"type":"Feature","id":"bldg_044bf2bb-0e27-4147-803d-aeeb0fca4b0b","properties":{"gml_id":"bldg_044bf2bb-0e27-4147-803d-aeeb0fca4b0b","mesh":"53394541","measuredHeight":7.2},"geometry":{"type":"Polygon","coordinates":[[[139.647432,35.703415],[139.647473,35.703408],[139.6475,35.703506],[139.64746,35.703514],[139.647432,35.703415]]]}},{"type":"Feature","id":"bldg_2a9a2dfa-3dfc-4656-b123-f1bd447c2634","properties":{"gml_id":"bldg_2a9a2dfa-3dfc-4656-b123-f1bd447c2634","mesh":"53394541","measuredHeight":9.3},"geometry":{"type":"Polygon","coordinates":[[[139.648968,35.705822],[139.648787,35.705898],[139.648744,35.705829],[139.648925,35.705753],[139.648968,35.705822]]]}},{"type":"Feature","id":"bldg_0361e26f-714a-4273-bacb-b75b20865a2e","properties":{"gml_id":"bldg_0361e26f-714a-4273-bacb-b75b20865a2e","mesh":"53394541","measuredHeight":12.1},"geometry":{"type":"Polygon","coordinates":[[[139.649479,35.706236],[139.64943,35.706249],[139.649423,35.706231],[139.649385,35.706133],[139.649357,35.706141],[139.649349,35.70612],[139.649352,35.706119],[139.649344,35.706111],[139.649345,35.706103],[139.649353,35.706099],[139.649361,35.706104],[139.649358,35.706096],[139.649417,35.70608],[139.649479,35.706236]]]}},{"type":"Feature","id":"bldg_cbd6fd63-c546-4972-83e4-b9ce01f659e0","properties":{"gml_id":"bldg_cbd6fd63-c546-4972-83e4-b9ce01f659e0","mesh":"53394541","measuredHeight":9.5},"geometry":{"type":"Polygon","coordinates":[[[139.648992,35.70425],[139.649164,35.704213],[139.649176,35.704252],[139.649004,35.704289],[139.648992,35.70425]]]}},{"type":"Feature","id":"bldg_393953ba-de5a-4989-83b4-11c3a8e8d8ba","properties":{"gml_id":"bldg_393953ba-de5a-4989-83b4-11c3a8e8d8ba","mesh":"53394541","measuredHeight":6.8},"geometry":{"type":"Polygon","coordinates":[[[139.649829,35.702884],[139.649861,35.702878],[139.649882,35.702952],[139.649849,35.702958],[139.649829,35.702884]]]}},{"type":"Feature","id":"bldg_7f7cc761-bcaa-472c-abf8-280b9c8eca13","properties":{"gml_id":"bldg_7f7cc761-bcaa-472c-abf8-280b9c8eca13","mesh":"53394541","measuredHeight":18.1},"geometry":{"type":"Polygon","coordinates":[[[139.647376,35.706258],[139.647314,35.706108],[139.647388,35.706087],[139.647409,35.706136],[139.647416,35.706134],[139.647457,35.706228],[139.64746,35.706234],[139.647376,35.706258]]]}},{"type":"Feature","id":"bldg_f059f6aa-0873-4a61-a197-20413d8bfb65","properties":{"gml_id":"bldg_f059f6aa-0873-4a61-a197-20413d8bfb65","mesh":"53394541","measuredHeight":11.5},"geometry":{"type":"Polygon","coordinates":[[[139.647955,35.7062],[139.648037,35.70616],[139.648097,35.706241],[139.648014,35.706281],[139.647955,35.7062]]]}},{"type":"Feature","id":"bldg_c576884c-cfd9-42f0-b46f-7f311c9684d7","properties":{"gml_id":"bldg_c576884c-cfd9-42f0-b46f-7f311c9684d7","mesh":"53394541","measuredHeight":7.3},"geometry":{"type":"Polygon","coordinates":[[[139.649275,35.706167],[139.64932,35.706273],[139.649269,35.706288],[139.649223,35.706181],[139.649275,35.706167]]]}},{"type":"Feature","id":"bldg_98f9399b-242d-417a-9f02-ccdc9506254b","properties":{"gml_id":"bldg_98f9399b-242d-417a-9f02-ccdc9506254b","mesh":"53394541","measuredHeight":9.0},"geometry":{"type":"Polygon","coordinates":[[[139.649095,35.706113],[139.649004,35.706151],[139.648981,35.706114],[139.649016,35.706099],[139.648999,35.706072],[139.649055,35.706049],[139.649071,35.706075],[139.64908,35.706071],[139.649101,35.706106],[139.649093,35.706109],[139.649095,35.706113]]]}},{"type":"Feature","id":"bldg_fb6e7351-aebe-4f8f-b336-746486a3f4e0","properties":{"gml_id":"bldg_fb6e7351-aebe-4f8f-b336-746486a3f4e0","mesh":"53394541","measuredHeight":21.1},"geometry":{"type":"Polygon","coordinates":[[[139.648992,35.704975],[139.649138,35.704943],[139.649167,35.705031],[139.649022,35.705063],[139.648992,35.704975]]]}},{"type":"Feature","id":"bldg_da11529a-f01b-470f-9d4c-abf0e35504d7","properties":{"gml_id":"bldg_da11529a-f01b-470f-9d4c-abf0e35504d7","mesh":"53394541","measuredHeight":null},"geometry":{"type":"Polygon","coordinates":[[[139.649947,35.705815],[139.64988,35.705814],[139.64988,35.705774],[139.649948,35.705774],[139.649947,35.705815]]]}},{"type":"Feature","id":"bldg_931e7574-21f3-4727-90b1-63d5de99759f","properties":{"gml_id":"bldg_931e7574-21f3-4727-90b1-63d5de99759f","mesh":"53394541","measuredHeight":6.7},"geometry":{"type":"Polygon","coordinates":[[[139.647191,35.70362],[139.647229,35.703613],[139.647266,35.703738],[139.647248,35.703741],[139.647259,35.703781],[139.647271,35.703778],[139.647275,35.703791],[139.647242,35.703797],[139.647191,35.70362]]]}},{"type":"Feature","id":"bldg_25eb667d-3031-4b76-85e9-ba86714ec58b","properties":{"gml_id":"bldg_25eb667d-3031-4b76-85e9-ba86714ec58b","mesh":"53394541","measuredHeight":2.9},"geometry":{"type":"Polygon","coordinates":[[[139.646797,35.703228],[139.646775,35.703232],[139.646771,35.703214],[139.646792,35.70321],[139.646797,35.703228]]]}},{"type":"Feature","id":"bldg_256534d5-2cf7-4538-a710-78c0ab815344","properties":{"gml_id":"bldg_256534d5-2cf7-4538-a710-78c0ab815344","mesh":"53394541","measuredHeight":9.5},"geometry":{"type":"Polygon","coordinates":[[[139.649339,35.705155],[139.649162,35.70516],[139.649161,35.705118],[139.649172,35.705116],[139.649192,35.705094],[139.649183,35.705063],[139.649335,35.705059],[139.649339,35.705155]]]}},{"type":"Feature","id":"bldg_04f8be77-f853-4c8c-b51c-20397affcd0c","properties":{"gml_id":"bldg_04f8be77-f853-4c8c-b51c-20397affcd0c","mesh":"53394541","measuredHeight":9.3},"geometry":{"type":"Polygon","coordinates":[[[139.646522,35.706209],[139.646391,35.706263],[139.646355,35.706203],[139.646362,35.7062],[139.646349,35.706179],[139.646392,35.706162],[139.646389,35.706158],[139.646416,35.706146],[139.646413,35.706142],[139.646467,35.70612],[139.646522,35.706209]]]}},{"type":"Feature","id":"bldg_0dd2242c-0b9a-4055-b98b-47ff9e31036b","properties":{"gml_id":"bldg_0dd2242c-0b9a-4055-b98b-47ff9e31036b","mesh":"53394541","measuredHeight":12.2},"geometry":{"type":"Polygon","coordinates":[[[139.647164,35.705706],[139.647242,35.705683],[139.647272,35.705748],[139.647193,35.705772],[139.647164,35.705706]]]}},{"type":"Feature","id":"bldg_040ae6e5-6d35-4294-869f-0ac78de00f6f","properties":{"gml_id":"bldg_040ae6e5-6d35-4294-869f-0ac78de00f6f","mesh":"53394541","measuredHeight":3.6},"geometry":{"type":"Polygon","coordinates":[[[139.648841,35.70639],[139.648838,35.7064],[139.648822,35.706408],[139.648805,35.706406],[139.648779,35.706368],[139.648814,35.706352],[139.648841,35.70639]]]}},{"type":"Feature","id":"bldg_be342df6-daee-46a8-b038-f27dae1a7697","properties":{"gml_id":"bldg_be342df6-daee-46a8-b038-f27dae1a7697","mesh":"53394541","measuredHeight":7.1},"geometry":{"type":"Polygon","coordinates":[[[139.647098,35.705999],[139.647173,35.705979],[139.647201,35.706049],[139.647126,35.70607],[139.647098,35.705999]]]}},{"type":"Feature","id":"bldg_2cc607b7-6c8c-4cd1-ac31-0b4c9b4e079b","properties":{"gml_id":"bldg_2cc607b7-6c8c-4cd1-ac31-0b4c9b4e079b","mesh":"53394541","measuredHeight":7.9},"geometry":{"type":"Polygon","coordinates":[[[139.646792,35.703055],[139.646808,35.703115],[139.64674,35.703127],[139.646734,35.703104],[139.646684,35.703113],[139.646665,35.703039],[139.646651,35.703041],[139.646634,35.702977],[139.646674,35.70297],[139.646672,35.702962],[139.646741,35.70295],[139.64677,35.703059],[139.646792,35.703055]]]}},{"type":"Feature","id":"bldg_7a29d3c5-f260-4e6b-9d84-58e2d1c7c930","properties":{"gml_id":"bldg_7a29d3c5-f260-4e6b-9d84-58e2d1c7c930","mesh":"53394541","measuredHeight":10.1},"geometry":{"type":"Polygon","coordinates":[[[139.649399,35.705063],[139.649344,35.705059],[139.649331,35.705019],[139.649383,35.705008],[139.649399,35.705063]]]}},{"type":"Feature","id":"bldg_83317648-866f-4424-9b25-8c21e7c20cec","properties":{"gml_id":"bldg_83317648-866f-4424-9b25-8c21e7c20cec","mesh":"53394541","measuredHeight":7.4},"geometry":{"type":"Polygon","coordinates":[[[139.649452,35.706497],[139.649308,35.706549],[139.64929,35.706514],[139.649434,35.706463],[139.649452,35.706497]]]}},{"type":"Feature","id":"bldg_9020079a-45ac-4a32-a473-a8f682bcced4","properties":{"gml_id":"bldg_9020079a-45ac-4a32-a473-a8f682bcced4","mesh":"53394541","measuredHeight":7.9},"geometry":{"type":"Polygon","coordinates":[[[139.647529,35.704745],[139.647508,35.704669],[139.647706,35.704634],[139.647731,35.704724],[139.647569,35.704753],[139.647566,35.704739],[139.647529,35.704745]]]}},{"type":"Feature","id":"bldg_d9eae604-14ea-4d8c-9167-57cb60c0bfe7","properties":{"gml_id":"bldg_d9eae604-14ea-4d8c-9167-57cb60c0bfe7","mesh":"53394541","measuredHeight":5.1},"geometry":{"type":"Polygon","coordinates":[[[139.649151,35.706016],[139.649187,35.706092],[139.649122,35.706113],[139.649092,35.706051],[139.649108,35.706045],[139.649102,35.706032],[139.649151,35.706016]]]}},{"type":"Feature","id":"bldg_20270e05-5e31-4e3f-b419-919eb85b7c4c","properties":{"gml_id":"bldg_20270e05-5e31-4e3f-b419-919eb85b7c4c","mesh":"53394541","measuredHeight":7.4},"geometry":{"type":"Polygon","coordinates":[[[139.647417,35.70296],[139.647365,35.70297],[139.647343,35.70289],[139.647395,35.702881],[139.647417,35.70296]]]}},{"type":"Feature","id":"bldg_3d2025ff-ad86-4dab-95d8-e84dd85e2550","properties":{"gml_id":"bldg_3d2025ff-ad86-4dab-95d8-e84dd85e2550","mesh":"53394541","measuredHeight":9.2},"geometry":{"type":"Polygon","coordinates":[[[139.646829,35.703124],[139.646821,35.703085],[139.646805,35.703088],[139.646791,35.703024],[139.646889,35.70301],[139.64689,35.703013],[139.646901,35.703012],[139.646906,35.703037],[139.646918,35.703035],[139.646922,35.703057],[139.646931,35.703056],[139.646942,35.703108],[139.646829,35.703124]]]}},{"type":"Feature","id":"bldg_427e93bc-8441-49d5-934a-a469eac29a39","properties":{"gml_id":"bldg_427e93bc-8441-49d5-934a-a469eac29a39","mesh":"53394541","measuredHeight":9.7},"geometry":{"type":"Polygon","coordinates":[[[139.648028,35.70577],[139.647992,35.705705],[139.648051,35.705683],[139.648073,35.705721],[139.648092,35.705714],[139.648107,35.705741],[139.648028,35.70577]]]}},{"type":"Feature","id":"bldg_d567b427-be37-4ecd-9f53-39bcfa2c3100","properties":{"gml_id":"bldg_d567b427-be37-4ecd-9f53-39bcfa2c3100","mesh":"53394541","measuredHeight":7.5},"geometry":{"type":"Polygon","coordinates":[[[139.64684,35.705095],[139.646787,35.705103],[139.646768,35.705018],[139.646822,35.705011],[139.64684,35.705095]]]}},{"type":"Feature","id":"bldg_7d69f270-1916-4a51-9722-0f90fba5cf7d","properties":{"gml_id":"bldg_7d69f270-1916-4a51-9722-0f90fba5cf7d","mesh":"53394541","measuredHeight":15.5},"geometry":{"type":"Polygon","coordinates":[[[139.647704,35.705974],[139.647708,35.705973],[139.647757,35.706054],[139.647753,35.706055],[139.647779,35.706099],[139.647726,35.70612],[139.647641,35.705976],[139.647693,35.705955],[139.647704,35.705974]]]}},{"type":"Feature","id":"bldg_36195377-e5fd-4647-b4b7-adc0d263edcb","properties":{"gml_id":"bldg_36195377-e5fd-4647-b4b7-adc0d263edcb","mesh":"53394541","measuredHeight":35.5},"geometry":{"type":"Polygon","coordinates":[[[139.649549,35.70466],[139.64955,35.704663],[139.649381,35.7047],[139.649348,35.704601],[139.649548,35.704557],[139.649546,35.704563],[139.649555,35.704563],[139.649555,35.70466],[139.649549,35.70466]]]}},{"type":"Feature","id":"bldg_31289fe7-622a-4fc9-8eef-dca8f2ccdaeb","properties":{"gml_id":"bldg_31289fe7-622a-4fc9-8eef-dca8f2ccdaeb","mesh":"53394541","measuredHeight":0.6},"geometry":{"type":"Polygon","coordinates":[[[139.649515,35.706264],[139.649519,35.706275],[139.649459,35.706289],[139.649455,35.706279],[139.649515,35.706264]]]}},{"type":"Feature","id":"bldg_a8be3ebb-b056-4db5-97bb-6ccb1885e4c9","properties":{"gml_id":"bldg_a8be3ebb-b056-4db5-97bb-6ccb1885e4c9","mesh":"53394541","measuredHeight":11.1},"geometry":{"type":"Polygon","coordinates":[[[139.64714,35.703827],[139.647185,35.703988],[139.647065,35.70401],[139.64702,35.70385],[139.64714,35.703827]]]}},{"type":"Feature","id":"bldg_f4549be9-9e92-49c3-8991-b93284824585","properties":{"gml_id":"bldg_f4549be9-9e92-49c3-8991-b93284824585","mesh":"53394541","measuredHeight":9.4},"geometry":{"type":"Polygon","coordinates":[[[139.647368,35.703854],[139.647391,35.703939],[139.647336,35.703949],[139.647313,35.703864],[139.647368,35.703854]]]}},{"type":"Feature","id":"bldg_95e5b37e-110b-489f-9750-a54041ddc496","properties":{"gml_id":"bldg_95e5b37e-110b-489f-9750-a54041ddc496","mesh":"53394541","measuredHeight":4.3},"geometry":{"type":"Polygon","coordinates":[[[139.647383,35.703727],[139.647354,35.703732],[139.647352,35.703724],[139.647325,35.703729],[139.647313,35.703684],[139.647299,35.703687],[139.647277,35.703603],[139.647346,35.703589],[139.647383,35.703727]]]}},{"type":"Feature","id":"bldg_33a49708-9668-48b4-919f-993576302498","properties":{"gml_id":"bldg_33a49708-9668-48b4-919f-993576302498","mesh":"53394541","measuredHeight":19.7},"geometry":{"type":"Polygon","coordinates":[[[139.648238,35.706194],[139.648213,35.706155],[139.648209,35.706157],[139.64819,35.706129],[139.6482,35.706125],[139.64819,35.706109],[139.64818,35.706114],[139.648119,35.706019],[139.648228,35.705972],[139.64823,35.705975],[139.648241,35.70597],[139.648246,35.705978],[139.648274,35.705966],[139.648295,35.705997],[139.64829,35.705999],[139.6483,35.706015],[139.648305,35.706013],[139.648329,35.706049],[139.648318,35.706054],[139.648327,35.706069],[139.648336,35.706065],[139.648365,35.70611],[139.648369,35.706108],[139.648384,35.706132],[139.648238,35.706194]]]}},{"type":"Feature","id":"bldg_9e193849-0999-4567-8439-6097fda7eb54","properties":{"gml_id":"bldg_9e193849-0999-4567-8439-6097fda7eb54","mesh":"53394541","measuredHeight":7.3},"geometry":{"type":"Polygon","coordinates":[[[139.647375,35.703364],[139.647414,35.703356],[139.647458,35.703514],[139.647419,35.703522],[139.647375,35.703364]]]}},{"type":"Feature","id":"bldg_5f4024e3-98e7-4a16-80b9-a6195b558ae7","properties":{"gml_id":"bldg_5f4024e3-98e7-4a16-80b9-a6195b558ae7","mesh":"53394541","measuredHeight":6.8},"geometry":{"type":"Polygon","coordinates":[[[139.648577,35.704467],[139.648549,35.704388],[139.648671,35.704359],[139.648699,35.704438],[139.648577,35.704467]]]}},{"type":"Feature","id":"bldg_f56779de-a1ca-4376-b687-4d68ca56dedc","properties":{"gml_id":"bldg_f56779de-a1ca-4376-b687-4d68ca56dedc","mesh":"53394541","measuredHeight":7.4},"geometry":{"type":"Polygon","coordinates":[[[139.648323,35.705666],[139.648377,35.705645],[139.64845,35.705768],[139.648397,35.70579],[139.648323,35.705666]]]}},{"type":"Feature","id":"bldg_544dbe0c-c908-48e9-9152-aff73a2325ec","properties":{"gml_id":"bldg_544dbe0c-c908-48e9-9152-aff73a2325ec","mesh":"53394541","measuredHeight":8.4},"geometry":{"type":"Polygon","coordinates":[[[139.648512,35.704963],[139.648455,35.704973],[139.648474,35.705039],[139.648371,35.705059],[139.648337,35.70494],[139.648439,35.704921],[139.648436,35.704912],[139.648494,35.704901],[139.648512,35.704963]]]}},{"type":"Feature","id":"bldg_631cdf89-8c3a-44b9-b800-17ee5066f915","properties":{"gml_id":"bldg_631cdf89-8c3a-44b9-b800-17ee5066f915","mesh":"53394541","measuredHeight":6.7},"geometry":{"type":"Polygon","coordinates":[[[139.647267,35.704464],[139.647242,35.704372],[139.647301,35.704362],[139.647305,35.704379],[139.647361,35.704368],[139.647382,35.704443],[139.647267,35.704464]]]}},{"type":"Feature","id":"bldg_7fa2dbd6-4d9a-4d65-bea6-b2480670e2dc","properties":{"gml_id":"bldg_7fa2dbd6-4d9a-4d65-bea6-b2480670e2dc","mesh":"53394541","measuredHeight":15.1},"geometry":{"type":"Polygon","coordinates":[[[139.649327,35.706552],[139.649427,35.70651],[139.649452,35.706548],[139.649384,35.706577],[139.649382,35.706573],[139.649349,35.706587],[139.649327,35.706552]]]}},{"type":"Feature","id":"bldg_df21eb2c-1d0c-4f67-bd71-175563331100","properties":{"gml_id":"bldg_df21eb2c-1d0c-4f67-bd71-175563331100","mesh":"53394541","measuredHeight":39.6},"geometry":{"type":"Polygon","coordinates":[[[139.649508,35.702661],[139.649524,35.702716],[139.649388,35.702742],[139.649384,35.702731],[139.649378,35.702733],[139.64936,35.702667],[139.649345,35.70267],[139.649325,35.702601],[139.649333,35.7026],[139.649319,35.702552],[139.649331,35.70255],[139.649329,35.702544],[139.649478,35.702516],[139.649496,35.70258],[139.649503,35.702579],[139.649521,35.702642],[139.649517,35.702642],[139.649521,35.702659],[139.649508,35.702661]]]}},{"type":"Feature","id":"bldg_c226e466-eb22-490d-8f92-8e0a5e19f02a","properties":{"gml_id":"bldg_c226e466-eb22-490d-8f92-8e0a5e19f02a","mesh":"53394541","measuredHeight":7.5},"geometry":{"type":"Polygon","coordinates":[[[139.649691,35.706342],[139.649589,35.706355],[139.64958,35.706309],[139.649682,35.706296],[139.649691,35.706342]]]}},{"type":"Feature","id":"bldg_720a54b7-405a-4d05-a589-48a150bf2321","properties":{"gml_id":"bldg_720a54b7-405a-4d05-a589-48a150bf2321","mesh":"53394541","measuredHeight":6.7},"geometry":{"type":"Polygon","coordinates":[[[139.647129,35.704392],[139.647202,35.704376],[139.647235,35.704479],[139.647162,35.704495],[139.647129,35.704392]]]}},{"type":"Feature","id":"bldg_eb74f775-fa1d-451e-a0f6-9c016899d160","properties":{"gml_id":"bldg_eb74f775-fa1d-451e-a0f6-9c016899d160","mesh":"53394541","measuredHeight":7.8},"geometry":{"type":"Polygon","coordinates":[[[139.648408,35.70293],[139.648349,35.702868],[139.648408,35.702831],[139.648458,35.702885],[139.648433,35.702901],[139.648453,35.702922],[139.648408,35.70293]]]}},{"type":"Feature","id":"bldg_d0f9ad8e-41cc-4284-b0ae-ede5f2e05117","properties":{"gml_id":"bldg_d0f9ad8e-41cc-4284-b0ae-ede5f2e05117","mesh":"53394541","measuredHeight":6.8},"geometry":{"type":"Polygon","coordinates":[[[139.646829,35.70343],[139.646814,35.703372],[139.646896,35.703358],[139.646912,35.703415],[139.646829,35.70343]]]}},{"type":"Feature","id":"bldg_cc17b14b-5d91-49a0-96d0-e03b5ce57a01","properties":{"gml_id":"bldg_cc17b14b-5d91-49a0-96d0-e03b5ce57a01","mesh":"53394541","measuredHeight":9.1},"geometry":{"type":"Polygon","coordinates":[[[139.648407,35.704015],[139.648391,35.70397],[139.648481,35.703948],[139.648498,35.703994],[139.648407,35.704015]]]}},{"type":"Feature","id":"bldg_542dc43a-8285-4c7a-9158-9150795286e3","properties":{"gml_id":"bldg_542dc43a-8285-4c7a-9158-9150795286e3","mesh":"53394541","measuredHeight":null},"geometry":{"type":"Polygon","coordinates":[[[139.648739,35.70437],[139.648763,35.704365],[139.648768,35.704379],[139.648744,35.704384],[139.648739,35.70437]]]}},{"type":"Feature","id":"bldg_e7162d73-4278-45ef-91c0-8c7c3dc40202","properties":{"gml_id":"bldg_e7162d73-4278-45ef-91c0-8c7c3dc40202","mesh":"53394541","measuredHeight":7.7},"geometry":{"type":"Polygon","coordinates":[[[139.646631,35.703446],[139.646696,35.703432],[139.6467,35.703431],[139.646718,35.703487],[139.646631,35.703505],[139.646614,35.703449],[139.646631,35.703446]]]}},{"type":"Feature","id":"bldg_a11318ac-8691-4cf9-beaa-328923f67d9f","properties":{"gml_id":"bldg_a11318ac-8691-4cf9-beaa-328923f67d9f","mesh":"53394541","measuredHeight":12.4},"geometry":{"type":"Polygon","coordinates":[[[139.649072,35.704127],[139.649128,35.704114],[139.649162,35.704209],[139.649002,35.704247],[139.649,35.704242],[139.648992,35.704244],[139.648948,35.704122],[139.648963,35.704098],[139.649043,35.704079],[139.649061,35.70413],[139.649072,35.704127]]]}},{"type":"Feature","id":"bldg_35aa793e-ad47-4e5a-bb62-0654b8bdd0b3","properties":{"gml_id":"bldg_35aa793e-ad47-4e5a-bb62-0654b8bdd0b3","mesh":"53394541","measuredHeight":9.1},"geometry":{"type":"Polygon","coordinates":[[[139.646533,35.703581],[139.646603,35.703568],[139.64663,35.703663],[139.646622,35.703669],[139.646595,35.703674],[139.646597,35.703681],[139.646564,35.703688],[139.646533,35.703581]]]}},{"type":"Feature","id":"bldg_7bf78307-88ec-40d3-803a-17f7591e5b0a","properties":{"gml_id":"bldg_7bf78307-88ec-40d3-803a-17f7591e5b0a","mesh":"53394541","measuredHeight":8.0},"geometry":{"type":"Polygon","coordinates":[[[139.646956,35.704285],[139.646867,35.704304],[139.646861,35.704283],[139.646869,35.704281],[139.646859,35.704247],[139.64689,35.70424],[139.646887,35.704229],[139.646936,35.704219],[139.646956,35.704285]]]}},{"type":"Feature","id":"bldg_181d2068-4e36-4b1e-9b7f-0698215d0c19","properties":{"gml_id":"bldg_181d2068-4e36-4b1e-9b7f-0698215d0c19","mesh":"53394541","measuredHeight":9.8},"geometry":{"type":"Polygon","coordinates":[[[139.647601,35.703964],[139.647729,35.703938],[139.647765,35.704055],[139.647717,35.704065],[139.647719,35.704071],[139.647638,35.704087],[139.647601,35.703964]]]}},{"type":"Feature","id":"bldg_79cb1798-5ffd-41ea-ac9d-25c82c87191c","properties":{"gml_id":"bldg_79cb1798-5ffd-41ea-ac9d-25c82c87191c","mesh":"53394541","measuredHeight":11.9},"geometry":{"type":"Polygon","coordinates":[[[139.647253,35.705855],[139.647306,35.70584],[139.647332,35.705904],[139.647279,35.705918],[139.647257,35.705924],[139.647232,35.70586],[139.647253,35.705855]]]}},{"type":"Feature","id":"bldg_55e8b06e-8d0a-47e1-a16b-6ed77281eddf","properties":{"gml_id":"bldg_55e8b06e-8d0a-47e1-a16b-6ed77281eddf","mesh":"53394541","measuredHeight":6.8},"geometry":{"type":"Polygon","coordinates":[[[139.646591,35.705826],[139.646616,35.705871],[139.646473,35.705924],[139.646448,35.705879],[139.646591,35.705826]]]}},{"type":"Feature","id":"bldg_5fed304a-0c69-4c7f-be00-a9fb3cd55302","properties":{"gml_id":"bldg_5fed304a-0c69-4c7f-be00-a9fb3cd55302","mesh":"53394541","measuredHeight":10.4},"geometry":{"type":"Polygon","coordinates":[[[139.648106,35.704992],[139.648198,35.704973],[139.648219,35.705043],[139.648108,35.705066],[139.648099,35.705036],[139.648108,35.705034],[139.648099,35.705004],[139.648107,35.704995],[139.648106,35.704992]]]}},{"type":"Feature","id":"bldg_8c2ab944-3b18-40fa-b54a-f73a31403ebb","properties":{"gml_id":"bldg_8c2ab944-3b18-40fa-b54a-f73a31403ebb","mesh":"53394541","measuredHeight":11.4},"geometry":{"type":"Polygon","coordinates":[[[139.646724,35.703838],[139.646868,35.703809],[139.646883,35.703859],[139.646738,35.703888],[139.646724,35.703838]]]}},{"type":"Feature","id":"bldg_681d3207-948c-4d86-bd30-32515f89cd92","properties":{"gml_id":"bldg_681d3207-948c-4d86-bd30-32515f89cd92","mesh":"53394541","measuredHeight":7.1},"geometry":{"type":"Polygon","coordinates":[[[139.6466,35.705999],[139.646615,35.705994],[139.646609,35.705981],[139.646642,35.70597],[139.646694,35.706073],[139.646615,35.706099],[139.646592,35.706055],[139.646589,35.706055],[139.646559,35.705998],[139.646594,35.705986],[139.6466,35.705999]]]}},{"type":"Feature","id":"bldg_3aef36f9-9c30-47c0-bd12-e71ab056ce13","properties":{"gml_id":"bldg_3aef36f9-9c30-47c0-bd12-e71ab056ce13","mesh":"53394541","measuredHeight":7.6},"geometry":{"type":"Polygon","coordinates":[[[139.648477,35.705592],[139.648551,35.705722],[139.648454,35.705772],[139.648374,35.705631],[139.648477,35.705592]]]}},{"type":"Feature","id":"bldg_cdbeb458-bf7f-42ec-bd6b-c2084ee625d5","properties":{"gml_id":"bldg_cdbeb458-bf7f-42ec-bd6b-c2084ee625d5","mesh":"53394541","measuredHeight":14.0},"geometry":{"type":"Polygon","coordinates":[[[139.647239,35.706118],[139.64721,35.706051],[139.647379,35.706003],[139.647408,35.70607],[139.647239,35.706118]]]}},{"type":"Feature","id":"bldg_5c7180af-2c23-4662-abbf-84063cdcca21","properties":{"gml_id":"bldg_5c7180af-2c23-4662-abbf-84063cdcca21","mesh":"53394541","measuredHeight":9.1},"geometry":{"type":"Polygon","coordinates":[[[139.647562,35.703545],[139.647622,35.703534],[139.647643,35.703546],[139.64767,35.70364],[139.647593,35.703655],[139.647562,35.703545]]]}},{"type":"Feature","id":"bldg_0bd3f668-062c-40c8-9759-06d8705fd1fb","properties":{"gml_id":"bldg_0bd3f668-062c-40c8-9759-06d8705fd1fb","mesh":"53394541","measuredHeight":11.4},"geometry":{"type":"Polygon","coordinates":[[[139.648316,35.70564],[139.648246,35.705514],[139.648299,35.705494],[139.648369,35.70562],[139.648316,35.70564]]]}},{"type":"Feature","id":"bldg_34033a56-626b-4e66-9e48-2741f20b19b6","properties":{"gml_id":"bldg_34033a56-626b-4e66-9e48-2741f20b19b6","mesh":"53394541","measuredHeight":9.0},"geometry":{"type":"Polygon","coordinates":[[[139.647939,35.704988],[139.647924,35.704935],[139.648013,35.704919],[139.648028,35.704972],[139.647939,35.704988]]]}},{"type":"Feature","id":"bldg_628566c3-654f-4908-bc0f-db04d85cd053","properties":{"gml_id":"bldg_628566c3-654f-4908-bc0f-db04d85cd053","mesh":"53394541","measuredHeight":9.0},"geometry":{"type":"Polygon","coordinates":[[[139.646907,35.702706],[139.646906,35.702703],[139.646886,35.702707],[139.64687,35.702654],[139.646867,35.702556],[139.646886,35.702548],[139.64693,35.702541],[139.646939,35.702539],[139.646985,35.70269],[139.646907,35.702706]]]}},{"type":"Feature","id":"bldg_417b8060-7de2-4a01-b92e-11fd73c2b161","properties":{"gml_id":"bldg_417b8060-7de2-4a01-b92e-11fd73c2b161","mesh":"53394541","measuredHeight":9.6},"geometry":{"type":"Polygon","coordinates":[[[139.647151,35.706299],[139.647162,35.706296],[139.64715,35.706269],[139.647243,35.706241],[139.647281,35.706325],[139.647177,35.706357],[139.647151,35.706299]]]}},{"type":"Feature","id":"bldg_6141e77f-9921-45aa-9dcb-ee0cbd54ad3b","properties":{"gml_id":"bldg_6141e77f-9921-45aa-9dcb-ee0cbd54ad3b","mesh":"53394541","measuredHeight":6.9},"geometry":{"type":"Polygon","coordinates":[[[139.647931,35.705603],[139.647899,35.705618],[139.647879,35.705588],[139.647871,35.705591],[139.647845,35.705553],[139.647885,35.705535],[139.647931,35.705603]]]}},{"type":"Feature","id":"bldg_aa28bf0b-3c2f-4cf1-8230-55d5e530e341","properties":{"gml_id":"bldg_aa28bf0b-3c2f-4cf1-8230-55d5e530e341","mesh":"53394541","measuredHeight":9.1},"geometry":{"type":"Polygon","coordinates":[[[139.647464,35.702762],[139.647393,35.702774],[139.647369,35.702683],[139.64744,35.70267],[139.647464,35.702762]]]}},{"type":"Feature","id":"bldg_6c25285a-90b0-493c-9bde-a434f56f5ae4","properties":{"gml_id":"bldg_6c25285a-90b0-493c-9bde-a434f56f5ae4","mesh":"53394541","measuredHeight":12.5},"geometry":{"type":"Polygon","coordinates":[[[139.648707,35.704119],[139.648694,35.70408],[139.648835,35.704047],[139.648858,35.704112],[139.648717,35.704146],[139.648707,35.704119]]]}},{"type":"Feature","id":"bldg_d0a4f0ef-5763-40f6-b87d-a1d61d82597b","properties":{"gml_id":"bldg_d0a4f0ef-5763-40f6-b87d-a1d61d82597b","mesh":"53394541","measuredHeight":15.8},"geometry":{"type":"Polygon","coordinates":[[[139.649181,35.703349],[139.64918,35.703346],[139.649109,35.703361],[139.649074,35.703248],[139.649151,35.703233],[139.649177,35.703317],[139.649206,35.703311],[139.649216,35.703342],[139.649181,35.703349]]]}},{"type":"Feature","id":"bldg_db9b0c24-c2b9-431c-a27f-3d21b6c34985","properties":{"gml_id":"bldg_db9b0c24-c2b9-431c-a27f-3d21b6c34985","mesh":"53394541","measuredHeight":12.7},"geometry":{"type":"Polygon","coordinates":[[[139.646741,35.704666],[139.646713,35.704574],[139.646849,35.704546],[139.646877,35.704638],[139.646741,35.704666]]]}},{"type":"Feature","id":"bldg_bf458b2d-8404-4f4a-8eb4-cb01f6f61df6","properties":{"gml_id":"bldg_bf458b2d-8404-4f4a-8eb4-cb01f6f61df6","mesh":"53394541","measuredHeight":5.3},"geometry":{"type":"Polygon","coordinates":[[[139.647385,35.703412],[139.647366,35.703415],[139.647363,35.703404],[139.647346,35.703407],[139.647336,35.70337],[139.647371,35.703363],[139.647385,35.703412]]]}},{"type":"Feature","id":"bldg_287f1ee8-a484-4be8-9fab-1a1979d2f0a7","properties":{"gml_id":"bldg_287f1ee8-a484-4be8-9fab-1a1979d2f0a7","mesh":"53394541","measuredHeight":7.5},"geometry":{"type":"Polygon","coordinates":[[[139.647009,35.703598],[139.64697,35.703606],[139.646942,35.703511],[139.646982,35.703503],[139.647009,35.703598]]]}},{"type":"Feature","id":"bldg_1139d64c-b737-4727-a289-8afea46d4390","properties":{"gml_id":"bldg_1139d64c-b737-4727-a289-8afea46d4390","mesh":"53394541","measuredHeight":3.2},"geometry":{"type":"Polygon","coordinates":[[[139.650184,35.705137],[139.650205,35.705158],[139.650196,35.705206],[139.650147,35.705202],[139.650149,35.705185],[139.649731,35.705157],[139.64973,35.705129],[139.649746,35.705127],[139.649744,35.705121],[139.649788,35.70511],[139.650184,35.705137]]]}},{"type":"Feature","id":"bldg_3568c2b9-2d17-4800-9091-a365512502ae","properties":{"gml_id":"bldg_3568c2b9-2d17-4800-9091-a365512502ae","mesh":"53394541","measuredHeight":11.3},"geometry":{"type":"Polygon","coordinates":[[[139.648538,35.704167],[139.648503,35.704046],[139.648556,35.704036],[139.648582,35.704126],[139.648576,35.704128],[139.648585,35.704158],[139.648538,35.704167]]]}},{"type":"Feature","id":"bldg_d39380bc-3413-475d-8717-159f88e03ebb","properties":{"gml_id":"bldg_d39380bc-3413-475d-8717-159f88e03ebb","mesh":"53394541","measuredHeight":14.1},"geometry":{"type":"Polygon","coordinates":[[[139.647719,35.702972],[139.647877,35.702941],[139.647899,35.703015],[139.647741,35.703045],[139.647719,35.702972]]]}},{"type":"Feature","id":"bldg_b00be173-0d35-4bef-aaa2-3961feb5b1a3","properties":{"gml_id":"bldg_b00be173-0d35-4bef-aaa2-3961feb5b1a3","mesh":"53394541","measuredHeight":23.9},"geometry":{"type":"Polygon","coordinates":[[[139.648948,35.705634],[139.648932,35.705607],[139.648991,35.705583],[139.649096,35.705752],[139.648978,35.705801],[139.648928,35.705721],[139.648987,35.705696],[139.64897,35.70567],[139.648948,35.705634]]]}},{"type":"Feature","id":"bldg_317f4e84-e196-41e6-84d8-4464de515423","properties":{"gml_id":"bldg_317f4e84-e196-41e6-84d8-4464de515423","mesh":"53394541","measuredHeight":9.2},"geometry":{"type":"Polygon","coordinates":[[[139.64962,35.706073],[139.649639,35.706122],[139.64953,35.70615],[139.649511,35.706101],[139.64962,35.706073]]]}},{"type":"Feature","id":"bldg_6fca07d5-96ba-4571-8a42-da49f7f71a73","properties":{"gml_id":"bldg_6fca07d5-96ba-4571-8a42-da49f7f71a73","mesh":"53394541","measuredHeight":7.4},"geometry":{"type":"Polygon","coordinates":[[[139.646922,35.705861],[139.646992,35.705838],[139.647018,35.705889],[139.646947,35.705912],[139.646922,35.705861]]]}},{"type":"Feature","id":"bldg_a8cc72ce-2224-4bef-8206-2e875255de51","properties":{"gml_id":"bldg_a8cc72ce-2224-4bef-8206-2e875255de51","mesh":"53394541","measuredHeight":9.6},"geometry":{"type":"Polygon","coordinates":[[[139.649104,35.705754],[139.649093,35.705736],[139.649161,35.705707],[139.649198,35.705765],[139.64913,35.705794],[139.649183,35.705877],[139.649113,35.705906],[139.649053,35.705812],[139.649061,35.705808],[139.649043,35.70578],[139.649104,35.705754]]]}},{"type":"Feature","id":"bldg_f89db60b-0a28-4cf4-a69d-186135e8a0d3","properties":{"gml_id":"bldg_f89db60b-0a28-4cf4-a69d-186135e8a0d3","mesh":"53394541","measuredHeight":11.8},"geometry":{"type":"Polygon","coordinates":[[[139.6482,35.702711],[139.648176,35.702684],[139.648287,35.70262],[139.648315,35.702653],[139.648212,35.702713],[139.6482,35.702711]]]}},{"type":"Feature","id":"bldg_c960b91b-fede-4c79-8c39-f13cb1e31ead","properties":{"gml_id":"bldg_c960b91b-fede-4c79-8c39-f13cb1e31ead","mesh":"53394541","measuredHeight":28.2},"geometry":{"type":"Polygon","coordinates":[[[139.649218,35.705572],[139.649193,35.705527],[139.64918,35.705531],[139.649164,35.705502],[139.64917,35.7055],[139.649158,35.705484],[139.649156,35.705484],[139.649151,35.705474],[139.649156,35.705465],[139.649169,35.705463],[139.649179,35.705469],[139.649179,35.70547],[139.649184,35.70547],[139.649184,35.705465],[139.649334,35.70548],[139.649337,35.705487],[139.64934,35.705486],[139.649359,35.70552],[139.649218,35.705572]]]}},{"type":"Feature","id":"bldg_576266fd-deeb-4fe3-809c-3b0e487d25d0","properties":{"gml_id":"bldg_576266fd-deeb-4fe3-809c-3b0e487d25d0","mesh":"53394541","measuredHeight":2.3},"geometry":{"type":"Polygon","coordinates":[[[139.648913,35.706158],[139.648913,35.706158],[139.648837,35.706078],[139.64885,35.70607],[139.648925,35.706151],[139.648932,35.706146],[139.649056,35.706278],[139.649056,35.706317],[139.649039,35.706317],[139.64904,35.706281],[139.649024,35.706265],[139.649017,35.706269],[139.648913,35.706158]]]}},{"type":"Feature","id":"bldg_c19f3cc1-46a8-4a19-a971-73cd74e62b96","properties":{"gml_id":"bldg_c19f3cc1-46a8-4a19-a971-73cd74e62b96","mesh":"53394541","measuredHeight":4.4},"geometry":{"type":"Polygon","coordinates":[[[139.647646,35.702955],[139.647637,35.70292],[139.647685,35.702911],[139.647695,35.702945],[139.647646,35.702955]]]}},{"type":"Feature","id":"bldg_11e3ee92-22bf-4b0b-9523-5e7309516388","properties":{"gml_id":"bldg_11e3ee92-22bf-4b0b-9523-5e7309516388","mesh":"53394541","measuredHeight":6.3},"geometry":{"type":"Polygon","coordinates":[[[139.649069,35.70584],[139.649106,35.705904],[139.649045,35.705928],[139.649008,35.705864],[139.649069,35.70584]]]}},{"type":"Feature","id":"bldg_bfdac87f-73e4-4118-b30a-51ef0689dc69","properties":{"gml_id":"bldg_bfdac87f-73e4-4118-b30a-51ef0689dc69","mesh":"53394541","measuredHeight":4.9},"geometry":{"type":"Polygon","coordinates":[[[139.648194,35.705553],[139.648241,35.705535],[139.648269,35.705585],[139.648223,35.705602],[139.648194,35.705553]]]}},{"type":"Feature","id":"bldg_a8bc8d18-0c4b-4da3-a80f-9a885de45b01","properties":{"gml_id":"bldg_a8bc8d18-0c4b-4da3-a80f-9a885de45b01","mesh":"53394541","measuredHeight":7.6},"geometry":{"type":"Polygon","coordinates":[[[139.646605,35.704255],[139.646576,35.704155],[139.64674,35.704122],[139.64677,35.704222],[139.646605,35.704255]]]}},{"type":"Feature","id":"bldg_a817cf5a-3c09-4846-a124-8bb99ade929f","properties":{"gml_id":"bldg_a817cf5a-3c09-4846-a124-8bb99ade929f","mesh":"53394541","measuredHeight":6.3},"geometry":{"type":"Polygon","coordinates":[[[139.647344,35.705922],[139.647358,35.705957],[139.647293,35.705974],[139.647279,35.705939],[139.647344,35.705922]]]}},{"type":"Feature","id":"bldg_7ab829bb-8e1a-4342-9b2b-6f114a997236","properties":{"gml_id":"bldg_7ab829bb-8e1a-4342-9b2b-6f114a997236","mesh":"53394541","measuredHeight":6.9},"geometry":{"type":"Polygon","coordinates":[[[139.646916,35.706109],[139.646921,35.706121],[139.646986,35.706104],[139.646998,35.706134],[139.646904,35.706159],[139.646887,35.706117],[139.646916,35.706109]]]}},{"type":"Feature","id":"bldg_644f98a1-4e60-48cd-a75b-454295a6d9f2","properties":{"gml_id":"bldg_644f98a1-4e60-48cd-a75b-454295a6d9f2","mesh":"53394541","measuredHeight":23.4},"geometry":{"type":"Polygon","coordinates":[[[139.649431,35.703473],[139.6495,35.703458],[139.649541,35.703482],[139.649541,35.703529],[139.649455,35.703548],[139.649431,35.703473]]]}},{"type":"Feature","id":"bldg_1dbc46fa-f057-4926-a1ac-1cedebf02768","properties":{"gml_id":"bldg_1dbc46fa-f057-4926-a1ac-1cedebf02768","mesh":"53394541","measuredHeight":10.9},"geometry":{"type":"Polygon","coordinates":[[[139.648846,35.704443],[139.648969,35.704414],[139.648981,35.704448],[139.648857,35.704476],[139.648856,35.704473],[139.648829,35.704479],[139.64882,35.704454],[139.648847,35.704448],[139.648846,35.704443]]]}},{"type":"Feature","id":"bldg_1776e834-4a6c-43c9-afcc-3a79d3aed040","properties":{"gml_id":"bldg_1776e834-4a6c-43c9-afcc-3a79d3aed040","mesh":"53394541","measuredHeight":7.8},"geometry":{"type":"Polygon","coordinates":[[[139.646442,35.704637],[139.646412,35.704549],[139.646514,35.704526],[139.646543,35.704615],[139.646442,35.704637]]]}},{"type":"Feature","id":"bldg_ee86c875-2cb9-4846-9a7d-14647c1571a6","properties":{"gml_id":"bldg_ee86c875-2cb9-4846-9a7d-14647c1571a6","mesh":"53394541","measuredHeight":8.8},"geometry":{"type":"Polygon","coordinates":[[[139.64929,35.705771],[139.649287,35.705766],[139.64932,35.705753],[139.649362,35.705823],[139.64932,35.70584],[139.649281,35.705775],[139.64929,35.705771]]]}},{"type":"Feature","id":"bldg_38bb548a-22dd-4d85-bfd4-7272019268d5","properties":{"gml_id":"bldg_38bb548a-22dd-4d85-bfd4-7272019268d5","mesh":"53394541","measuredHeight":10.1},"geometry":{"type":"Polygon","coordinates":[[[139.647736,35.706179],[139.647772,35.706231],[139.647655,35.706283],[139.647619,35.706231],[139.647736,35.706179]]]}},{"type":"Feature","id":"bldg_2418a76c-77ee-488d-8e4e-c54993a4a024","properties":{"gml_id":"bldg_2418a76c-77ee-488d-8e4e-c54993a4a024","mesh":"53394541","measuredHeight":null},"geometry":{"type":"Polygon","coordinates":[[[139.647266,35.703426],[139.647306,35.703419],[139.647339,35.703537],[139.647299,35.703545],[139.647266,35.703426]]]}},{"type":"Feature","id":"bldg_8e575b3c-90a8-4981-868e-0f596af3747a","properties":{"gml_id":"bldg_8e575b3c-90a8-4981-868e-0f596af3747a","mesh":"53394541","measuredHeight":8.4},"geometry":{"type":"Polygon","coordinates":[[[139.646529,35.70494],[139.646554,35.705017],[139.646487,35.705032],[139.646462,35.704955],[139.646529,35.70494]]]}},{"type":"Feature","id":"bldg_dff5b00d-02b9-4978-9d6b-833a0159efff","properties":{"gml_id":"bldg_dff5b00d-02b9-4978-9d6b-833a0159efff","mesh":"53394541","measuredHeight":9.8},"geometry":{"type":"Polygon","coordinates":[[[139.648475,35.706493],[139.648539,35.706463],[139.648574,35.706513],[139.64851,35.706543],[139.648475,35.706493]]]}},{"type":"Feature","id":"bldg_be1b18d5-66cc-43a3-a62d-00b95f6493c8","properties":{"gml_id":"bldg_be1b18d5-66cc-43a3-a62d-00b95f6493c8","mesh":"53394541","measuredHeight":11.7},"geometry":{"type":"Polygon","coordinates":[[[139.647975,35.705493],[139.647846,35.705549],[139.647828,35.705521],[139.647841,35.705516],[139.647852,35.705511],[139.647859,35.705508],[139.647892,35.705494],[139.647882,35.705478],[139.647947,35.70545],[139.647975,35.705493]]]}},{"type":"Feature","id":"bldg_c2ca5e0f-2608-43c6-b081-5fc0fd9eb9ff","properties":{"gml_id":"bldg_c2ca5e0f-2608-43c6-b081-5fc0fd9eb9ff","mesh":"53394541","measuredHeight":7.8},"geometry":{"type":"Polygon","coordinates":[[[139.646585,35.702733],[139.646574,35.702735],[139.646576,35.702744],[139.646566,35.702746],[139.646567,35.70275],[139.646521,35.702758],[139.646514,35.702734],[139.646528,35.702731],[139.646507,35.702657],[139.646504,35.702657],[139.64649,35.702605],[139.64654,35.702595],[139.646541,35.702599],[139.646548,35.702598],[139.646585,35.702733]]]}},{"type":"Feature","id":"bldg_d770b846-5b49-4208-aa77-a37eac985c9a","properties":{"gml_id":"bldg_d770b846-5b49-4208-aa77-a37eac985c9a","mesh":"53394541","measuredHeight":9.5},"geometry":{"type":"Polygon","coordinates":[[[139.647001,35.702999],[139.646948,35.703007],[139.646907,35.702914],[139.646975,35.702902],[139.647001,35.702999]]]}},{"type":"Feature","id":"bldg_32393b70-d4f3-47a2-afb1-1d1e73f9f10f","properties":{"gml_id":"bldg_32393b70-d4f3-47a2-afb1-1d1e73f9f10f","mesh":"53394541","measuredHeight":7.9},"geometry":{"type":"Polygon","coordinates":[[[139.647711,35.702963],[139.647694,35.702904],[139.647861,35.702872],[139.647878,35.702932],[139.647711,35.702963]]]}},{"type":"Feature","id":"bldg_d71adfbc-5f05-47b6-a175-6b4329151569","properties":{"gml_id":"bldg_d71adfbc-5f05-47b6-a175-6b4329151569","mesh":"53394541","measuredHeight":9.2},"geometry":{"type":"Polygon","coordinates":[[[139.64766,35.704748],[139.647662,35.704755],[139.647723,35.704743],[139.64772,35.704732],[139.647758,35.704725],[139.64778,35.704803],[139.647574,35.704841],[139.647554,35.704767],[139.64766,35.704748]]]}},{"type":"Feature","id":"bldg_52968856-a0ed-4486-b5bf-5d722f8b5a82","properties":{"gml_id":"bldg_52968856-a0ed-4486-b5bf-5d722f8b5a82","mesh":"53394541","measuredHeight":14.0},"geometry":{"type":"Polygon","coordinates":[[[139.647207,35.703948],[139.647177,35.70384],[139.647281,35.703821],[139.647312,35.703928],[139.647207,35.703948]]]}},{"type":"Feature","id":"bldg_5e8be99a-9455-4099-b5b2-54848bb2cfda","properties":{"gml_id":"bldg_5e8be99a-9455-4099-b5b2-54848bb2cfda","mesh":"53394541","measuredHeight":6.3},"geometry":{"type":"Polygon","coordinates":[[[139.648504,35.706398],[139.648539,35.706449],[139.648464,35.706484],[139.648429,35.706433],[139.648504,35.706398]]]}},{"type":"Feature","id":"bldg_76eb4f9b-9f77-4b3f-bbbe-a6ec83460985","properties":{"gml_id":"bldg_76eb4f9b-9f77-4b3f-bbbe-a6ec83460985","mesh":"53394541","measuredHeight":8.3},"geometry":{"type":"Polygon","coordinates":[[[139.647697,35.70422],[139.647667,35.704114],[139.647785,35.704092],[139.647813,35.704191],[139.647763,35.7042],[139.647765,35.704207],[139.647697,35.70422]]]}},{"type":"Feature","id":"bldg_7a56ae3c-8ece-48ec-b2e9-e656feda1e6a","properties":{"gml_id":"bldg_7a56ae3c-8ece-48ec-b2e9-e656feda1e6a","mesh":"53394541","measuredHeight":7.5},"geometry":{"type":"Polygon","coordinates":[[[139.647702,35.702721],[139.647637,35.702732],[139.647618,35.702661],[139.647675,35.702651],[139.647708,35.70271],[139.647702,35.702721]]]}},{"type":"Feature","id":"bldg_87aef9fb-d860-43be-8b67-1c4a41b3ac00","properties":{"gml_id":"bldg_87aef9fb-d860-43be-8b67-1c4a41b3ac00","mesh":"53394541","measuredHeight":9.8},"geometry":{"type":"Polygon","coordinates":[[[139.649004,35.704291],[139.649179,35.704254],[139.649205,35.704335],[139.64903,35.704372],[139.649004,35.704291]]]}},{"type":"Feature","id":"bldg_e18bfc5d-81bc-47f5-a8bb-09de441da29a","properties":{"gml_id":"bldg_e18bfc5d-81bc-47f5-a8bb-09de441da29a","mesh":"53394541","measuredHeight":9.4},"geometry":{"type":"Polygon","coordinates":[[[139.64789,35.706116],[139.647895,35.7061],[139.647945,35.706076],[139.648008,35.706165],[139.647946,35.706194],[139.64789,35.706116]]]}},{"type":"Feature","id":"bldg_eab9b51f-6043-4404-a083-8bdbe0feda6d","properties":{"gml_id":"bldg_eab9b51f-6043-4404-a083-8bdbe0feda6d","mesh":"53394541","measuredHeight":8.4},"geometry":{"type":"Polygon","coordinates":[[[139.647252,35.703344],[139.647163,35.703358],[139.647132,35.703228],[139.64722,35.703214],[139.647252,35.703344]]]}},{"type":"Feature","id":"bldg_ffd3ff1d-a20a-419e-a1ff-0901e9047c5e","properties":{"gml_id":"bldg_ffd3ff1d-a20a-419e-a1ff-0901e9047c5e","mesh":"53394541","measuredHeight":7.5},"geometry":{"type":"Polygon","coordinates":[[[139.6465,35.702864],[139.646476,35.702788],[139.646579,35.702767],[139.646602,35.702843],[139.6465,35.702864]]]}},{"type":"Feature","id":"bldg_209a62af-c5ad-473b-8b0b-3a88bd7fc3ee","properties":{"gml_id":"bldg_209a62af-c5ad-473b-8b0b-3a88bd7fc3ee","mesh":"53394541","measuredHeight":7.0},"geometry":{"type":"Polygon","coordinates":[[[139.648652,35.704832],[139.648633,35.704777],[139.648718,35.704757],[139.648737,35.704812],[139.648652,35.704832]]]}},{"type":"Feature","id":"bldg_8eedd46d-3e86-4c07-a8c5-d67369fd1936","properties":{"gml_id":"bldg_8eedd46d-3e86-4c07-a8c5-d67369fd1936","mesh":"53394541","measuredHeight":13.8},"geometry":{"type":"Polygon","coordinates":[[[139.649522,35.705854],[139.64954,35.70589],[139.649383,35.70594],[139.649365,35.705904],[139.649522,35.705854]]]}},{"type":"Feature","id":"bldg_f09cff63-49e5-4bd8-ac58-964b09848584","properties":{"gml_id":"bldg_f09cff63-49e5-4bd8-ac58-964b09848584","mesh":"53394541","measuredHeight":8.1},"geometry":{"type":"Polygon","coordinates":[[[139.649568,35.706255],[139.649584,35.706302],[139.649546,35.706311],[139.649531,35.706263],[139.649568,35.706255]]]}},{"type":"Feature","id":"bldg_d58569fd-a8e5-4a4e-93da-f38702c2511e","properties":{"gml_id":"bldg_d58569fd-a8e5-4a4e-93da-f38702c2511e","mesh":"53394541","measuredHeight":9.4},"geometry":{"type":"Polygon","coordinates":[[[139.647083,35.705106],[139.647071,35.705098],[139.647048,35.705012],[139.647156,35.704993],[139.647188,35.705112],[139.647083,35.705106]]]}},{"type":"Feature","id":"bldg_ae8ca959-8ae2-409a-9084-051130ca9f38","properties":{"gml_id":"bldg_ae8ca959-8ae2-409a-9084-051130ca9f38","mesh":"53394541","measuredHeight":9.6},"geometry":{"type":"Polygon","coordinates":[[[139.648228,35.703335],[139.648216,35.70329],[139.648321,35.703271],[139.648341,35.703343],[139.648235,35.703362],[139.648228,35.703335]]]}},{"type":"Feature","id":"bldg_b2d1336d-7dfa-4091-9976-498e3c4540b1","properties":{"gml_id":"bldg_b2d1336d-7dfa-4091-9976-498e3c4540b1","mesh":"53394541","measuredHeight":7.0},"geometry":{"type":"Polygon","coordinates":[[[139.6487,35.705692],[139.648778,35.705792],[139.648696,35.70584],[139.648619,35.705757],[139.648625,35.705734],[139.6487,35.705692]]]}},{"type":"Feature","id":"bldg_652d5c77-da24-4729-8c40-45937b23ca55","properties":{"gml_id":"bldg_652d5c77-da24-4729-8c40-45937b23ca55","mesh":"53394541","measuredHeight":7.9},"geometry":{"type":"Polygon","coordinates":[[[139.646389,35.706614],[139.646341,35.706544],[139.646461,35.706489],[139.646509,35.706559],[139.646389,35.706614]]]}},{"type":"Feature","id":"bldg_56ee85f1-710d-4acd-afdc-7dff06461864","properties":{"gml_id":"bldg_56ee85f1-710d-4acd-afdc-7dff06461864","mesh":"53394541","measuredHeight":15.5},"geometry":{"type":"Polygon","coordinates":[[[139.64891,35.702787],[139.648884,35.702694],[139.649095,35.702655],[139.649126,35.702765],[139.649036,35.702782],[139.649037,35.702787],[139.648958,35.702801],[139.648957,35.702796],[139.648922,35.702803],[139.648917,35.702786],[139.64891,35.702787]]]}},{"type":"Feature","id":"bldg_1852b339-dc73-44c8-8052-4e66a7c3697d","properties":{"gml_id":"bldg_1852b339-dc73-44c8-8052-4e66a7c3697d","mesh":"53394541","measuredHeight":7.7},"geometry":{"type":"Polygon","coordinates":[[[139.646758,35.703498],[139.6468,35.70364],[139.646722,35.703655],[139.646679,35.703505],[139.646716,35.703498],[139.646715,35.703494],[139.646755,35.703486],[139.646758,35.703498]]]}},{"type":"Feature","id":"bldg_15c5406f-851f-4869-8e11-0c7426aca35d","properties":{"gml_id":"bldg_15c5406f-851f-4869-8e11-0c7426aca35d","mesh":"53394541","measuredHeight":15.6},"geometry":{"type":"Polygon","coordinates":[[[139.649288,35.703874],[139.649304,35.703919],[139.649291,35.703936],[139.649161,35.703973],[139.649136,35.703963],[139.649042,35.703693],[139.649046,35.703692],[139.649032,35.703651],[139.649118,35.703631],[139.649137,35.703683],[139.649215,35.703665],[139.649288,35.703874]]]}},{"type":"Feature","id":"bldg_ac136159-9350-4450-adf0-a22d9b143a7c","properties":{"gml_id":"bldg_ac136159-9350-4450-adf0-a22d9b143a7c","mesh":"53394541","measuredHeight":5.6},"geometry":{"type":"Polygon","coordinates":[[[139.647245,35.706128],[139.647307,35.706113],[139.647333,35.706184],[139.647235,35.706208],[139.647213,35.706147],[139.647249,35.706138],[139.647245,35.706128]]]}},{"type":"Feature","id":"bldg_8898275b-4d11-455e-9fa2-1ccb55726e2f","properties":{"gml_id":"bldg_8898275b-4d11-455e-9fa2-1ccb55726e2f","mesh":"53394541","measuredHeight":28.2},"geometry":{"type":"Polygon","coordinates":[[[139.64917,35.702945],[139.649094,35.70296],[139.649074,35.702893],[139.649275,35.702853],[139.649308,35.702965],[139.649375,35.702952],[139.649396,35.703022],[139.649283,35.703044],[139.649289,35.703063],[139.649228,35.703075],[139.649192,35.702955],[139.649173,35.702958],[139.64917,35.702945]]]}},{"type":"Feature","id":"bldg_4d513493-51f1-4bda-a197-669f2b6fff78","properties":{"gml_id":"bldg_4d513493-51f1-4bda-a197-669f2b6fff78","mesh":"53394541","measuredHeight":3.6},"geometry":{"type":"Polygon","coordinates":[[[139.647213,35.704076],[139.647202,35.704034],[139.647297,35.704016],[139.647309,35.704059],[139.647213,35.704076]]]}},{"type":"Feature","id":"bldg_685d03bd-6525-4339-a565-6d19eeb2731b","properties":{"gml_id":"bldg_685d03bd-6525-4339-a565-6d19eeb2731b","mesh":"53394541","measuredHeight":11.4},"geometry":{"type":"Polygon","coordinates":[[[139.647758,35.705378],[139.647717,35.705377],[139.647719,35.705326],[139.64776,35.705327],[139.647758,35.705378]]]}},{"type":"Feature","id":"bldg_9456d5d4-2d6b-4015-9399-80f7897cb283","properties":{"gml_id":"bldg_9456d5d4-2d6b-4015-9399-80f7897cb283","mesh":"53394541","measuredHeight":6.9},"geometry":{"type":"Polygon","coordinates":[[[139.646945,35.704818],[139.64687,35.704832],[139.646844,35.70474],[139.646919,35.704726],[139.646945,35.704818]]]}},{"type":"Feature","id":"bldg_f1189287-52ee-472c-916e-e553566651e5","properties":{"gml_id":"bldg_f1189287-52ee-472c-916e-e553566651e5","mesh":"53394541","measuredHeight":7.1},"geometry":{"type":"Polygon","coordinates":[[[139.647059,35.703474],[139.647102,35.703467],[139.647132,35.703575],[139.64709,35.703583],[139.647059,35.703474]]]}},{"type":"Feature","id":"bldg_c02543b4-80cc-4279-a25e-b2ed1f25a2c7","properties":{"gml_id":"bldg_c02543b4-80cc-4279-a25e-b2ed1f25a2c7","mesh":"53394541","measuredHeight":10.4},"geometry":{"type":"Polygon","coordinates":[[[139.649469,35.705743],[139.649485,35.705775],[139.649373,35.705813],[139.649357,35.705782],[139.649469,35.705743]]]}},{"type":"Feature","id":"bldg_f2d13c5b-dbba-4e46-ad76-41fdbca64630","properties":{"gml_id":"bldg_f2d13c5b-dbba-4e46-ad76-41fdbca64630","mesh":"53394541","measuredHeight":8.1},"geometry":{"type":"Polygon","coordinates":[[[139.647391,35.702875],[139.647338,35.702885],[139.647321,35.702824],[139.647374,35.702814],[139.647391,35.702875]]]}},{"type":"Feature","id":"bldg_5ef8be82-4a70-433d-9d98-1a5ecd8c0274","properties":{"gml_id":"bldg_5ef8be82-4a70-433d-9d98-1a5ecd8c0274","mesh":"53394541","measuredHeight":7.5},"geometry":{"type":"Polygon","coordinates":[[[139.647509,35.705507],[139.647391,35.705538],[139.647369,35.70548],[139.647486,35.705449],[139.647509,35.705507]]]}},{"type":"Feature","id":"bldg_c0c7289e-b445-479b-8f3e-0352010b7097","properties":{"gml_id":"bldg_c0c7289e-b445-479b-8f3e-0352010b7097","mesh":"53394541","measuredHeight":7.3},"geometry":{"type":"Polygon","coordinates":[[[139.647065,35.705917],[139.647136,35.705896],[139.647157,35.705942],[139.647085,35.705963],[139.647065,35.705917]]]}},{"type":"Feature","id":"bldg_3a27f5aa-5619-4917-9ef0-22f3e6472608","properties":{"gml_id":"bldg_3a27f5aa-5619-4917-9ef0-22f3e6472608","mesh":"53394541","measuredHeight":9.2},"geometry":{"type":"Polygon","coordinates":[[[139.648442,35.705461],[139.648552,35.705424],[139.648575,35.705468],[139.648465,35.705506],[139.648442,35.705461]]]}},{"type":"Feature","id":"bldg_ef44f342-4323-49e3-b98e-707a6affb1b8","properties":{"gml_id":"bldg_ef44f342-4323-49e3-b98e-707a6affb1b8","mesh":"53394541","measuredHeight":9.5},"geometry":{"type":"Polygon","coordinates":[[[139.647272,35.70482],[139.64737,35.704802],[139.647389,35.704871],[139.647291,35.704889],[139.647272,35.70482]]]}},{"type":"Feature","id":"bldg_50102939-b786-466c-923a-5ca09c8fd3ca","properties":{"gml_id":"bldg_50102939-b786-466c-923a-5ca09c8fd3ca","mesh":"53394541","measuredHeight":7.9},"geometry":{"type":"Polygon","coordinates":[[[139.646662,35.706282],[139.64674,35.706249],[139.64678,35.706313],[139.646774,35.706324],[139.646784,35.706339],[139.646711,35.70637],[139.646704,35.706359],[139.646654,35.70638],[139.646611,35.706313],[139.646667,35.70629],[139.646662,35.706282]]]}},{"type":"Feature","id":"bldg_c4866a15-8842-49ff-bab8-e3838c56bcae","properties":{"gml_id":"bldg_c4866a15-8842-49ff-bab8-e3838c56bcae","mesh":"53394541","measuredHeight":6.3},"geometry":{"type":"Polygon","coordinates":[[[139.647978,35.703236],[139.647935,35.703245],[139.647892,35.703107],[139.647925,35.7031],[139.647928,35.703109],[139.647938,35.703107],[139.647978,35.703236]]]}},{"type":"Feature","id":"bldg_9dc58158-882f-4a6f-8fb5-827ee17693a5","properties":{"gml_id":"bldg_9dc58158-882f-4a6f-8fb5-827ee17693a5","mesh":"53394541","measuredHeight":6.2},"geometry":{"type":"Polygon","coordinates":[[[139.647057,35.706106],[139.647175,35.706069],[139.647171,35.70606],[139.647201,35.706051],[139.647222,35.706094],[139.647074,35.706141],[139.647057,35.706106]]]}},{"type":"Feature","id":"bldg_8b9f25b9-a8cb-44d4-b615-416cec0aa273","properties":{"gml_id":"bldg_8b9f25b9-a8cb-44d4-b615-416cec0aa273","mesh":"53394541","measuredHeight":9.6},"geometry":{"type":"Polygon","coordinates":[[[139.648526,35.704798],[139.648545,35.704857],[139.648461,35.704875],[139.648442,35.704816],[139.648526,35.704798]]]}},{"type":"Feature","id":"bldg_f5a083e0-b344-4e7a-84e4-74e11293aa06","properties":{"gml_id":"bldg_f5a083e0-b344-4e7a-84e4-74e11293aa06","mesh":"53394541","measuredHeight":8.5},"geometry":{"type":"Polygon","coordinates":[[[139.647079,35.702691],[139.647231,35.702684],[139.647257,35.702769],[139.647117,35.702798],[139.647079,35.702691]]]}},{"type":"Feature","id":"bldg_7740d514-2cbb-4043-95cd-11a7c500655c","properties":{"gml_id":"bldg_7740d514-2cbb-4043-95cd-11a7c500655c","mesh":"53394541","measuredHeight":14.3},"geometry":{"type":"Polygon","coordinates":[[[139.647052,35.70401],[139.646957,35.704027],[139.646932,35.704009],[139.646923,35.703975],[139.646932,35.703973],[139.646923,35.703937],[139.64694,35.703934],[139.646925,35.703867],[139.647015,35.703853],[139.647052,35.70401]]]}},{"type":"Feature","id":"bldg_8e04cc17-8cbc-43d8-b36a-ab45cd23c20b","properties":{"gml_id":"bldg_8e04cc17-8cbc-43d8-b36a-ab45cd23c20b","mesh":"53394541","measuredHeight":15.4},"geometry":{"type":"Polygon","coordinates":[[[139.649849,35.704554],[139.649853,35.704595],[139.649757,35.704601],[139.649752,35.704561],[139.649849,35.704554]]]}},{"type":"Feature","id":"bldg_8bd72119-acb8-4d3f-895a-b1c5055c5f59","properties":{"gml_id":"bldg_8bd72119-acb8-4d3f-895a-b1c5055c5f59","mesh":"53394541","measuredHeight":9.8},"geometry":{"type":"Polygon","coordinates":[[[139.649114,35.704069],[139.64913,35.704113],[139.649072,35.704127],[139.649052,35.704071],[139.649094,35.70406],[139.649114,35.704069]]]}},{"type":"Feature","id":"bldg_d7185cad-3c6b-4c38-8035-af65d04f9710","properties":{"gml_id":"bldg_d7185cad-3c6b-4c38-8035-af65d04f9710","mesh":"53394541","measuredHeight":8.0},"geometry":{"type":"Polygon","coordinates":[[[139.646657,35.702724],[139.646647,35.702725],[139.646651,35.702743],[139.646594,35.70275],[139.646589,35.702721],[139.646602,35.702719],[139.646588,35.702646],[139.64658,35.702647],[139.64657,35.702592],[139.646632,35.702585],[139.646657,35.702724]]]}},{"type":"Feature","id":"bldg_f9dffa51-21f5-4cb4-869d-cf055b3dc214","properties":{"gml_id":"bldg_f9dffa51-21f5-4cb4-869d-cf055b3dc214","mesh":"53394541","measuredHeight":5.7},"geometry":{"type":"Polygon","coordinates":[[[139.64901,35.705465],[139.648993,35.705474],[139.648991,35.705475],[139.648962,35.705416],[139.648987,35.705417],[139.649021,35.705459],[139.64902,35.705459],[139.64901,35.705465]]]}},{"type":"Feature","id":"bldg_c7f965dd-2b9c-4488-b45a-4e0cf01d2252","properties":{"gml_id":"bldg_c7f965dd-2b9c-4488-b45a-4e0cf01d2252","mesh":"53394541","measuredHeight":5.8},"geometry":{"type":"Polygon","coordinates":[[[139.648603,35.705405],[139.648649,35.705387],[139.648702,35.70548],[139.648657,35.705498],[139.648603,35.705405]]]}},{"type":"Feature","id":"bldg_c8133dbf-3878-4bd7-8d4e-956a519e1019","properties":{"gml_id":"bldg_c8133dbf-3878-4bd7-8d4e-956a519e1019","mesh":"53394541","measuredHeight":15.2},"geometry":{"type":"Polygon","coordinates":[[[139.6483,35.706258],[139.648313,35.706252],[139.648275,35.706195],[139.648387,35.706145],[139.648533,35.706363],[139.648439,35.706405],[139.648413,35.706367],[139.648394,35.706376],[139.648353,35.706315],[139.648342,35.70632],[139.6483,35.706258]]]}},{"type":"Feature","id":"bldg_906bdf0a-dd79-410d-a0eb-bf0602a6f6ef","properties":{"gml_id":"bldg_906bdf0a-dd79-410d-a0eb-bf0602a6f6ef","mesh":"53394541","measuredHeight":7.1},"geometry":{"type":"Polygon","coordinates":[[[139.648432,35.703618],[139.648512,35.703592],[139.64854,35.703649],[139.64846,35.703675],[139.648432,35.703618]]]}},{"type":"Feature","id":"bldg_5a118ebd-fb1a-41b9-93f6-43652bb8dffb","properties":{"gml_id":"bldg_5a118ebd-fb1a-41b9-93f6-43652bb8dffb","mesh":"53394541","measuredHeight":17.9},"geometry":{"type":"Polygon","coordinates":[[[139.649444,35.706397],[139.649434,35.706393],[139.649414,35.706334],[139.649422,35.706332],[139.649412,35.706304],[139.649529,35.706278],[139.64956,35.706371],[139.649444,35.706397]]]}},{"type":"Feature","id":"bldg_3fb0d1ff-19da-429e-b959-9ce2c987885e","properties":{"gml_id":"bldg_3fb0d1ff-19da-429e-b959-9ce2c987885e","mesh":"53394541","measuredHeight":7.8},"geometry":{"type":"Polygon","coordinates":[[[139.647376,35.70476],[139.647359,35.704699],[139.647443,35.704683],[139.647462,35.704752],[139.647411,35.704762],[139.647409,35.704754],[139.647376,35.70476]]]}},{"type":"Feature","id":"bldg_ae6f05d7-2550-4b44-9152-69b404e6632a","properties":{"gml_id":"bldg_ae6f05d7-2550-4b44-9152-69b404e6632a","mesh":"53394541","measuredHeight":6.6},"geometry":{"type":"Polygon","coordinates":[[[139.648869,35.705423],[139.648739,35.705473],[139.648693,35.705395],[139.648873,35.705414],[139.648869,35.705423]]]}},{"type":"Feature","id":"bldg_da043120-6a6d-4b1e-806f-a5eb6b66378e","properties":{"gml_id":"bldg_da043120-6a6d-4b1e-806f-a5eb6b66378e","mesh":"53394541","measuredHeight":7.7},"geometry":{"type":"Polygon","coordinates":[[[139.647878,35.703266],[139.647915,35.703259],[139.647962,35.703413],[139.647924,35.703421],[139.647878,35.703266]]]}},{"type":"Feature","id":"bldg_1aac1f6d-165f-4160-bdba-3be32c560162","properties":{"gml_id":"bldg_1aac1f6d-165f-4160-bdba-3be32c560162","mesh":"53394541","measuredHeight":6.9},"geometry":{"type":"Polygon","coordinates":[[[139.646861,35.705854],[139.646853,35.705859],[139.646859,35.705871],[139.646844,35.705876],[139.646846,35.705885],[139.646784,35.705905],[139.646755,35.705844],[139.646843,35.705816],[139.646861,35.705854]]]}},{"type":"Feature","id":"bldg_8e37f737-8d8f-4376-aee7-1a371f2de9d1","properties":{"gml_id":"bldg_8e37f737-8d8f-4376-aee7-1a371f2de9d1","mesh":"53394541","measuredHeight":8.1},"geometry":{"type":"Polygon","coordinates":[[[139.64963,35.706598],[139.649742,35.706589],[139.649746,35.706621],[139.649634,35.70663],[139.64963,35.706598]]]}},{"type":"Feature","id":"bldg_8f4ab4dd-991d-4008-adc2-cabb68fedd9a","properties":{"gml_id":"bldg_8f4ab4dd-991d-4008-adc2-cabb68fedd9a","mesh":"53394541","measuredHeight":20.4},"geometry":{"type":"Polygon","coordinates":[[[139.648566,35.703477],[139.648582,35.703472],[139.648602,35.70351],[139.648417,35.703575],[139.648405,35.703551],[139.648389,35.703557],[139.648379,35.703539],[139.648478,35.703504],[139.64848,35.703507],[139.648566,35.703477]]]}},{"type":"Feature","id":"bldg_43f4ffe4-5a22-497c-b2e2-5a8aa0d425c0","properties":{"gml_id":"bldg_43f4ffe4-5a22-497c-b2e2-5a8aa0d425c0","mesh":"53394541","measuredHeight":3.8},"geometry":{"type":"Polygon","coordinates":[[[139.64643,35.705624],[139.646425,35.705616],[139.646407,35.705574],[139.646451,35.705561],[139.646457,35.705569],[139.646491,35.705558],[139.646515,35.705611],[139.646499,35.705616],[139.646471,35.705624],[139.646466,35.705613],[139.646458,35.705616],[139.64643,35.705624]]]}},{"type":"Feature","id":"bldg_bd7d819c-20b7-4aff-8285-30aca26ed36f","properties":{"gml_id":"bldg_bd7d819c-20b7-4aff-8285-30aca26ed36f","mesh":"53394541","measuredHeight":15.9},"geometry":{"type":"Polygon","coordinates":[[[139.649483,35.704179],[139.649481,35.704174],[139.649541,35.704163],[139.649554,35.704211],[139.649555,35.704249],[139.649543,35.704251],[139.649548,35.704266],[139.649384,35.704302],[139.649352,35.704208],[139.649483,35.704179]]]}},{"type":"Feature","id":"bldg_1ddb8652-10fd-4aa1-9e4f-ddc0e6a14a27","properties":{"gml_id":"bldg_1ddb8652-10fd-4aa1-9e4f-ddc0e6a14a27","mesh":"53394541","measuredHeight":6.2},"geometry":{"type":"Polygon","coordinates":[[[139.646569,35.703081],[139.646612,35.70307],[139.646622,35.703096],[139.646644,35.703091],[139.646652,35.703112],[139.646587,35.703129],[139.646569,35.703081]]]}},{"type":"Feature","id":"bldg_5e6508cb-a884-470d-b799-de21e8078d09","properties":{"gml_id":"bldg_5e6508cb-a884-470d-b799-de21e8078d09","mesh":"53394541","measuredHeight":4.1},"geometry":{"type":"Polygon","coordinates":[[[139.648852,35.706384],[139.648839,35.706365],[139.648961,35.706307],[139.648892,35.70621],[139.648803,35.706096],[139.648838,35.706078],[139.649023,35.706278],[139.649029,35.706274],[139.649038,35.706283],[139.649035,35.706316],[139.648984,35.70634],[139.648974,35.706326],[139.648852,35.706384]]]}},{"type":"Feature","id":"bldg_9f149295-8c13-4533-80a1-683f7cb967dd","properties":{"gml_id":"bldg_9f149295-8c13-4533-80a1-683f7cb967dd","mesh":"53394541","measuredHeight":8.2},"geometry":{"type":"Polygon","coordinates":[[[139.647692,35.705655],[139.647717,35.705703],[139.647635,35.705731],[139.64761,35.705683],[139.647692,35.705655]]]}},{"type":"Feature","id":"bldg_f61eb435-4c48-4579-b470-4af553c4ff1e","properties":{"gml_id":"bldg_f61eb435-4c48-4579-b470-4af553c4ff1e","mesh":"53394541","measuredHeight":7.7},"geometry":{"type":"Polygon","coordinates":[[[139.647192,35.703362],[139.647237,35.703354],[139.64724,35.703362],[139.647245,35.703361],[139.647265,35.703435],[139.647185,35.70345],[139.647165,35.703376],[139.647194,35.703371],[139.647192,35.703362]]]}},{"type":"Feature","id":"bldg_c68819a9-4998-4864-9f5c-e0283cfbab8e","properties":{"gml_id":"bldg_c68819a9-4998-4864-9f5c-e0283cfbab8e","mesh":"53394541","measuredHeight":8.2},"geometry":{"type":"Polygon","coordinates":[[[139.647292,35.704539],[139.647271,35.704474],[139.647371,35.704453],[139.647391,35.704519],[139.647292,35.704539]]]}},{"type":"Feature","id":"bldg_581be727-2380-4228-bd90-e842758d655c","properties":{"gml_id":"bldg_581be727-2380-4228-bd90-e842758d655c","mesh":"53394541","measuredHeight":4.1},"geometry":{"type":"Polygon","coordinates":[[[139.646522,35.705623],[139.646548,35.705681],[139.646469,35.705705],[139.646443,35.705647],[139.646522,35.705623]]]}},{"type":"Feature","id":"bldg_b802fee7-c87e-4c52-ba88-d6bc048d9d95","properties":{"gml_id":"bldg_b802fee7-c87e-4c52-ba88-d6bc048d9d95","mesh":"53394541","measuredHeight":10.3},"geometry":{"type":"Polygon","coordinates":[[[139.648429,35.704061],[139.64849,35.704047],[139.648552,35.704223],[139.648492,35.704237],[139.648429,35.704061]]]}},{"type":"Feature","id":"bldg_eac6599c-9f2f-4d69-b064-7c1c44fa1759","properties":{"gml_id":"bldg_eac6599c-9f2f-4d69-b064-7c1c44fa1759","mesh":"53394541","measuredHeight":6.6},"geometry":{"type":"Polygon","coordinates":[[[139.64839,35.705137],[139.648382,35.705112],[139.648495,35.70509],[139.648503,35.705134],[139.648454,35.705133],[139.648426,35.705138],[139.64839,35.705137]]]}},{"type":"Feature","id":"bldg_057e454d-fdd0-4571-bafc-08c684b7ff00","properties":{"gml_id":"bldg_057e454d-fdd0-4571-bafc-08c684b7ff00","mesh":"53394541","measuredHeight":5.4},"geometry":{"type":"Polygon","coordinates":[[[139.647087,35.70458],[139.647054,35.704586],[139.647042,35.704548],[139.647075,35.704542],[139.647087,35.70458]]]}},{"type":"Feature","id":"bldg_0227ac96-0a09-4d94-b553-fe8d6776551b","properties":{"gml_id":"bldg_0227ac96-0a09-4d94-b553-fe8d6776551b","mesh":"53394541","measuredHeight":12.4},"geometry":{"type":"Polygon","coordinates":[[[139.648966,35.703619],[139.648957,35.70362],[139.648969,35.703655],[139.648965,35.703655],[139.649025,35.703838],[139.649014,35.70384],[139.649023,35.703867],[139.649034,35.703865],[139.649043,35.703894],[139.649032,35.703896],[139.64904,35.703922],[139.648883,35.703956],[139.648785,35.703656],[139.64879,35.703655],[139.648783,35.703633],[139.648796,35.703614],[139.648938,35.703583],[139.648959,35.703595],[139.648966,35.703619]]]}},{"type":"Feature","id":"bldg_9d20c8ba-369d-4b3a-a151-d6a9bfda14b0","properties":{"gml_id":"bldg_9d20c8ba-369d-4b3a-a151-d6a9bfda14b0","mesh":"53394541","measuredHeight":24.5},"geometry":{"type":"Polygon","coordinates":[[[139.648328,35.7036],[139.648327,35.703596],[139.648382,35.703586],[139.648387,35.703607],[139.648375,35.703609],[139.648384,35.703642],[139.648389,35.703641],[139.648401,35.703686],[139.648326,35.703709],[139.648265,35.70372],[139.648266,35.703725],[139.648221,35.703733],[139.648218,35.703723],[139.648207,35.703725],[139.648179,35.703621],[139.648255,35.703607],[139.648256,35.703612],[139.648257,35.703613],[139.648328,35.7036]]]}},{"type":"Feature","id":"bldg_1edca34f-6a52-4fd2-b7ff-8b495b5574a0","properties":{"gml_id":"bldg_1edca34f-6a52-4fd2-b7ff-8b495b5574a0","mesh":"53394541","measuredHeight":8.6},"geometry":{"type":"Polygon","coordinates":[[[139.647334,35.704308],[139.647304,35.70422],[139.647407,35.704196],[139.647438,35.704284],[139.647334,35.704308]]]}},{"type":"Feature","id":"bldg_9a7744c4-deac-4e75-a8d9-3155e0aa8234","properties":{"gml_id":"bldg_9a7744c4-deac-4e75-a8d9-3155e0aa8234","mesh":"53394541","measuredHeight":7.4},"geometry":{"type":"Polygon","coordinates":[[[139.646903,35.705107],[139.646902,35.7051],[139.646859,35.705103],[139.646856,35.70507],[139.646927,35.705055],[139.646995,35.705052],[139.646999,35.705102],[139.646903,35.705107]]]}},{"type":"Feature","id":"bldg_630ccc2f-9a2c-41a2-96df-848b4e7b4a11","properties":{"gml_id":"bldg_630ccc2f-9a2c-41a2-96df-848b4e7b4a11","mesh":"53394541","measuredHeight":9.3},"geometry":{"type":"Polygon","coordinates":[[[139.647756,35.703453],[139.647757,35.703455],[139.647679,35.70347],[139.647678,35.703467],[139.647667,35.703469],[139.647659,35.703442],[139.647661,35.703442],[139.647625,35.703324],[139.647661,35.703318],[139.647658,35.703307],[139.647707,35.703298],[139.647728,35.703372],[139.647733,35.703372],[139.647756,35.703453]]]}},{"type":"Feature","id":"bldg_a4e7a90c-1ccd-4b00-9f23-790d87ffcfa7","properties":{"gml_id":"bldg_a4e7a90c-1ccd-4b00-9f23-790d87ffcfa7","mesh":"53394541","measuredHeight":6.3},"geometry":{"type":"Polygon","coordinates":[[[139.647073,35.704438],[139.647126,35.704427],[139.647168,35.70457],[139.647116,35.70458],[139.647073,35.704438]]]}},{"type":"Feature","id":"bldg_988cb87f-590d-4340-a51d-88fb96b2d63e","properties":{"gml_id":"bldg_988cb87f-590d-4340-a51d-88fb96b2d63e","mesh":"53394541","measuredHeight":9.3},"geometry":{"type":"Polygon","coordinates":[[[139.648911,35.705713],[139.648851,35.705615],[139.648914,35.70559],[139.648963,35.70567],[139.648929,35.705683],[139.648941,35.705701],[139.648911,35.705713]]]}},{"type":"Feature","id":"bldg_c5aa0ab8-ccec-4b4d-a0f0-cdf107f9e914","properties":{"gml_id":"bldg_c5aa0ab8-ccec-4b4d-a0f0-cdf107f9e914","mesh":"53394541","measuredHeight":8.4},"geometry":{"type":"Polygon","coordinates":[[[139.648089,35.705501],[139.647994,35.705355],[139.648033,35.705338],[139.648042,35.705353],[139.648067,35.705342],[139.648084,35.705347],[139.648171,35.705481],[139.648137,35.705495],[139.648131,35.705486],[139.648129,35.705483],[139.648089,35.705501]]]}},{"type":"Feature","id":"bldg_e9adbec3-c90c-4507-8c0a-2f4a35c330ed","properties":{"gml_id":"bldg_e9adbec3-c90c-4507-8c0a-2f4a35c330ed","mesh":"53394541","measuredHeight":5.6},"geometry":{"type":"Polygon","coordinates":[[[139.649912,35.703445],[139.649886,35.703451],[139.649864,35.703384],[139.649896,35.703378],[139.649917,35.703444],[139.649912,35.703445]]]}},{"type":"Feature","id":"bldg_77c1774a-c412-425b-b68c-79c182800184","properties":{"gml_id":"bldg_77c1774a-c412-425b-b68c-79c182800184","mesh":"53394541","measuredHeight":8.5},"geometry":{"type":"Polygon","coordinates":[[[139.648407,35.705368],[139.648406,35.705367],[139.648408,35.705367],[139.64846,35.70537],[139.648463,35.705369],[139.648497,35.705388],[139.648425,35.705413],[139.648403,35.705369],[139.648407,35.705368]]]}},{"type":"Feature","id":"bldg_73a3fed3-6e53-4160-84bf-e04478b9dadb","properties":{"gml_id":"bldg_73a3fed3-6e53-4160-84bf-e04478b9dadb","mesh":"53394541","measuredHeight":7.3},"geometry":{"type":"Polygon","coordinates":[[[139.646646,35.705582],[139.646566,35.705603],[139.646538,35.705531],[139.646618,35.705511],[139.646646,35.705582]]]}},{"type":"Feature","id":"bldg_acc26481-a8ec-4b53-ae6d-ccc6633d64ca","properties":{"gml_id":"bldg_acc26481-a8ec-4b53-ae6d-ccc6633d64ca","mesh":"53394541","measuredHeight":18.7},"geometry":{"type":"Polygon","coordinates":[[[139.649187,35.704368],[139.649212,35.704442],[139.649087,35.704469],[139.649082,35.704451],[139.649066,35.704454],[139.649041,35.704377],[139.649188,35.704345],[139.649202,35.704357],[139.649204,35.704364],[139.649187,35.704368]]]}},{"type":"Feature","id":"bldg_ac5cf4ba-95e3-4332-8d8a-74f7ef8a281e","properties":{"gml_id":"bldg_ac5cf4ba-95e3-4332-8d8a-74f7ef8a281e","mesh":"53394541","measuredHeight":6.3},"geometry":{"type":"Polygon","coordinates":[[[139.64736,35.705959],[139.647376,35.705996],[139.647311,35.706015],[139.647295,35.705977],[139.64736,35.705959]]]}},{"type":"Feature","id":"bldg_04c26b60-18e0-4421-9751-890468151b3a","properties":{"gml_id":"bldg_04c26b60-18e0-4421-9751-890468151b3a","mesh":"53394541","measuredHeight":20.1},"geometry":{"type":"Polygon","coordinates":[[[139.648567,35.706705],[139.648603,35.706689],[139.648602,35.706687],[139.648588,35.706693],[139.648582,35.706685],[139.648585,35.706678],[139.64858,35.70667],[139.648552,35.706682],[139.648508,35.706614],[139.648549,35.706596],[139.648541,35.706581],[139.648639,35.706539],[139.648658,35.706572],[139.648668,35.706568],[139.648727,35.706699],[139.648701,35.706709],[139.648698,35.706704],[139.648633,35.706733],[139.64863,35.706729],[139.648615,35.706736],[139.648612,35.706732],[139.648591,35.706741],[139.648567,35.706705]]]}},{"type":"Feature","id":"bldg_3accbc6d-618f-4176-a664-b8274b7f8e8b","properties":{"gml_id":"bldg_3accbc6d-618f-4176-a664-b8274b7f8e8b","mesh":"53394541","measuredHeight":9.2},"geometry":{"type":"Polygon","coordinates":[[[139.647318,35.702837],[139.647349,35.702939],[139.647337,35.702942],[139.64734,35.702951],[139.647262,35.702967],[139.647228,35.702855],[139.647318,35.702837]]]}},{"type":"Feature","id":"bldg_a728103e-9adf-4cb0-91bd-84e0fa1574d3","properties":{"gml_id":"bldg_a728103e-9adf-4cb0-91bd-84e0fa1574d3","mesh":"53394541","measuredHeight":7.1},"geometry":{"type":"Polygon","coordinates":[[[139.647146,35.703458],[139.647182,35.703451],[139.647213,35.703561],[139.647177,35.703568],[139.647146,35.703458]]]}},{"type":"Feature","id":"bldg_e2229e3d-4cc2-45ac-9a9c-03f6289e741d","properties":{"gml_id":"bldg_e2229e3d-4cc2-45ac-9a9c-03f6289e741d","mesh":"53394541","measuredHeight":8.5},"geometry":{"type":"Polygon","coordinates":[[[139.646686,35.705672],[139.646715,35.705736],[139.646635,35.705761],[139.646606,35.705697],[139.646686,35.705672]]]}},{"type":"Feature","id":"bldg_68348284-ca82-4894-bd85-c87f1c695b66","properties":{"gml_id":"bldg_68348284-ca82-4894-bd85-c87f1c695b66","mesh":"53394541","measuredHeight":14.8},"geometry":{"type":"Polygon","coordinates":[[[139.648082,35.70291],[139.648221,35.702835],[139.648251,35.702871],[139.648111,35.702946],[139.648082,35.70291]]]}},{"type":"Feature","id":"bldg_77900e85-6e29-420c-8742-366c651622df","properties":{"gml_id":"bldg_77900e85-6e29-420c-8742-366c651622df","mesh":"53394541","measuredHeight":8.3},"geometry":{"type":"Polygon","coordinates":[[[139.646919,35.706239],[139.646948,35.706231],[139.646952,35.706241],[139.647037,35.706215],[139.647047,35.706238],[139.646934,35.706272],[139.646919,35.706239]]]}},{"type":"Feature","id":"bldg_18b175ef-3d4f-4458-89a9-25892cd34f78","properties":{"gml_id":"bldg_18b175ef-3d4f-4458-89a9-25892cd34f78","mesh":"53394541","measuredHeight":8.2},"geometry":{"type":"Polygon","coordinates":[[[139.64681,35.703381],[139.646745,35.703393],[139.646719,35.703297],[139.646784,35.703285],[139.64681,35.703381]]]}},{"type":"Feature","id":"bldg_ed7096ae-cbca-462a-b00f-974a6d56515b","properties":{"gml_id":"bldg_ed7096ae-cbca-462a-b00f-974a6d56515b","mesh":"53394541","measuredHeight":4.3},"geometry":{"type":"Polygon","coordinates":[[[139.648889,35.706539],[139.648898,35.706553],[139.648874,35.706564],[139.648865,35.70655],[139.648889,35.706539]]]}},{"type":"Feature","id":"bldg_4f5150dd-5cf4-4d38-a1b5-87de5d312ea3","properties":{"gml_id":"bldg_4f5150dd-5cf4-4d38-a1b5-87de5d312ea3","mesh":"53394541","measuredHeight":7.3},"geometry":{"type":"Polygon","coordinates":[[[139.646877,35.70588],[139.646894,35.705915],[139.646718,35.705975],[139.6467,35.70594],[139.646877,35.70588]]]}},{"type":"Feature","id":"bldg_a9229665-0527-4be1-b80d-90a2485027fd","properties":{"gml_id":"bldg_a9229665-0527-4be1-b80d-90a2485027fd","mesh":"53394541","measuredHeight":11.4},"geometry":{"type":"Polygon","coordinates":[[[139.64918,35.704831],[139.649157,35.704758],[139.649331,35.70472],[139.649355,35.704794],[139.64918,35.704831]]]}},{"type":"Feature","id":"bldg_341ef01a-a23b-43ef-b9b1-4729a96be407","properties":{"gml_id":"bldg_341ef01a-a23b-43ef-b9b1-4729a96be407","mesh":"53394541","measuredHeight":4.7},"geometry":{"type":"Polygon","coordinates":[[[139.648494,35.70325],[139.648456,35.703262],[139.648447,35.703245],[139.648434,35.70325],[139.64843,35.703243],[139.648482,35.703226],[139.648494,35.70325]]]}},{"type":"Feature","id":"bldg_db166bb9-36a6-4549-91ee-3e264e87b2fb","properties":{"gml_id":"bldg_db166bb9-36a6-4549-91ee-3e264e87b2fb","mesh":"53394541","measuredHeight":11.6},"geometry":{"type":"Polygon","coordinates":[[[139.649433,35.704517],[139.649318,35.704541],[139.649301,35.70449],[139.649317,35.704469],[139.649415,35.70446],[139.649433,35.704517]]]}},{"type":"Feature","id":"bldg_05a1d670-0bf6-49df-b24b-f1aa7c1413fa","properties":{"gml_id":"bldg_05a1d670-0bf6-49df-b24b-f1aa7c1413fa","mesh":"53394541","measuredHeight":7.5},"geometry":{"type":"Polygon","coordinates":[[[139.646884,35.703623],[139.646841,35.703631],[139.646795,35.703472],[139.646838,35.703463],[139.646884,35.703623]]]}},{"type":"Feature","id":"bldg_048d81df-d5a2-42cf-b3ef-6f82f732f6be","properties":{"gml_id":"bldg_048d81df-d5a2-42cf-b3ef-6f82f732f6be","mesh":"53394541","measuredHeight":8.7},"geometry":{"type":"Polygon","coordinates":[[[139.64861,35.706434],[139.648645,35.706487],[139.648583,35.706515],[139.648547,35.706462],[139.64861,35.706434]]]}},{"type":"Feature","id":"bldg_7036a6c3-d669-4165-ab06-a0b609f7f963","properties":{"gml_id":"bldg_7036a6c3-d669-4165-ab06-a0b609f7f963","mesh":"53394541","measuredHeight":31.6},"geometry":{"type":"Polygon","coordinates":[[[139.649353,35.703329],[139.649339,35.703331],[139.649325,35.703337],[139.649246,35.703353],[139.649207,35.703226],[139.649302,35.703207],[139.649304,35.703215],[139.649313,35.703214],[139.649341,35.703304],[139.649345,35.703303],[139.649353,35.703329]]]}},{"type":"Feature","id":"bldg_5da51510-be3b-49ea-8c33-f0da7a89b3d8","properties":{"gml_id":"bldg_5da51510-be3b-49ea-8c33-f0da7a89b3d8","mesh":"53394541","measuredHeight":14.6},"geometry":{"type":"Polygon","coordinates":[[[139.647343,35.706293],[139.647304,35.706203],[139.647341,35.706192],[139.647374,35.70627],[139.64738,35.706283],[139.647343,35.706293]]]}},{"type":"Feature","id":"bldg_f8735d5a-c544-4266-9d09-d7704cd223c1","properties":{"gml_id":"bldg_f8735d5a-c544-4266-9d09-d7704cd223c1","mesh":"53394541","measuredHeight":5.6},"geometry":{"type":"Polygon","coordinates":[[[139.649174,35.705691],[139.64922,35.705672],[139.64926,35.705735],[139.649214,35.705754],[139.649174,35.705691]]]}},{"type":"Feature","id":"bldg_eaa6586d-f5a8-4605-9e59-cea0b9d5fa45","properties":{"gml_id":"bldg_eaa6586d-f5a8-4605-9e59-cea0b9d5fa45","mesh":"53394541","measuredHeight":6.8},"geometry":{"type":"Polygon","coordinates":[[[139.648459,35.703881],[139.648483,35.703874],[139.648505,35.70392],[139.64848,35.703928],[139.648459,35.703881]]]}},{"type":"Feature","id":"bldg_608bf0f2-f1e4-4444-b2c1-efc15771e4d2","properties":{"gml_id":"bldg_608bf0f2-f1e4-4444-b2c1-efc15771e4d2","mesh":"53394541","measuredHeight":7.8},"geometry":{"type":"Polygon","coordinates":[[[139.646645,35.704096],[139.646576,35.70411],[139.646551,35.704026],[139.64662,35.704012],[139.646645,35.704096]]]}},{"type":"Feature","id":"bldg_c65fea6a-b2ab-4b10-91b8-6956733d09f2","properties":{"gml_id":"bldg_c65fea6a-b2ab-4b10-91b8-6956733d09f2","mesh":"53394541","measuredHeight":15.2},"geometry":{"type":"Polygon","coordinates":[[[139.647534,35.70578],[139.647521,35.705783],[139.647507,35.705787],[139.647498,35.705789],[139.647502,35.705797],[139.64741,35.705822],[139.647391,35.705774],[139.647373,35.705779],[139.647294,35.705582],[139.647335,35.705572],[139.647328,35.705555],[139.647343,35.705551],[139.647354,35.705548],[139.647483,35.705514],[139.647531,35.705635],[139.647507,35.705642],[139.647551,35.705753],[139.647526,35.705759],[139.647534,35.70578]]]}},{"type":"Feature","id":"bldg_56ba31a2-ff4c-4761-86c9-7086c8989179","properties":{"gml_id":"bldg_56ba31a2-ff4c-4761-86c9-7086c8989179","mesh":"53394541","measuredHeight":9.4},"geometry":{"type":"Polygon","coordinates":[[[139.649548,35.706489],[139.649541,35.706457],[139.649706,35.706434],[139.649716,35.706476],[139.649639,35.706487],[139.649639,35.706491],[139.649591,35.706498],[139.649595,35.706516],[139.649458,35.706551],[139.649436,35.706506],[139.649548,35.706489]]]}},{"type":"Feature","id":"bldg_9ef715ad-4796-47ce-b4f1-9c68bb3fe1db","properties":{"gml_id":"bldg_9ef715ad-4796-47ce-b4f1-9c68bb3fe1db","mesh":"53394541","measuredHeight":11.1},"geometry":{"type":"Polygon","coordinates":[[[139.649539,35.703358],[139.649543,35.703372],[139.649511,35.703403],[139.649446,35.703417],[139.649429,35.703363],[139.649538,35.70334],[139.649539,35.703358]]]}},{"type":"Feature","id":"bldg_2bb5b22b-26e8-4cf1-ab41-94a6c2e27b90","properties":{"gml_id":"bldg_2bb5b22b-26e8-4cf1-ab41-94a6c2e27b90","mesh":"53394541","measuredHeight":7.7},"geometry":{"type":"Polygon","coordinates":[[[139.646572,35.704117],[139.646531,35.704123],[139.646505,35.704026],[139.646546,35.704016],[139.646572,35.704117]]]}},{"type":"Feature","id":"bldg_4590c881-25ce-4a24-8a04-8235b662011a","properties":{"gml_id":"bldg_4590c881-25ce-4a24-8a04-8235b662011a","mesh":"53394541","measuredHeight":11.3},"geometry":{"type":"Polygon","coordinates":[[[139.649228,35.703516],[139.649335,35.703493],[139.649366,35.703588],[139.649253,35.703612],[139.649228,35.703532],[139.649232,35.703526],[139.649228,35.703516]]]}},{"type":"Feature","id":"bldg_904a3678-00ed-49d6-9b9b-51e33a1732ca","properties":{"gml_id":"bldg_904a3678-00ed-49d6-9b9b-51e33a1732ca","mesh":"53394541","measuredHeight":11.5},"geometry":{"type":"Polygon","coordinates":[[[139.64703,35.702835],[139.646991,35.702706],[139.647027,35.702699],[139.647034,35.702723],[139.647061,35.702717],[139.647093,35.702822],[139.64703,35.702835]]]}},{"type":"Feature","id":"bldg_5f8be521-3c38-4345-9371-72d1236bfa52","properties":{"gml_id":"bldg_5f8be521-3c38-4345-9371-72d1236bfa52","mesh":"53394541","measuredHeight":7.9},"geometry":{"type":"Polygon","coordinates":[[[139.646674,35.705654],[139.646605,35.705671],[139.646598,35.705652],[139.646632,35.705644],[139.646627,35.70563],[139.646594,35.705638],[139.646584,35.705612],[139.646652,35.705595],[139.646674,35.705654]]]}},{"type":"Feature","id":"bldg_f73ed95e-e3be-43a3-a77b-a777260ed9e7","properties":{"gml_id":"bldg_f73ed95e-e3be-43a3-a77b-a777260ed9e7","mesh":"53394541","measuredHeight":9.0},"geometry":{"type":"Polygon","coordinates":[[[139.647986,35.705136],[139.647976,35.7051],[139.648062,35.705085],[139.648072,35.705121],[139.648058,35.705137],[139.647986,35.705136]]]}},{"type":"Feature","id":"bldg_5859e08f-7221-4ff5-b49c-aac62f18cf85","properties":{"gml_id":"bldg_5859e08f-7221-4ff5-b49c-aac62f18cf85","mesh":"53394541","measuredHeight":30.6},"geometry":{"type":"Polygon","coordinates":[[[139.649897,35.703841],[139.649937,35.703841],[139.649937,35.703849],[139.649941,35.703849],[139.649942,35.703901],[139.649929,35.703901],[139.64993,35.703974],[139.649876,35.703974],[139.649876,35.703978],[139.649885,35.703992],[139.649885,35.703996],[139.649906,35.703995],[139.649918,35.703995],[139.649918,35.704019],[139.64987,35.704019],[139.64987,35.704048],[139.649761,35.704048],[139.649761,35.704042],[139.649755,35.704042],[139.649755,35.70402],[139.64975,35.70402],[139.64975,35.703894],[139.649761,35.703894],[139.649761,35.70389],[139.64977,35.70389],[139.64977,35.703883],[139.649783,35.703872],[139.649791,35.703872],[139.649791,35.703867],[139.649835,35.703867],[139.649835,35.703857],[139.649857,35.703857],[139.649857,35.70385],[139.649897,35.70385],[139.649897,35.703841]]]}},{"type":"Feature","id":"bldg_55051b61-1a85-4f88-b2de-716ffebe9f36","properties":{"gml_id":"bldg_55051b61-1a85-4f88-b2de-716ffebe9f36","mesh":"53394541","measuredHeight":7.9},"geometry":{"type":"Polygon","coordinates":[[[139.648038,35.70323],[139.64808,35.703222],[139.648082,35.703228],[139.648118,35.703221],[139.648164,35.703375],[139.648087,35.70339],[139.648038,35.70323]]]}},{"type":"Feature","id":"bldg_f309107b-d26d-427a-bc73-80ba16e6cd4b","properties":{"gml_id":"bldg_f309107b-d26d-427a-bc73-80ba16e6cd4b","mesh":"53394541","measuredHeight":6.9},"geometry":{"type":"Polygon","coordinates":[[[139.649009,35.706096],[139.649011,35.706101],[139.648954,35.706124],[139.64893,35.706095],[139.648993,35.70607],[139.648995,35.706074],[139.649001,35.706085],[139.649009,35.706096]]]}},{"type":"Feature","id":"bldg_0260e3a2-43e5-4113-9f4e-7604166664e8","properties":{"gml_id":"bldg_0260e3a2-43e5-4113-9f4e-7604166664e8","mesh":"53394541","measuredHeight":4.3},"geometry":{"type":"Polygon","coordinates":[[[139.647085,35.704521],[139.64704,35.70453],[139.647012,35.704438],[139.647057,35.704429],[139.647085,35.704521]]]}},{"type":"Feature","id":"bldg_38150ad8-28b9-4c0d-9a18-482b5465390b","properties":{"gml_id":"bldg_38150ad8-28b9-4c0d-9a18-482b5465390b","mesh":"53394541","measuredHeight":7.0},"geometry":{"type":"Polygon","coordinates":[[[139.649043,35.703556],[139.649132,35.703537],[139.649176,35.703671],[139.649137,35.703679],[139.64912,35.703628],[139.649031,35.703647],[139.649013,35.703594],[139.649023,35.703578],[139.649048,35.703572],[139.649043,35.703556]]]}},{"type":"Feature","id":"bldg_e66507ba-1c4f-4e12-a1d9-1e1c70c25218","properties":{"gml_id":"bldg_e66507ba-1c4f-4e12-a1d9-1e1c70c25218","mesh":"53394541","measuredHeight":12.4},"geometry":{"type":"Polygon","coordinates":[[[139.64833,35.70359],[139.648312,35.703551],[139.648368,35.703532],[139.648387,35.703572],[139.64833,35.70359]]]}},{"type":"Feature","id":"bldg_514cf9f8-a970-430b-bf3e-c4a4c80863d5","properties":{"gml_id":"bldg_514cf9f8-a970-430b-bf3e-c4a4c80863d5","mesh":"53394541","measuredHeight":7.4},"geometry":{"type":"Polygon","coordinates":[[[139.646852,35.705067],[139.646835,35.705016],[139.646986,35.704982],[139.647004,35.705033],[139.646852,35.705067]]]}},{"type":"Feature","id":"bldg_6f264438-2b36-409e-9f95-5986b0a8898e","properties":{"gml_id":"bldg_6f264438-2b36-409e-9f95-5986b0a8898e","mesh":"53394541","measuredHeight":6.5},"geometry":{"type":"Polygon","coordinates":[[[139.648905,35.706617],[139.648873,35.706568],[139.648929,35.706543],[139.648964,35.706597],[139.648944,35.706606],[139.648941,35.706601],[139.648905,35.706617]]]}},{"type":"Feature","id":"bldg_2d779a78-7e76-4f16-91db-a52185e6e749","properties":{"gml_id":"bldg_2d779a78-7e76-4f16-91db-a52185e6e749","mesh":"53394541","measuredHeight":7.4},"geometry":{"type":"Polygon","coordinates":[[[139.649611,35.706501],[139.649726,35.706487],[139.649735,35.706533],[139.64962,35.706548],[139.649596,35.706555],[139.649597,35.706564],[139.649528,35.706581],[139.649525,35.706573],[139.649473,35.706586],[139.649461,35.706554],[139.649616,35.706516],[139.649611,35.706501]]]}},{"type":"Feature","id":"bldg_4e0a0f36-ff42-4c0a-942f-2087da247e02","properties":{"gml_id":"bldg_4e0a0f36-ff42-4c0a-942f-2087da247e02","mesh":"53394541","measuredHeight":8.7},"geometry":{"type":"Polygon","coordinates":[[[139.649443,35.702816],[139.649467,35.702894],[139.649394,35.702909],[139.649369,35.702832],[139.649443,35.702816]]]}},{"type":"Feature","id":"bldg_6cfe2abd-f415-4b5e-a619-179cd779c555","properties":{"gml_id":"bldg_6cfe2abd-f415-4b5e-a619-179cd779c555","mesh":"53394541","measuredHeight":19.9},"geometry":{"type":"Polygon","coordinates":[[[139.649517,35.704445],[139.649517,35.704447],[139.649545,35.704443],[139.649552,35.704489],[139.649434,35.704515],[139.649415,35.704456],[139.649517,35.704445]]]}},{"type":"Feature","id":"bldg_8178c95d-53e1-4386-b068-566374c8c8f6","properties":{"gml_id":"bldg_8178c95d-53e1-4386-b068-566374c8c8f6","mesh":"53394541","measuredHeight":3.8},"geometry":{"type":"Polygon","coordinates":[[[139.648046,35.706153],[139.648066,35.706143],[139.648003,35.706053],[139.648065,35.706025],[139.648073,35.706037],[139.648078,35.706035],[139.648204,35.706217],[139.648129,35.706252],[139.648075,35.706173],[139.648063,35.706178],[139.648046,35.706153]]]}},{"type":"Feature","id":"bldg_1867daa4-e62d-4bc0-85a7-2780e35c349b","properties":{"gml_id":"bldg_1867daa4-e62d-4bc0-85a7-2780e35c349b","mesh":"53394541","measuredHeight":6.1},"geometry":{"type":"Polygon","coordinates":[[[139.648236,35.70621],[139.648286,35.706272],[139.648092,35.706377],[139.648081,35.706364],[139.648075,35.706368],[139.64803,35.706308],[139.648236,35.70621]]]}},{"type":"Feature","id":"bldg_4d627089-2689-4cea-ab1a-0bf9137d53e8","properties":{"gml_id":"bldg_4d627089-2689-4cea-ab1a-0bf9137d53e8","mesh":"53394541","measuredHeight":7.5},"geometry":{"type":"Polygon","coordinates":[[[139.646632,35.706383],[139.646504,35.706446],[139.646497,35.706429],[139.646504,35.706424],[139.646471,35.706378],[139.646586,35.706322],[139.646632,35.706383]]]}},{"type":"Feature","id":"bldg_083d61c5-5ac7-4778-b324-4e0df76f189a","properties":{"gml_id":"bldg_083d61c5-5ac7-4778-b324-4e0df76f189a","mesh":"53394541","measuredHeight":14.6},"geometry":{"type":"Polygon","coordinates":[[[139.647365,35.705331],[139.647385,35.705423],[139.647317,35.705433],[139.647297,35.705342],[139.647365,35.705331]]]}},{"type":"Feature","id":"bldg_c9827c11-343d-4782-b199-24a0409a946e","properties":{"gml_id":"bldg_c9827c11-343d-4782-b199-24a0409a946e","mesh":"53394541","measuredHeight":9.1},"geometry":{"type":"Polygon","coordinates":[[[139.648169,35.705543],[139.648222,35.705634],[139.648149,35.705662],[139.648097,35.705571],[139.648169,35.705543]]]}},{"type":"Feature","id":"bldg_ff61d387-020a-46df-97f0-2a1d4b34a129","properties":{"gml_id":"bldg_ff61d387-020a-46df-97f0-2a1d4b34a129","mesh":"53394541","measuredHeight":9.8},"geometry":{"type":"Polygon","coordinates":[[[139.646624,35.704333],[139.646604,35.704268],[139.646629,35.704263],[139.646626,35.704256],[139.646714,35.704239],[139.646718,35.704253],[139.646763,35.704244],[139.64678,35.704302],[139.646624,35.704333]]]}},{"type":"Feature","id":"bldg_5c1af37b-d661-45df-9ea5-b2e4a0f85c5e","properties":{"gml_id":"bldg_5c1af37b-d661-45df-9ea5-b2e4a0f85c5e","mesh":"53394541","measuredHeight":8.0},"geometry":{"type":"Polygon","coordinates":[[[139.648538,35.705375],[139.648603,35.705385],[139.648611,35.705401],[139.648439,35.705461],[139.648416,35.705418],[139.648538,35.705375]]]}},{"type":"Feature","id":"bldg_795fe535-0b96-40e4-837f-d97387ccc790","properties":{"gml_id":"bldg_795fe535-0b96-40e4-837f-d97387ccc790","mesh":"53394541","measuredHeight":6.9},"geometry":{"type":"Polygon","coordinates":[[[139.647385,35.70511],[139.647336,35.705118],[139.647314,35.705034],[139.647363,35.705026],[139.647385,35.70511]]]}},{"type":"Feature","id":"bldg_d8383f81-ea40-42c5-be67-77d1e3e43843","properties":{"gml_id":"bldg_d8383f81-ea40-42c5-be67-77d1e3e43843","mesh":"53394541","measuredHeight":8.0},"geometry":{"type":"Polygon","coordinates":[[[139.648145,35.705791],[139.648201,35.705768],[139.648265,35.705875],[139.648209,35.705897],[139.648145,35.705791]]]}},{"type":"Feature","id":"bldg_6692fbc3-14a0-4edc-b75b-d383bc08fb72","properties":{"gml_id":"bldg_6692fbc3-14a0-4edc-b75b-d383bc08fb72","mesh":"53394541","measuredHeight":7.7},"geometry":{"type":"Polygon","coordinates":[[[139.647853,35.706373],[139.647913,35.706344],[139.648028,35.706508],[139.647969,35.706536],[139.647853,35.706373]]]}},{"type":"Feature","id":"bldg_ae9ee828-359b-4fbd-bbe4-46bbb28ede9c","properties":{"gml_id":"bldg_ae9ee828-359b-4fbd-bbe4-46bbb28ede9c","mesh":"53394541","measuredHeight":11.1},"geometry":{"type":"Polygon","coordinates":[[[139.647716,35.704454],[139.647666,35.704462],[139.647628,35.704306],[139.647678,35.704298],[139.647716,35.704454]]]}},{"type":"Feature","id":"bldg_4fc31161-6bd5-49de-865c-56d908729e1c","properties":{"gml_id":"bldg_4fc31161-6bd5-49de-865c-56d908729e1c","mesh":"53394541","measuredHeight":12.4},"geometry":{"type":"Polygon","coordinates":[[[139.648248,35.704645],[139.648279,35.704759],[139.648104,35.704791],[139.648055,35.70461],[139.64806,35.704609],[139.648231,35.704578],[139.648241,35.704615],[139.648332,35.704599],[139.648321,35.70456],[139.648307,35.704563],[139.648294,35.704516],[139.648312,35.704512],[139.648297,35.704455],[139.648291,35.704456],[139.648273,35.704391],[139.648387,35.704371],[139.648392,35.704389],[139.648481,35.704373],[139.648506,35.704462],[139.648471,35.704469],[139.648489,35.704534],[139.648371,35.704555],[139.648389,35.704619],[139.648248,35.704645]],[[139.648354,35.704449],[139.648359,35.704473],[139.648417,35.704465],[139.648411,35.70444],[139.648354,35.704449]]]}},{"type":"Feature","id":"bldg_312d54ac-09d4-44fd-9f32-e44053f32b36","properties":{"gml_id":"bldg_312d54ac-09d4-44fd-9f32-e44053f32b36","mesh":"53394541","measuredHeight":9.4},"geometry":{"type":"Polygon","coordinates":[[[139.647529,35.704116],[139.647366,35.704148],[139.647328,35.704019],[139.647454,35.703994],[139.647451,35.703986],[139.647473,35.703982],[139.647474,35.703986],[139.647489,35.703983],[139.647529,35.704116]]]}},{"type":"Feature","id":"bldg_5b556f9f-04e3-4a4e-97fd-c9cdf92b0f22","properties":{"gml_id":"bldg_5b556f9f-04e3-4a4e-97fd-c9cdf92b0f22","mesh":"53394541","measuredHeight":13.8},"geometry":{"type":"Polygon","coordinates":[[[139.647571,35.703767],[139.64756,35.703731],[139.647538,35.703735],[139.647521,35.703675],[139.647664,35.703647],[139.647693,35.703744],[139.647571,35.703767]]]}},{"type":"Feature","id":"bldg_6a55a74f-c568-40ba-9fd1-88df7802dc63","properties":{"gml_id":"bldg_6a55a74f-c568-40ba-9fd1-88df7802dc63","mesh":"53394541","measuredHeight":20.1},"geometry":{"type":"Polygon","coordinates":[[[139.647391,35.705122],[139.647375,35.705056],[139.647379,35.705056],[139.647372,35.705031],[139.647536,35.705001],[139.647563,35.705101],[139.647446,35.705123],[139.647391,35.705122]]]}},{"type":"Feature","id":"bldg_f427fff4-29a6-418d-90d4-03cd908dd2f6","properties":{"gml_id":"bldg_f427fff4-29a6-418d-90d4-03cd908dd2f6","mesh":"53394541","measuredHeight":9.6},"geometry":{"type":"Polygon","coordinates":[[[139.646603,35.704884],[139.646527,35.7049],[139.646504,35.704825],[139.646581,35.704809],[139.646603,35.704884]]]}},{"type":"Feature","id":"bldg_007a1668-585a-4667-a329-8764a76a7b16","properties":{"gml_id":"bldg_007a1668-585a-4667-a329-8764a76a7b16","mesh":"53394541","measuredHeight":7.7},"geometry":{"type":"Polygon","coordinates":[[[139.647225,35.703744],[139.647146,35.703761],[139.647108,35.703637],[139.647187,35.703621],[139.647225,35.703744]]]}},{"type":"Feature","id":"bldg_7d24f36f-7d4b-43f2-84d9-61baa7f9f4bd","properties":{"gml_id":"bldg_7d24f36f-7d4b-43f2-84d9-61baa7f9f4bd","mesh":"53394541","measuredHeight":8.4},"geometry":{"type":"Polygon","coordinates":[[[139.647035,35.703156],[139.647026,35.703127],[139.647108,35.70311],[139.647124,35.703162],[139.647058,35.703175],[139.647051,35.703153],[139.647035,35.703156]]]}},{"type":"Feature","id":"bldg_ff547d49-5ef6-480e-9f85-4bb8d9a4a441","properties":{"gml_id":"bldg_ff547d49-5ef6-480e-9f85-4bb8d9a4a441","mesh":"53394541","measuredHeight":8.4},"geometry":{"type":"Polygon","coordinates":[[[139.647474,35.703405],[139.647515,35.703397],[139.647543,35.703497],[139.647502,35.703505],[139.647474,35.703405]]]}},{"type":"Feature","id":"bldg_9458e511-4318-46c9-bf54-2063b33feeee","properties":{"gml_id":"bldg_9458e511-4318-46c9-bf54-2063b33feeee","mesh":"53394541","measuredHeight":9.4},"geometry":{"type":"Polygon","coordinates":[[[139.648844,35.704516],[139.648985,35.704485],[139.649009,35.70456],[139.648868,35.704591],[139.648844,35.704516]]]}},{"type":"Feature","id":"bldg_ec2ba3ca-2d01-48a7-bb6a-2994c4a3b6a2","properties":{"gml_id":"bldg_ec2ba3ca-2d01-48a7-bb6a-2994c4a3b6a2","mesh":"53394541","measuredHeight":8.0},"geometry":{"type":"Polygon","coordinates":[[[139.647592,35.70463],[139.647566,35.704535],[139.647655,35.704519],[139.647681,35.704614],[139.647592,35.70463]]]}},{"type":"Feature","id":"bldg_025e2084-9add-4b16-9964-5beb7725e8a0","properties":{"gml_id":"bldg_025e2084-9add-4b16-9964-5beb7725e8a0","mesh":"53394541","measuredHeight":34.6},"geometry":{"type":"Polygon","coordinates":[[[139.64981,35.702844],[139.649808,35.702837],[139.649776,35.702843],[139.649775,35.702836],[139.649761,35.702839],[139.649741,35.702764],[139.650043,35.702708],[139.650055,35.702751],[139.650093,35.702745],[139.650099,35.702744],[139.650105,35.702748],[139.650109,35.702755],[139.650109,35.702764],[139.650116,35.702787],[139.64981,35.702844]]]}},{"type":"Feature","id":"bldg_87fed611-490d-4023-b941-ff03d7803dab","properties":{"gml_id":"bldg_87fed611-490d-4023-b941-ff03d7803dab","mesh":"53394541","measuredHeight":3.7},"geometry":{"type":"Polygon","coordinates":[[[139.64919,35.706499],[139.649205,35.706492],[139.649218,35.706509],[139.649202,35.706516],[139.64919,35.706499]]]}},{"type":"Feature","id":"bldg_54abb38e-56ec-4c9d-92e0-891052a377c6","properties":{"gml_id":"bldg_54abb38e-56ec-4c9d-92e0-891052a377c6","mesh":"53394541","measuredHeight":7.2},"geometry":{"type":"Polygon","coordinates":[[[139.649201,35.706181],[139.649048,35.706222],[139.649021,35.706194],[139.649179,35.706142],[139.649201,35.706181]]]}},{"type":"Feature","id":"bldg_08527c5a-33bb-4f8a-9fe3-56306e964134","properties":{"gml_id":"bldg_08527c5a-33bb-4f8a-9fe3-56306e964134","mesh":"53394541","measuredHeight":10.1},"geometry":{"type":"Polygon","coordinates":[[[139.6487,35.704104],[139.648679,35.704109],[139.648687,35.704131],[139.648634,35.704144],[139.648638,35.704156],[139.648653,35.704198],[139.648615,35.704208],[139.648589,35.704133],[139.648611,35.704128],[139.648577,35.704034],[139.648667,35.704012],[139.6487,35.704104]]]}},{"type":"Feature","id":"bldg_eba7aea0-b379-4dc6-883b-9f5d3395cd61","properties":{"gml_id":"bldg_eba7aea0-b379-4dc6-883b-9f5d3395cd61","mesh":"53394541","measuredHeight":7.0},"geometry":{"type":"Polygon","coordinates":[[[139.648336,35.704116],[139.648362,35.704186],[139.648254,35.704213],[139.648227,35.704144],[139.648336,35.704116]]]}},{"type":"Feature","id":"bldg_db51c64c-f728-4afb-b0d1-4cb565601251","properties":{"gml_id":"bldg_db51c64c-f728-4afb-b0d1-4cb565601251","mesh":"53394541","measuredHeight":9.0},"geometry":{"type":"Polygon","coordinates":[[[139.64823,35.705354],[139.648296,35.70536],[139.648328,35.705408],[139.648279,35.70543],[139.64823,35.705354]]]}},{"type":"Feature","id":"bldg_f0ce7d83-6e20-4d42-b35f-5f84888864c0","properties":{"gml_id":"bldg_f0ce7d83-6e20-4d42-b35f-5f84888864c0","mesh":"53394541","measuredHeight":34.4},"geometry":{"type":"Polygon","coordinates":[[[139.649908,35.703702],[139.649745,35.703738],[139.649746,35.703663],[139.649885,35.703633],[139.649908,35.703702]]]}},{"type":"Feature","id":"bldg_3bd901e2-1888-462c-bda4-c03e768cc688","properties":{"gml_id":"bldg_3bd901e2-1888-462c-bda4-c03e768cc688","mesh":"53394541","measuredHeight":10.4},"geometry":{"type":"Polygon","coordinates":[[[139.649393,35.705595],[139.649418,35.705637],[139.649321,35.705676],[139.649309,35.705658],[139.649276,35.705671],[139.649247,35.705624],[139.64929,35.705607],[139.649304,35.70563],[139.649393,35.705595]]]}},{"type":"Feature","id":"bldg_fe44fc6a-d8a5-4b1e-b5c3-c8c22fa8bc90","properties":{"gml_id":"bldg_fe44fc6a-d8a5-4b1e-b5c3-c8c22fa8bc90","mesh":"53394541","measuredHeight":40.4},"geometry":{"type":"Polygon","coordinates":[[[139.650139,35.704308],[139.6498,35.704329],[139.649787,35.704191],[139.650143,35.704168],[139.650148,35.704226],[139.650131,35.704227],[139.650139,35.704308]]]}},{"type":"Feature","id":"bldg_3b0369fc-b81e-419c-ab72-e0eb78c86006","properties":{"gml_id":"bldg_3b0369fc-b81e-419c-ab72-e0eb78c86006","mesh":"53394541","measuredHeight":8.0},"geometry":{"type":"Polygon","coordinates":[[[139.649551,35.70593],[139.649392,35.70598],[139.649375,35.705944],[139.649534,35.705894],[139.649551,35.70593]]]}},{"type":"Feature","id":"bldg_a4fede29-a67c-4392-a6ec-2e6662f96c5f","properties":{"gml_id":"bldg_a4fede29-a67c-4392-a6ec-2e6662f96c5f","mesh":"53394541","measuredHeight":10.5},"geometry":{"type":"Polygon","coordinates":[[[139.649337,35.705753],[139.649456,35.705711],[139.64947,35.705739],[139.649352,35.705781],[139.649337,35.705753]]]}},{"type":"Feature","id":"bldg_bcb2c86c-31e5-4ad9-918a-56e4bfcd4eb2","properties":{"gml_id":"bldg_bcb2c86c-31e5-4ad9-918a-56e4bfcd4eb2","mesh":"53394541","measuredHeight":9.0},"geometry":{"type":"Polygon","coordinates":[[[139.647929,35.702946],[139.647986,35.702935],[139.648005,35.703004],[139.647947,35.703015],[139.647929,35.702946]]]}},{"type":"Feature","id":"bldg_c9131f1a-1378-4b45-aa1f-5c174188020c","properties":{"gml_id":"bldg_c9131f1a-1378-4b45-aa1f-5c174188020c","mesh":"53394541","measuredHeight":28.2},"geometry":{"type":"Polygon","coordinates":[[[139.647817,35.703501],[139.647828,35.703499],[139.647827,35.703495],[139.647864,35.703488],[139.647865,35.703492],[139.647931,35.703479],[139.64793,35.703475],[139.648002,35.703461],[139.648015,35.703508],[139.648011,35.703509],[139.64802,35.703537],[139.648024,35.703537],[139.648041,35.703596],[139.648036,35.703597],[139.648045,35.703626],[139.648049,35.703625],[139.64809,35.703768],[139.648081,35.703786],[139.647788,35.703842],[139.64775,35.70371],[139.647743,35.703712],[139.647729,35.703665],[139.647742,35.703663],[139.647739,35.703652],[139.647734,35.703653],[139.647699,35.703531],[139.647707,35.70353],[139.647704,35.703518],[139.647816,35.703496],[139.647817,35.703501]]]}},{"type":"Feature","id":"bldg_a2f6b959-2271-4102-a56a-51a5ed7490fe","properties":{"gml_id":"bldg_a2f6b959-2271-4102-a56a-51a5ed7490fe","mesh":"53394541","measuredHeight":9.6},"geometry":{"type":"Polygon","coordinates":[[[139.647559,35.703546],[139.64759,35.703655],[139.647518,35.703669],[139.647517,35.703667],[139.647503,35.703669],[139.647496,35.703647],[139.647511,35.703645],[139.647487,35.70356],[139.647559,35.703546]]]}},{"type":"Feature","id":"bldg_c8497ef6-c047-4426-9564-2e6531202b1e","properties":{"gml_id":"bldg_c8497ef6-c047-4426-9564-2e6531202b1e","mesh":"53394541","measuredHeight":7.0},"geometry":{"type":"Polygon","coordinates":[[[139.648033,35.705608],[139.648062,35.705661],[139.647973,35.705693],[139.647947,35.705643],[139.647982,35.70563],[139.64798,35.705627],[139.648033,35.705608]]]}},{"type":"Feature","id":"bldg_355aef57-fd27-496f-a03f-1eb010efadee","properties":{"gml_id":"bldg_355aef57-fd27-496f-a03f-1eb010efadee","mesh":"53394541","measuredHeight":6.9},"geometry":{"type":"Polygon","coordinates":[[[139.646835,35.706303],[139.64681,35.706245],[139.646899,35.70622],[139.646924,35.706279],[139.646835,35.706303]]]}},{"type":"Feature","id":"bldg_e48cb756-1026-4995-9b28-da67aff20a77","properties":{"gml_id":"bldg_e48cb756-1026-4995-9b28-da67aff20a77","mesh":"53394541","measuredHeight":11.8},"geometry":{"type":"Polygon","coordinates":[[[139.647902,35.70511],[139.647885,35.70506],[139.647895,35.705046],[139.647944,35.705035],[139.64797,35.705111],[139.647902,35.70511]]]}},{"type":"Feature","id":"bldg_7c58ffeb-b2af-4834-a0cd-0e4ce87daf08","properties":{"gml_id":"bldg_7c58ffeb-b2af-4834-a0cd-0e4ce87daf08","mesh":"53394541","measuredHeight":9.7},"geometry":{"type":"Polygon","coordinates":[[[139.64811,35.706655],[139.648067,35.706676],[139.648077,35.70669],[139.648039,35.706708],[139.647969,35.706612],[139.64805,35.706573],[139.64811,35.706655]]]}},{"type":"Feature","id":"bldg_95846638-7e5a-43cc-a217-3538b04ef311","properties":{"gml_id":"bldg_95846638-7e5a-43cc-a217-3538b04ef311","mesh":"53394541","measuredHeight":9.4},"geometry":{"type":"Polygon","coordinates":[[[139.648927,35.705506],[139.648879,35.705411],[139.64896,35.705414],[139.648988,35.705473],[139.648927,35.705506]]]}},{"type":"Feature","id":"bldg_c0d34451-be4a-4598-bed5-db41ded8b030","properties":{"gml_id":"bldg_c0d34451-be4a-4598-bed5-db41ded8b030","mesh":"53394541","measuredHeight":6.8},"geometry":{"type":"Polygon","coordinates":[[[139.646862,35.704826],[139.646797,35.704838],[139.646773,35.704754],[139.646837,35.704742],[139.646862,35.704826]]]}},{"type":"Feature","id":"bldg_5768c5f0-be6d-4e1c-8807-ae1932a41399","properties":{"gml_id":"bldg_5768c5f0-be6d-4e1c-8807-ae1932a41399","mesh":"53394541","measuredHeight":6.6},"geometry":{"type":"Polygon","coordinates":[[[139.646768,35.706113],[139.646826,35.706097],[139.646821,35.706085],[139.646856,35.706075],[139.646872,35.706112],[139.646779,35.706138],[139.646768,35.706113]]]}},{"type":"Feature","id":"bldg_e8d5456b-3679-47f0-aa0b-5eecfd720f5f","properties":{"gml_id":"bldg_e8d5456b-3679-47f0-aa0b-5eecfd720f5f","mesh":"53394541","measuredHeight":7.2},"geometry":{"type":"Polygon","coordinates":[[[139.647046,35.704772],[139.646978,35.704784],[139.64694,35.704649],[139.647008,35.704637],[139.647046,35.704772]]]}},{"type":"Feature","id":"bldg_2613813a-5222-44df-8ce5-b27b9c45e648","properties":{"gml_id":"bldg_2613813a-5222-44df-8ce5-b27b9c45e648","mesh":"53394541","measuredHeight":10.8},"geometry":{"type":"Polygon","coordinates":[[[139.647794,35.70538],[139.647794,35.705396],[139.647768,35.705395],[139.64777,35.705327],[139.647867,35.705333],[139.647893,35.705369],[139.647873,35.705378],[139.647872,35.705377],[139.647871,35.705381],[139.647794,35.70538]]]}},{"type":"Feature","id":"bldg_bde7dc2c-1819-47ff-ad09-f85f3bb8b219","properties":{"gml_id":"bldg_bde7dc2c-1819-47ff-ad09-f85f3bb8b219","mesh":"53394541","measuredHeight":7.1},"geometry":{"type":"Polygon","coordinates":[[[139.646956,35.70341],[139.647033,35.703395],[139.647062,35.703492],[139.646984,35.703507],[139.646956,35.70341]]]}},{"type":"Feature","id":"bldg_72775454-c219-41e9-9acb-e1398a272077","properties":{"gml_id":"bldg_72775454-c219-41e9-9acb-e1398a272077","mesh":"53394541","measuredHeight":7.1},"geometry":{"type":"Polygon","coordinates":[[[139.647127,35.703728],[139.64715,35.703809],[139.647018,35.703835],[139.647001,35.703774],[139.647088,35.703757],[139.647082,35.703736],[139.647127,35.703728]]]}},{"type":"Feature","id":"bldg_1d49ae43-7518-4e96-8b77-e955517dc024","properties":{"gml_id":"bldg_1d49ae43-7518-4e96-8b77-e955517dc024","mesh":"53394541","measuredHeight":6.8},"geometry":{"type":"Polygon","coordinates":[[[139.647001,35.706617],[139.646945,35.706641],[139.646891,35.706558],[139.646946,35.706534],[139.647001,35.706617]]]}},{"type":"Feature","id":"bldg_a965be99-9c84-4ce8-8a94-5dbcbd3a72ff","properties":{"gml_id":"bldg_a965be99-9c84-4ce8-8a94-5dbcbd3a72ff","mesh":"53394541","measuredHeight":8.9},"geometry":{"type":"Polygon","coordinates":[[[139.647582,35.702782],[139.647653,35.70277],[139.647684,35.702893],[139.647601,35.702907],[139.647583,35.702835],[139.647595,35.702833],[139.647582,35.702782]]]}},{"type":"Feature","id":"bldg_b300e31d-42e6-4bd7-98e3-53cecec0a1dd","properties":{"gml_id":"bldg_b300e31d-42e6-4bd7-98e3-53cecec0a1dd","mesh":"53394541","measuredHeight":10.7},"geometry":{"type":"Polygon","coordinates":[[[139.64986,35.706202],[139.649861,35.706225],[139.64977,35.706229],[139.649769,35.706206],[139.64986,35.706202]]]}},{"type":"Feature","id":"bldg_7515338a-13c0-40d0-bc01-3fdddfff87d3","properties":{"gml_id":"bldg_7515338a-13c0-40d0-bc01-3fdddfff87d3","mesh":"53394541","measuredHeight":11.5},"geometry":{"type":"Polygon","coordinates":[[[139.646803,35.702858],[139.646799,35.702845],[139.646754,35.702852],[139.646732,35.702763],[139.646837,35.702746],[139.646854,35.702816],[139.646876,35.702812],[139.646884,35.702845],[139.646803,35.702858]]]}},{"type":"Feature","id":"bldg_b91dbde0-87f0-40b0-8b18-ae0f162ff793","properties":{"gml_id":"bldg_b91dbde0-87f0-40b0-8b18-ae0f162ff793","mesh":"53394541","measuredHeight":6.0},"geometry":{"type":"Polygon","coordinates":[[[139.648336,35.70541],[139.648301,35.70536],[139.648348,35.705363],[139.648369,35.705395],[139.648336,35.70541]]]}},{"type":"Feature","id":"bldg_1fa41137-3d5f-486a-89a0-f182d1004850","properties":{"gml_id":"bldg_1fa41137-3d5f-486a-89a0-f182d1004850","mesh":"53394541","measuredHeight":16.2},"geometry":{"type":"Polygon","coordinates":[[[139.648706,35.703459],[139.648656,35.703364],[139.648674,35.703331],[139.648747,35.703316],[139.648786,35.703443],[139.648706,35.703459]]]}},{"type":"Feature","id":"bldg_047dd76c-74bc-49ab-9da9-607f9da7575c","properties":{"gml_id":"bldg_047dd76c-74bc-49ab-9da9-607f9da7575c","mesh":"53394541","measuredHeight":7.2},"geometry":{"type":"Polygon","coordinates":[[[139.647104,35.703469],[139.647146,35.703461],[139.647176,35.703568],[139.647134,35.703576],[139.647104,35.703469]]]}},{"type":"Feature","id":"bldg_d13c7928-c3a9-426e-a668-971bc193620f","properties":{"gml_id":"bldg_d13c7928-c3a9-426e-a668-971bc193620f","mesh":"53394541","measuredHeight":13.2},"geometry":{"type":"Polygon","coordinates":[[[139.64794,35.705835],[139.647876,35.70586],[139.647859,35.705831],[139.647876,35.705824],[139.647815,35.705719],[139.647861,35.705701],[139.64794,35.705835]]]}},{"type":"Feature","id":"bldg_4af518cc-ff86-4f57-8faa-84230aff0892","properties":{"gml_id":"bldg_4af518cc-ff86-4f57-8faa-84230aff0892","mesh":"53394541","measuredHeight":7.9},"geometry":{"type":"Polygon","coordinates":[[[139.647188,35.704108],[139.64714,35.704115],[139.647129,35.704062],[139.647134,35.704061],[139.647132,35.70405],[139.647178,35.704043],[139.647189,35.704098],[139.647186,35.704098],[139.647188,35.704108]]]}},{"type":"Feature","id":"bldg_a43dffaf-9216-47d3-b39a-fe75650800f6","properties":{"gml_id":"bldg_a43dffaf-9216-47d3-b39a-fe75650800f6","mesh":"53394541","measuredHeight":5.9},"geometry":{"type":"Polygon","coordinates":[[[139.649131,35.705629],[139.649098,35.705568],[139.649147,35.70555],[139.64918,35.705611],[139.649131,35.705629]]]}},{"type":"Feature","id":"bldg_44c5ee59-866e-4e38-98d4-e5d3a1216706","properties":{"gml_id":"bldg_44c5ee59-866e-4e38-98d4-e5d3a1216706","mesh":"53394541","measuredHeight":13.7},"geometry":{"type":"Polygon","coordinates":[[[139.646859,35.706722],[139.646784,35.706611],[139.646854,35.706579],[139.646869,35.706585],[139.646937,35.706687],[139.646859,35.706722]]]}},{"type":"Feature","id":"bldg_ec6f3218-b4c2-477d-8698-e59ae4b46c5e","properties":{"gml_id":"bldg_ec6f3218-b4c2-477d-8698-e59ae4b46c5e","mesh":"53394541","measuredHeight":1.6},"geometry":{"type":"Polygon","coordinates":[[[139.649025,35.706567],[139.649037,35.706562],[139.649045,35.706572],[139.649032,35.706578],[139.649025,35.706567]]]}},{"type":"Feature","id":"bldg_90c81d80-3fd3-406a-bbf4-a05251f6948f","properties":{"gml_id":"bldg_90c81d80-3fd3-406a-bbf4-a05251f6948f","mesh":"53394541","measuredHeight":11.3},"geometry":{"type":"Polygon","coordinates":[[[139.647745,35.704577],[139.647695,35.704587],[139.647671,35.704501],[139.647892,35.70446],[139.647912,35.704532],[139.647887,35.704537],[139.647891,35.704551],[139.647876,35.704554],[139.647892,35.704611],[139.647762,35.704636],[139.647745,35.704577]]]}},{"type":"Feature","id":"bldg_92e8ec9d-bfdf-4db8-ab8b-709771642769","properties":{"gml_id":"bldg_92e8ec9d-bfdf-4db8-ab8b-709771642769","mesh":"53394541","measuredHeight":8.2},"geometry":{"type":"Polygon","coordinates":[[[139.646468,35.703596],[139.646469,35.7036],[139.646485,35.703597],[139.646514,35.703698],[139.646427,35.703715],[139.646398,35.703614],[139.646413,35.703611],[139.646412,35.703607],[139.646468,35.703596]]]}},{"type":"Feature","id":"bldg_3944a875-1a88-4358-b20e-398a88c27852","properties":{"gml_id":"bldg_3944a875-1a88-4358-b20e-398a88c27852","mesh":"53394541","measuredHeight":12.1},"geometry":{"type":"Polygon","coordinates":[[[139.648289,35.704959],[139.648298,35.704957],[139.648315,35.705017],[139.648229,35.705034],[139.648218,35.704995],[139.648212,35.704996],[139.648204,35.704966],[139.648287,35.70495],[139.648289,35.704959]]]}},{"type":"Feature","id":"bldg_d7c81561-fd1e-4c77-bf44-5d66146c9876","properties":{"gml_id":"bldg_d7c81561-fd1e-4c77-bf44-5d66146c9876","mesh":"53394541","measuredHeight":13.3},"geometry":{"type":"Polygon","coordinates":[[[139.649536,35.702877],[139.649468,35.702891],[139.649446,35.702818],[139.649534,35.7028],[139.649536,35.702877]]]}},{"type":"Feature","id":"bldg_b9445488-d01e-456b-89eb-85eff4f2a90b","properties":{"gml_id":"bldg_b9445488-d01e-456b-89eb-85eff4f2a90b","mesh":"53394541","measuredHeight":10.1},"geometry":{"type":"Polygon","coordinates":[[[139.647038,35.705903],[139.647069,35.705972],[139.647,35.705992],[139.646997,35.705984],[139.646981,35.705989],[139.646969,35.705962],[139.646963,35.705963],[139.646955,35.705945],[139.646962,35.705943],[139.646955,35.705927],[139.647038,35.705903]]]}},{"type":"Feature","id":"bldg_4fbe8083-1552-4a1a-9c93-22f9af39b154","properties":{"gml_id":"bldg_4fbe8083-1552-4a1a-9c93-22f9af39b154","mesh":"53394541","measuredHeight":11.1},"geometry":{"type":"Polygon","coordinates":[[[139.646919,35.706309],[139.646988,35.706447],[139.646956,35.706458],[139.646887,35.706319],[139.646919,35.706309]]]}},{"type":"Feature","id":"bldg_5ae9c748-cbb5-4fe7-ad13-d157ec32bdf4","properties":{"gml_id":"bldg_5ae9c748-cbb5-4fe7-ad13-d157ec32bdf4","mesh":"53394541","measuredHeight":11.0},"geometry":{"type":"Polygon","coordinates":[[[139.648337,35.704843],[139.648438,35.70482],[139.648455,35.70487],[139.64845,35.704879],[139.648357,35.7049],[139.648337,35.704843]]]}},{"type":"Feature","id":"bldg_bbbfaa94-52f5-43eb-8598-abda06c388aa","properties":{"gml_id":"bldg_bbbfaa94-52f5-43eb-8598-abda06c388aa","mesh":"53394541","measuredHeight":7.9},"geometry":{"type":"Polygon","coordinates":[[[139.646727,35.704914],[139.646791,35.704903],[139.646816,35.704994],[139.646751,35.705006],[139.646727,35.704914]]]}},{"type":"Feature","id":"bldg_9939375d-9c1a-4fdd-8b13-4c166d08bb41","properties":{"gml_id":"bldg_9939375d-9c1a-4fdd-8b13-4c166d08bb41","mesh":"53394541","measuredHeight":4.1},"geometry":{"type":"Polygon","coordinates":[[[139.64648,35.705831],[139.646453,35.705775],[139.646464,35.705772],[139.646464,35.705771],[139.646567,35.705737],[139.646596,35.705798],[139.646568,35.705808],[139.64657,35.705811],[139.646543,35.70582],[139.646541,35.705816],[139.646534,35.705818],[139.646532,35.705814],[139.64648,35.705831]]]}},{"type":"Feature","id":"bldg_6e085cbb-cf8b-40da-af9e-e2373ebbbca3","properties":{"gml_id":"bldg_6e085cbb-cf8b-40da-af9e-e2373ebbbca3","mesh":"53394541","measuredHeight":26.2},"geometry":{"type":"Polygon","coordinates":[[[139.649337,35.704571],[139.649329,35.704547],[139.649554,35.704497],[139.649555,35.704546],[139.649353,35.704591],[139.649351,35.704583],[139.649354,35.704583],[139.649349,35.704569],[139.649337,35.704571]]]}},{"type":"Feature","id":"bldg_7cf50d8c-8ce5-49c1-af14-4b89c2f3be03","properties":{"gml_id":"bldg_7cf50d8c-8ce5-49c1-af14-4b89c2f3be03","mesh":"53394541","measuredHeight":34.5},"geometry":{"type":"Polygon","coordinates":[[[139.649431,35.703359],[139.649389,35.703228],[139.649383,35.703209],[139.649379,35.703197],[139.649401,35.703192],[139.649399,35.703186],[139.649468,35.703171],[139.649472,35.703184],[139.64948,35.70318],[139.649525,35.703209],[139.649526,35.703218],[139.649535,35.703216],[139.649536,35.703336],[139.649431,35.703359]]]}},{"type":"Feature","id":"bldg_33decf2d-d91f-4caa-8ba0-4c987cf87fdb","properties":{"gml_id":"bldg_33decf2d-d91f-4caa-8ba0-4c987cf87fdb","mesh":"53394541","measuredHeight":11.0},"geometry":{"type":"Polygon","coordinates":[[[139.648244,35.706333],[139.64823,35.706316],[139.648287,35.706284],[139.64831,35.706313],[139.648299,35.706319],[139.648326,35.706351],[139.648325,35.706356],[139.648305,35.706366],[139.648324,35.706389],[139.648272,35.706416],[139.648266,35.706408],[139.648224,35.70643],[139.648229,35.706436],[139.648165,35.706468],[139.648151,35.706467],[139.648097,35.706397],[139.648098,35.706387],[139.648188,35.706337],[139.648205,35.706329],[139.648219,35.706347],[139.648244,35.706333]]]}},{"type":"Feature","id":"bldg_f39d4680-a7a7-4649-87f4-1b3bd8fe6cea","properties":{"gml_id":"bldg_f39d4680-a7a7-4649-87f4-1b3bd8fe6cea","mesh":"53394541","measuredHeight":9.6},"geometry":{"type":"Polygon","coordinates":[[[139.647118,35.704092],[139.647142,35.704169],[139.647056,35.704187],[139.647032,35.704109],[139.647118,35.704092]]]}},{"type":"Feature","id":"bldg_969e77bd-669f-4e66-8025-69c0ddec1223","properties":{"gml_id":"bldg_969e77bd-669f-4e66-8025-69c0ddec1223","mesh":"53394541","measuredHeight":10.7},"geometry":{"type":"Polygon","coordinates":[[[139.649055,35.706567],[139.648991,35.706471],[139.649129,35.70641],[139.649201,35.706517],[139.649055,35.706567]]]}},{"type":"Feature","id":"bldg_650df861-991d-4aa2-931c-0024462cdae9","properties":{"gml_id":"bldg_650df861-991d-4aa2-931c-0024462cdae9","mesh":"53394541","measuredHeight":7.3},"geometry":{"type":"Polygon","coordinates":[[[139.64807,35.702929],[139.648083,35.702926],[139.648098,35.702985],[139.648009,35.703001],[139.647991,35.702933],[139.648061,35.702916],[139.64807,35.702929]]]}},{"type":"Feature","id":"bldg_6c044a07-e3f8-4176-9a99-4ed2976a1ed6","properties":{"gml_id":"bldg_6c044a07-e3f8-4176-9a99-4ed2976a1ed6","mesh":"53394541","measuredHeight":15.0},"geometry":{"type":"Polygon","coordinates":[[[139.648199,35.703541],[139.648202,35.703552],[139.648285,35.703535],[139.648302,35.703592],[139.648173,35.703617],[139.648153,35.70355],[139.648199,35.703541]]]}},{"type":"Feature","id":"bldg_a148fd51-2eee-4daf-b714-0991f66779f4","properties":{"gml_id":"bldg_a148fd51-2eee-4daf-b714-0991f66779f4","mesh":"53394541","measuredHeight":9.4},"geometry":{"type":"Polygon","coordinates":[[[139.647734,35.703236],[139.647748,35.703287],[139.647626,35.70331],[139.647611,35.703259],[139.647734,35.703236]]]}},{"type":"Feature","id":"bldg_bcb9786b-3df4-4528-8a66-64edd49b226b","properties":{"gml_id":"bldg_bcb9786b-3df4-4528-8a66-64edd49b226b","mesh":"53394541","measuredHeight":11.3},"geometry":{"type":"Polygon","coordinates":[[[139.649244,35.706348],[139.649374,35.706309],[139.649418,35.706405],[139.649422,35.706403],[139.649448,35.706457],[139.649292,35.706506],[139.649264,35.70645],[139.649245,35.706454],[139.649214,35.706423],[139.64917,35.706364],[139.649241,35.706343],[139.649244,35.706348]]]}},{"type":"Feature","id":"bldg_e48c3b7d-539d-4bef-9aae-8c3eb2acae86","properties":{"gml_id":"bldg_e48c3b7d-539d-4bef-9aae-8c3eb2acae86","mesh":"53394541","measuredHeight":9.3},"geometry":{"type":"Polygon","coordinates":[[[139.648816,35.703968],[139.648829,35.704005],[139.648681,35.70404],[139.648668,35.704003],[139.648816,35.703968]]]}},{"type":"Feature","id":"bldg_504af344-c2c2-4859-80f4-09cf4947dbfa","properties":{"gml_id":"bldg_504af344-c2c2-4859-80f4-09cf4947dbfa","mesh":"53394541","measuredHeight":19.9},"geometry":{"type":"Polygon","coordinates":[[[139.64864,35.703544],[139.64844,35.703614],[139.648421,35.703578],[139.648621,35.703508],[139.64864,35.703544]]]}},{"type":"Feature","id":"bldg_9b379323-f352-4566-9133-e9b8a9226fba","properties":{"gml_id":"bldg_9b379323-f352-4566-9133-e9b8a9226fba","mesh":"53394541","measuredHeight":9.5},"geometry":{"type":"Polygon","coordinates":[[[139.646448,35.70418],[139.64656,35.704162],[139.646606,35.704345],[139.646493,35.704363],[139.646448,35.70418]]]}},{"type":"Feature","id":"bldg_7631c8c0-2353-4f13-8c09-e390a043bb9b","properties":{"gml_id":"bldg_7631c8c0-2353-4f13-8c09-e390a043bb9b","mesh":"53394541","measuredHeight":7.8},"geometry":{"type":"Polygon","coordinates":[[[139.646916,35.703421],[139.646956,35.703413],[139.646982,35.703502],[139.646942,35.70351],[139.646916,35.703421]]]}},{"type":"Feature","id":"bldg_9b99d643-7e9b-4dd9-bcc7-f21ac9aa2c4f","properties":{"gml_id":"bldg_9b99d643-7e9b-4dd9-bcc7-f21ac9aa2c4f","mesh":"53394541","measuredHeight":11.5},"geometry":{"type":"Polygon","coordinates":[[[139.648784,35.705114],[139.648764,35.70505],[139.648884,35.705026],[139.648905,35.705095],[139.64881,35.705114],[139.648809,35.705109],[139.648784,35.705114]]]}},{"type":"Feature","id":"bldg_51f4b70d-f4f7-437b-8089-3a87b44faf59","properties":{"gml_id":"bldg_51f4b70d-f4f7-437b-8089-3a87b44faf59","mesh":"53394541","measuredHeight":14.1},"geometry":{"type":"Polygon","coordinates":[[[139.649334,35.703433],[139.649307,35.703345],[139.649412,35.703323],[139.64944,35.703411],[139.649334,35.703433]]]}},{"type":"Feature","id":"bldg_67bfe503-eec3-4370-bdaa-4da13e5187cf","properties":{"gml_id":"bldg_67bfe503-eec3-4370-bdaa-4da13e5187cf","mesh":"53394541","measuredHeight":12.5},"geometry":{"type":"Polygon","coordinates":[[[139.647939,35.705448],[139.647903,35.705463],[139.647858,35.705391],[139.647894,35.705376],[139.647939,35.705448]]]}},{"type":"Feature","id":"bldg_299811cd-9c9a-4072-9910-9822dbb6b011","properties":{"gml_id":"bldg_299811cd-9c9a-4072-9910-9822dbb6b011","mesh":"53394541","measuredHeight":18.1},"geometry":{"type":"Polygon","coordinates":[[[139.648565,35.705927],[139.648422,35.706004],[139.648351,35.705916],[139.648464,35.705856],[139.648499,35.705899],[139.648512,35.705892],[139.648524,35.705894],[139.648539,35.705913],[139.648549,35.705908],[139.648565,35.705927]]]}},{"type":"Feature","id":"bldg_26e5addd-5e9a-45cb-b828-bda05635cd9a","properties":{"gml_id":"bldg_26e5addd-5e9a-45cb-b828-bda05635cd9a","mesh":"53394541","measuredHeight":13.5},"geometry":{"type":"Polygon","coordinates":[[[139.648669,35.703189],[139.648603,35.703205],[139.648558,35.703188],[139.648549,35.703163],[139.648652,35.703139],[139.648669,35.703189]]]}},{"type":"Feature","id":"bldg_79857640-209b-4702-9401-a13973c8b656","properties":{"gml_id":"bldg_79857640-209b-4702-9401-a13973c8b656","mesh":"53394541","measuredHeight":9.8},"geometry":{"type":"Polygon","coordinates":[[[139.648015,35.704041],[139.648083,35.704023],[139.648108,35.704085],[139.648039,35.704103],[139.648015,35.704041]]]}},{"type":"Feature","id":"bldg_0ffc2496-7d30-4d8a-9e47-deef378efc3a","properties":{"gml_id":"bldg_0ffc2496-7d30-4d8a-9e47-deef378efc3a","mesh":"53394541","measuredHeight":8.3},"geometry":{"type":"Polygon","coordinates":[[[139.647727,35.70446],[139.647698,35.704359],[139.64785,35.704329],[139.64788,35.704431],[139.647727,35.70446]]]}},{"type":"Feature","id":"bldg_a286b824-3049-4c6c-86ff-3bbdacac7a10","properties":{"gml_id":"bldg_a286b824-3049-4c6c-86ff-3bbdacac7a10","mesh":"53394541","measuredHeight":31.1},"geometry":{"type":"Polygon","coordinates":[[[139.649906,35.703706],[139.649923,35.703758],[139.6498,35.703788],[139.649753,35.70376],[139.649746,35.703741],[139.649906,35.703706]]]}},{"type":"Feature","id":"bldg_81ceb7e7-ea51-48b2-909f-13135abd6347","properties":{"gml_id":"bldg_81ceb7e7-ea51-48b2-909f-13135abd6347","mesh":"53394541","measuredHeight":6.7},"geometry":{"type":"Polygon","coordinates":[[[139.647159,35.703808],[139.647148,35.703768],[139.647226,35.703753],[139.647237,35.703793],[139.647159,35.703808]]]}},{"type":"Feature","id":"bldg_9a6e271b-b1ea-44aa-a7a6-5c9128490093","properties":{"gml_id":"bldg_9a6e271b-b1ea-44aa-a7a6-5c9128490093","mesh":"53394541","measuredHeight":15.0},"geometry":{"type":"Polygon","coordinates":[[[139.647624,35.705393],[139.647605,35.705396],[139.647595,35.705397],[139.647583,35.705337],[139.647622,35.705332],[139.647709,35.705333],[139.64771,35.705382],[139.647624,35.705393]]]}},{"type":"Feature","id":"bldg_78c78192-0f29-468c-a684-b95a5bed830b","properties":{"gml_id":"bldg_78c78192-0f29-468c-a684-b95a5bed830b","mesh":"53394541","measuredHeight":5.5},"geometry":{"type":"Polygon","coordinates":[[[139.647053,35.706347],[139.647028,35.706298],[139.647067,35.706286],[139.647081,35.706298],[139.647103,35.70629],[139.647116,35.706316],[139.647106,35.70632],[139.64711,35.706328],[139.647053,35.706347]]]}},{"type":"Feature","id":"bldg_6f23700f-1f3a-4b28-a544-7288e4bbe886","properties":{"gml_id":"bldg_6f23700f-1f3a-4b28-a544-7288e4bbe886","mesh":"53394541","measuredHeight":12.3},"geometry":{"type":"Polygon","coordinates":[[[139.649071,35.704005],[139.648938,35.704044],[139.648908,35.703953],[139.649059,35.70392],[139.64908,35.703989],[139.649071,35.704004],[139.649071,35.704005]]]}},{"type":"Feature","id":"bldg_05e091a6-20b0-423e-b1e5-fccf5a351f1a","properties":{"gml_id":"bldg_05e091a6-20b0-423e-b1e5-fccf5a351f1a","mesh":"53394541","measuredHeight":7.2},"geometry":{"type":"Polygon","coordinates":[[[139.646467,35.703922],[139.646452,35.703866],[139.646668,35.703826],[139.646686,35.703889],[139.646594,35.703906],[139.646592,35.703899],[139.646467,35.703922]]]}},{"type":"Feature","id":"bldg_c1422202-a7bc-44b7-9cc2-13ae0650cff5","properties":{"gml_id":"bldg_c1422202-a7bc-44b7-9cc2-13ae0650cff5","mesh":"53394541","measuredHeight":8.9},"geometry":{"type":"Polygon","coordinates":[[[139.648303,35.70319],[139.648264,35.703202],[139.648262,35.703197],[139.648221,35.70321],[139.648218,35.703203],[139.648197,35.703209],[139.648182,35.70318],[139.64842,35.703104],[139.648445,35.703155],[139.648406,35.703168],[139.648407,35.703171],[139.648309,35.703202],[139.648303,35.70319]]]}},{"type":"Feature","id":"bldg_3c85f122-8378-4555-adb0-9d76567e072b","properties":{"gml_id":"bldg_3c85f122-8378-4555-adb0-9d76567e072b","mesh":"53394541","measuredHeight":7.6},"geometry":{"type":"Polygon","coordinates":[[[139.647405,35.703586],[139.647423,35.703583],[139.64743,35.703581],[139.64745,35.703578],[139.64746,35.703576],[139.647492,35.703689],[139.647515,35.703684],[139.64753,35.703737],[139.647407,35.70376],[139.64739,35.703701],[139.647418,35.703696],[139.647414,35.70368],[139.647384,35.703686],[139.647368,35.70363],[139.647379,35.703628],[139.647369,35.703593],[139.647405,35.703586]]]}},{"type":"Feature","id":"bldg_9d2361d8-133a-48c0-b15d-e778f99a4452","properties":{"gml_id":"bldg_9d2361d8-133a-48c0-b15d-e778f99a4452","mesh":"53394541","measuredHeight":7.1},"geometry":{"type":"Polygon","coordinates":[[[139.647353,35.703427],[139.647389,35.70342],[139.647418,35.703523],[139.647381,35.703529],[139.647353,35.703427]]]}},{"type":"Feature","id":"bldg_b6a335a2-a95e-430d-aac6-4492062c7dfe","properties":{"gml_id":"bldg_b6a335a2-a95e-430d-aac6-4492062c7dfe","mesh":"53394541","measuredHeight":34.9},"geometry":{"type":"Polygon","coordinates":[[[139.649936,35.703608],[139.649781,35.703641],[139.649758,35.703569],[139.649885,35.703542],[139.649893,35.703564],[139.64992,35.703558],[139.649936,35.703608]]]}},{"type":"Feature","id":"bldg_0e6f0b7b-b6ab-4744-a6ea-2bc00bfc9191","properties":{"gml_id":"bldg_0e6f0b7b-b6ab-4744-a6ea-2bc00bfc9191","mesh":"53394541","measuredHeight":6.9},"geometry":{"type":"Polygon","coordinates":[[[139.64892,35.706087],[139.6489,35.706052],[139.648968,35.706026],[139.648992,35.706067],[139.648938,35.706088],[139.64892,35.706087]]]}},{"type":"Feature","id":"bldg_9ebe188b-a907-4f3f-bd75-957fc6750f8b","properties":{"gml_id":"bldg_9ebe188b-a907-4f3f-bd75-957fc6750f8b","mesh":"53394541","measuredHeight":6.9},"geometry":{"type":"Polygon","coordinates":[[[139.647038,35.703395],[139.647082,35.703387],[139.647101,35.703458],[139.647057,35.703466],[139.647038,35.703395]]]}},{"type":"Feature","id":"bldg_4d6f7bef-ae23-4f0c-ab13-16ad89e3fccf","properties":{"gml_id":"bldg_4d6f7bef-ae23-4f0c-ab13-16ad89e3fccf","mesh":"53394541","measuredHeight":7.5},"geometry":{"type":"Polygon","coordinates":[[[139.647885,35.703111],[139.647915,35.703207],[139.647808,35.703229],[139.647778,35.703134],[139.647885,35.703111]]]}},{"type":"Feature","id":"bldg_46dcb69f-32cf-44e8-8bf1-764c4c67fa87","properties":{"gml_id":"bldg_46dcb69f-32cf-44e8-8bf1-764c4c67fa87","mesh":"53394541","measuredHeight":10.5},"geometry":{"type":"Polygon","coordinates":[[[139.646403,35.703277],[139.646383,35.703192],[139.646511,35.703172],[139.646523,35.703222],[139.646512,35.703224],[139.64652,35.703258],[139.64648,35.703264],[139.646483,35.703275],[139.646419,35.703285],[139.646416,35.703275],[139.646403,35.703277]]]}},{"type":"Feature","id":"bldg_c1fb44e2-28b1-4a6b-9d67-8ab97fd6d730","properties":{"gml_id":"bldg_c1fb44e2-28b1-4a6b-9d67-8ab97fd6d730","mesh":"53394541","measuredHeight":12.7},"geometry":{"type":"Polygon","coordinates":[[[139.648259,35.705669],[139.648312,35.705649],[139.648397,35.705797],[139.648345,35.705817],[139.648259,35.705669]]]}},{"type":"Feature","id":"bldg_2655505c-fba1-4f5e-8cf6-2c07821ff7d5","properties":{"gml_id":"bldg_2655505c-fba1-4f5e-8cf6-2c07821ff7d5","mesh":"53394541","measuredHeight":null},"geometry":{"type":"Polygon","coordinates":[[[139.647244,35.703348],[139.647277,35.703342],[139.647288,35.703383],[139.647296,35.703382],[139.647306,35.703417],[139.647265,35.703424],[139.647244,35.703348]]]}},{"type":"Feature","id":"bldg_1fc0fd64-2d2d-446b-bfd3-e24a387400c3","properties":{"gml_id":"bldg_1fc0fd64-2d2d-446b-bfd3-e24a387400c3","mesh":"53394541","measuredHeight":8.4},"geometry":{"type":"Polygon","coordinates":[[[139.647825,35.705026],[139.647801,35.704966],[139.647914,35.704936],[139.647938,35.704996],[139.647825,35.705026]]]}},{"type":"Feature","id":"bldg_49fd1521-d953-4433-abdf-aec7fd0e80ab","properties":{"gml_id":"bldg_49fd1521-d953-4433-abdf-aec7fd0e80ab","mesh":"53394541","measuredHeight":3.3},"geometry":{"type":"Polygon","coordinates":[[[139.649916,35.705625],[139.650085,35.705629],[139.650084,35.705653],[139.64989,35.705648],[139.64989,35.705628],[139.649916,35.705628],[139.649916,35.705625]]]}},{"type":"Feature","id":"bldg_9ac52514-be4c-4eaf-8314-c3d50ffb01e5","properties":{"gml_id":"bldg_9ac52514-be4c-4eaf-8314-c3d50ffb01e5","mesh":"53394541","measuredHeight":9.7},"geometry":{"type":"Polygon","coordinates":[[[139.646601,35.704467],[139.646515,35.704486],[139.646481,35.704383],[139.646566,35.704364],[139.646601,35.704467]]]}},{"type":"Feature","id":"bldg_907ed94e-2477-4be9-af31-d4058f957ccb","properties":{"gml_id":"bldg_907ed94e-2477-4be9-af31-d4058f957ccb","mesh":"53394541","measuredHeight":12.9},"geometry":{"type":"Polygon","coordinates":[[[139.649324,35.704952],[139.649399,35.704936],[139.649418,35.704998],[139.649344,35.705014],[139.649324,35.704952]]]}},{"type":"Feature","id":"bldg_b3d48962-e314-48cb-aee4-37bfa9c40bd3","properties":{"gml_id":"bldg_b3d48962-e314-48cb-aee4-37bfa9c40bd3","mesh":"53394541","measuredHeight":7.1},"geometry":{"type":"Polygon","coordinates":[[[139.646878,35.703267],[139.646972,35.70325],[139.647012,35.703398],[139.646918,35.703415],[139.646878,35.703267]]]}},{"type":"Feature","id":"bldg_a84fe7fe-428d-4a7a-858d-066d00289b2c","properties":{"gml_id":"bldg_a84fe7fe-428d-4a7a-858d-066d00289b2c","mesh":"53394541","measuredHeight":8.0},"geometry":{"type":"Polygon","coordinates":[[[139.64708,35.70375],[139.647041,35.703758],[139.647041,35.70376],[139.647002,35.703768],[139.64697,35.703662],[139.647048,35.703646],[139.64708,35.70375]]]}},{"type":"Feature","id":"bldg_50d733ab-f501-4037-9bd2-6e1e0769688f","properties":{"gml_id":"bldg_50d733ab-f501-4037-9bd2-6e1e0769688f","mesh":"53394541","measuredHeight":7.6},"geometry":{"type":"Polygon","coordinates":[[[139.646615,35.704926],[139.646637,35.704999],[139.646562,35.705014],[139.64654,35.704941],[139.646615,35.704926]]]}},{"type":"Feature","id":"bldg_1d4837cc-c5c9-49bf-8ecf-6b7c4f789a1b","properties":{"gml_id":"bldg_1d4837cc-c5c9-49bf-8ecf-6b7c4f789a1b","mesh":"53394541","measuredHeight":5.8},"geometry":{"type":"Polygon","coordinates":[[[139.647423,35.703583],[139.647405,35.703586],[139.647404,35.703584],[139.647423,35.70358],[139.647423,35.703583]]]}},{"type":"Feature","id":"bldg_bacf7df8-6d1f-433d-a2c3-47746e2205d7","properties":{"gml_id":"bldg_bacf7df8-6d1f-433d-a2c3-47746e2205d7","mesh":"53394541","measuredHeight":8.8},"geometry":{"type":"Polygon","coordinates":[[[139.646518,35.702935],[139.646499,35.702876],[139.646588,35.70286],[139.646604,35.70292],[139.646518,35.702935]]]}},{"type":"Feature","id":"bldg_40850d93-c852-4fdd-bd5c-85bbbbb9a6cc","properties":{"gml_id":"bldg_40850d93-c852-4fdd-bd5c-85bbbbb9a6cc","mesh":"53394541","measuredHeight":9.9},"geometry":{"type":"Polygon","coordinates":[[[139.646723,35.702769],[139.646749,35.702878],[139.646705,35.702886],[139.646678,35.702777],[139.646723,35.702769]]]}},{"type":"Feature","id":"bldg_a358cc1a-b952-4717-a347-9d55b2c1cdf1","properties":{"gml_id":"bldg_a358cc1a-b952-4717-a347-9d55b2c1cdf1","mesh":"53394541","measuredHeight":8.8},"geometry":{"type":"Polygon","coordinates":[[[139.647795,35.705674],[139.647725,35.705706],[139.647681,35.705597],[139.64773,35.705578],[139.647795,35.705674]]]}},{"type":"Feature","id":"bldg_c6a23030-6f1e-4de6-95d7-288b92ac691e","properties":{"gml_id":"bldg_c6a23030-6f1e-4de6-95d7-288b92ac691e","mesh":"53394541","measuredHeight":12.4},"geometry":{"type":"Polygon","coordinates":[[[139.648146,35.704889],[139.648233,35.70487],[139.64825,35.704919],[139.648162,35.704938],[139.648146,35.704889]]]}},{"type":"Feature","id":"bldg_28a325b8-b341-462b-97a0-524dd490a95b","properties":{"gml_id":"bldg_28a325b8-b341-462b-97a0-524dd490a95b","mesh":"53394541","measuredHeight":7.4},"geometry":{"type":"Polygon","coordinates":[[[139.647972,35.70309],[139.648033,35.703079],[139.648072,35.703218],[139.647983,35.703235],[139.647954,35.703133],[139.647982,35.703127],[139.647972,35.70309]]]}},{"type":"Feature","id":"bldg_ac574763-31f3-4d60-968a-81085a942dd0","properties":{"gml_id":"bldg_ac574763-31f3-4d60-968a-81085a942dd0","mesh":"53394541","measuredHeight":12.9},"geometry":{"type":"Polygon","coordinates":[[[139.648297,35.702949],[139.648154,35.702976],[139.648151,35.702932],[139.648249,35.702883],[139.64825,35.702884],[139.648257,35.702879],[139.648308,35.702935],[139.648307,35.702943],[139.648297,35.702949]]]}},{"type":"Feature","id":"bldg_34fa92fa-5083-4d0b-ab5b-0b0a6d630ebb","properties":{"gml_id":"bldg_34fa92fa-5083-4d0b-ab5b-0b0a6d630ebb","mesh":"53394541","measuredHeight":7.5},"geometry":{"type":"Polygon","coordinates":[[[139.647531,35.704203],[139.647544,35.7042],[139.647563,35.704251],[139.647452,35.704277],[139.647419,35.704184],[139.647516,35.704161],[139.647531,35.704203]]]}},{"type":"Feature","id":"bldg_cebcf321-06aa-402c-895b-ea48ef567a28","properties":{"gml_id":"bldg_cebcf321-06aa-402c-895b-ea48ef567a28","mesh":"53394541","measuredHeight":6.7},"geometry":{"type":"Polygon","coordinates":[[[139.648998,35.705859],[139.649037,35.70592],[139.648986,35.705942],[139.648924,35.705843],[139.649021,35.705803],[139.649044,35.70584],[139.648998,35.705859]]]}},{"type":"Feature","id":"bldg_d55263b4-1e20-47f6-8992-b8ecb9d4ec0f","properties":{"gml_id":"bldg_d55263b4-1e20-47f6-8992-b8ecb9d4ec0f","mesh":"53394541","measuredHeight":8.7},"geometry":{"type":"Polygon","coordinates":[[[139.648326,35.702749],[139.648338,35.702764],[139.64828,35.702796],[139.648244,35.702753],[139.64832,35.70271],[139.648344,35.702739],[139.648326,35.702749]]]}},{"type":"Feature","id":"bldg_b1164065-231b-4397-aff1-1dab78a889f7","properties":{"gml_id":"bldg_b1164065-231b-4397-aff1-1dab78a889f7","mesh":"53394541","measuredHeight":12.6},"geometry":{"type":"Polygon","coordinates":[[[139.64919,35.703471],[139.649162,35.703477],[139.649142,35.703467],[139.649127,35.703416],[139.649254,35.70339],[139.649275,35.70346],[139.649192,35.703477],[139.64919,35.703471]]]}},{"type":"Feature","id":"bldg_0a516aad-b5ce-4e32-b199-aeace53427e1","properties":{"gml_id":"bldg_0a516aad-b5ce-4e32-b199-aeace53427e1","mesh":"53394541","measuredHeight":8.5},"geometry":{"type":"Polygon","coordinates":[[[139.646729,35.702578],[139.646845,35.702564],[139.646867,35.702691],[139.646842,35.702694],[139.646845,35.70271],[139.646753,35.70272],[139.646729,35.702578]]]}},{"type":"Feature","id":"bldg_3aaed7e9-3631-4b8c-8a5f-fcdc707805f6","properties":{"gml_id":"bldg_3aaed7e9-3631-4b8c-8a5f-fcdc707805f6","mesh":"53394541","measuredHeight":27.9},"geometry":{"type":"Polygon","coordinates":[[[139.648475,35.703943],[139.648358,35.703976],[139.648355,35.703971],[139.648353,35.703965],[139.648351,35.70396],[139.648323,35.703968],[139.648311,35.70394],[139.648329,35.703935],[139.648325,35.703925],[139.648453,35.703889],[139.648475,35.703943]]]}},{"type":"Feature","id":"bldg_c097d3d4-5c05-460c-9235-cb556e52997c","properties":{"gml_id":"bldg_c097d3d4-5c05-460c-9235-cb556e52997c","mesh":"53394541","measuredHeight":6.7},"geometry":{"type":"Polygon","coordinates":[[[139.647835,35.703437],[139.647796,35.703445],[139.647755,35.703302],[139.647795,35.703295],[139.647796,35.703299],[139.647835,35.703437]]]}},{"type":"Feature","id":"bldg_f21c2b1d-f633-4e40-88af-0d3e933932d7","properties":{"gml_id":"bldg_f21c2b1d-f633-4e40-88af-0d3e933932d7","mesh":"53394541","measuredHeight":7.4},"geometry":{"type":"Polygon","coordinates":[[[139.646764,35.705728],[139.64678,35.705765],[139.646704,35.705785],[139.646706,35.70579],[139.646648,35.705806],[139.646631,35.705764],[139.646764,35.705728]]]}},{"type":"Feature","id":"bldg_021bcc1d-25c9-4308-afcf-a272e2accbd6","properties":{"gml_id":"bldg_021bcc1d-25c9-4308-afcf-a272e2accbd6","mesh":"53394541","measuredHeight":6.7},"geometry":{"type":"Polygon","coordinates":[[[139.648666,35.704201],[139.648657,35.704203],[139.648637,35.704148],[139.648686,35.704137],[139.648695,35.704162],[139.648687,35.704164],[139.648696,35.704189],[139.648665,35.704197],[139.648666,35.704201]]]}},{"type":"Feature","id":"bldg_4b830baf-edc4-4f74-b894-e6c8eecf6996","properties":{"gml_id":"bldg_4b830baf-edc4-4f74-b894-e6c8eecf6996","mesh":"53394541","measuredHeight":13.2},"geometry":{"type":"Polygon","coordinates":[[[139.647147,35.705324],[139.647285,35.705327],[139.647294,35.705361],[139.647172,35.705382],[139.647147,35.705324]]]}},{"type":"Feature","id":"bldg_39cac68d-9bae-470b-8299-69b21f85fe43","properties":{"gml_id":"bldg_39cac68d-9bae-470b-8299-69b21f85fe43","mesh":"53394541","measuredHeight":11.0},"geometry":{"type":"Polygon","coordinates":[[[139.647481,35.703928],[139.64744,35.703794],[139.647562,35.703769],[139.64759,35.70386],[139.647533,35.703872],[139.647546,35.703915],[139.647481,35.703928]]]}},{"type":"Feature","id":"bldg_8648b284-6185-4711-9ad8-14e2cb73ccf6","properties":{"gml_id":"bldg_8648b284-6185-4711-9ad8-14e2cb73ccf6","mesh":"53394541","measuredHeight":12.0},"geometry":{"type":"Polygon","coordinates":[[[139.649171,35.704748],[139.649146,35.704672],[139.649268,35.704645],[139.649293,35.704721],[139.649171,35.704748]]]}},{"type":"Feature","id":"bldg_7fe614c6-1187-42a4-8543-3867a03ddc61","properties":{"gml_id":"bldg_7fe614c6-1187-42a4-8543-3867a03ddc61","mesh":"53394541","measuredHeight":7.1},"geometry":{"type":"Polygon","coordinates":[[[139.64787,35.703257],[139.647825,35.703266],[139.647815,35.703233],[139.647919,35.703212],[139.647929,35.703245],[139.647913,35.703248],[139.647915,35.703256],[139.647872,35.703265],[139.64787,35.703257]]]}},{"type":"Feature","id":"bldg_200f1a8e-508e-400e-bdbf-3058cc31238b","properties":{"gml_id":"bldg_200f1a8e-508e-400e-bdbf-3058cc31238b","mesh":"53394541","measuredHeight":7.0},"geometry":{"type":"Polygon","coordinates":[[[139.646839,35.705695],[139.64682,35.705651],[139.64692,35.705622],[139.646939,35.705667],[139.646839,35.705695]]]}},{"type":"Feature","id":"bldg_1266459f-d7bb-4087-ab71-af2e6c63f8ea","properties":{"gml_id":"bldg_1266459f-d7bb-4087-ab71-af2e6c63f8ea","mesh":"53394541","measuredHeight":8.1},"geometry":{"type":"Polygon","coordinates":[[[139.6486,35.70488],[139.648711,35.704854],[139.648729,35.704907],[139.648599,35.704937],[139.648592,35.704915],[139.648602,35.704913],[139.648593,35.704888],[139.6486,35.70488]]]}},{"type":"Feature","id":"bldg_01a22015-d305-4a46-b063-74cf9bee5411","properties":{"gml_id":"bldg_01a22015-d305-4a46-b063-74cf9bee5411","mesh":"53394541","measuredHeight":8.6},"geometry":{"type":"Polygon","coordinates":[[[139.64799,35.705733],[139.647977,35.705738],[139.648004,35.705784],[139.647934,35.705812],[139.647867,35.705698],[139.647909,35.705682],[139.647906,35.705676],[139.647948,35.70566],[139.64799,35.705733]]]}},{"type":"Feature","id":"bldg_fd4d7da5-ff98-4a7f-8007-61b04a794715","properties":{"gml_id":"bldg_fd4d7da5-ff98-4a7f-8007-61b04a794715","mesh":"53394541","measuredHeight":7.0},"geometry":{"type":"Polygon","coordinates":[[[139.647243,35.704213],[139.647187,35.704225],[139.647156,35.704131],[139.647221,35.704118],[139.647241,35.704179],[139.647232,35.70418],[139.647243,35.704213]]]}},{"type":"Feature","id":"bldg_ec019b54-f199-4909-8b90-4a7818b3cb16","properties":{"gml_id":"bldg_ec019b54-f199-4909-8b90-4a7818b3cb16","mesh":"53394541","measuredHeight":11.1},"geometry":{"type":"Polygon","coordinates":[[[139.647392,35.705421],[139.647375,35.705341],[139.647424,35.705334],[139.647426,35.705341],[139.647465,35.705335],[139.647481,35.705408],[139.647392,35.705421]]]}},{"type":"Feature","id":"bldg_92360c17-fab7-4e96-8310-25c74dccca7e","properties":{"gml_id":"bldg_92360c17-fab7-4e96-8310-25c74dccca7e","mesh":"53394541","measuredHeight":5.3},"geometry":{"type":"Polygon","coordinates":[[[139.647658,35.705555],[139.647675,35.705594],[139.647565,35.705625],[139.647548,35.705586],[139.647658,35.705555]]]}},{"type":"Feature","id":"bldg_d3756d67-957c-4768-859c-3b9ae9ca5477","properties":{"gml_id":"bldg_d3756d67-957c-4768-859c-3b9ae9ca5477","mesh":"53394541","measuredHeight":7.9},"geometry":{"type":"Polygon","coordinates":[[[139.648747,35.704386],[139.648938,35.704343],[139.648949,35.704377],[139.648759,35.70442],[139.648747,35.704386]]]}},{"type":"Feature","id":"bldg_59dac0a7-1edc-4ecd-b7ec-9c838b94ec10","properties":{"gml_id":"bldg_59dac0a7-1edc-4ecd-b7ec-9c838b94ec10","mesh":"53394541","measuredHeight":7.5},"geometry":{"type":"Polygon","coordinates":[[[139.648845,35.706531],[139.648803,35.706467],[139.648863,35.706441],[139.648919,35.706526],[139.648869,35.706548],[139.648866,35.706544],[139.64886,35.706547],[139.648849,35.706529],[139.648845,35.706531]]]}},{"type":"Feature","id":"bldg_76095439-4936-4180-afce-963948ff413c","properties":{"gml_id":"bldg_76095439-4936-4180-afce-963948ff413c","mesh":"53394541","measuredHeight":7.4},"geometry":{"type":"Polygon","coordinates":[[[139.647898,35.706209],[139.647836,35.706236],[139.647776,35.706148],[139.647832,35.706123],[139.647847,35.706145],[139.647853,35.706142],[139.647898,35.706209]]]}},{"type":"Feature","id":"bldg_b67c2edb-c50d-4473-9ee7-cd52f192372b","properties":{"gml_id":"bldg_b67c2edb-c50d-4473-9ee7-cd52f192372b","mesh":"53394541","measuredHeight":27.2},"geometry":{"type":"Polygon","coordinates":[[[139.649933,35.70366],[139.649948,35.703657],[139.649973,35.703732],[139.649925,35.703743],[139.64989,35.703636],[139.649923,35.703629],[139.649933,35.70366]]]}},{"type":"Feature","id":"bldg_3d672960-7553-453b-8a15-d2e1805c797f","properties":{"gml_id":"bldg_3d672960-7553-453b-8a15-d2e1805c797f","mesh":"53394541","measuredHeight":8.8},"geometry":{"type":"Polygon","coordinates":[[[139.648696,35.704158],[139.648868,35.704114],[139.648881,35.704148],[139.648867,35.704151],[139.648885,35.704197],[139.648738,35.704234],[139.648739,35.704238],[139.648688,35.704251],[139.648667,35.704197],[139.648707,35.704187],[139.648696,35.704158]]]}},{"type":"Feature","id":"bldg_3e96e75b-1bd1-47db-94ff-1e449041139e","properties":{"gml_id":"bldg_3e96e75b-1bd1-47db-94ff-1e449041139e","mesh":"53394541","measuredHeight":2.9},"geometry":{"type":"Polygon","coordinates":[[[139.648089,35.704885],[139.648075,35.704835],[139.648112,35.704828],[139.648126,35.704878],[139.648089,35.704885]]]}},{"type":"Feature","id":"bldg_44622016-3cd5-45c0-b5c1-d461c1b40d8d","properties":{"gml_id":"bldg_44622016-3cd5-45c0-b5c1-d461c1b40d8d","mesh":"53394541","measuredHeight":8.8},"geometry":{"type":"Polygon","coordinates":[[[139.647169,35.706604],[139.647046,35.706658],[139.647025,35.706627],[139.647148,35.706573],[139.647169,35.706604]]]}},{"type":"Feature","id":"bldg_0603b765-9dca-4e55-b183-521ad7904174","properties":{"gml_id":"bldg_0603b765-9dca-4e55-b183-521ad7904174","mesh":"53394541","measuredHeight":8.7},"geometry":{"type":"Polygon","coordinates":[[[139.647713,35.704915],[139.647692,35.704842],[139.647803,35.70482],[139.647839,35.704944],[139.64775,35.704962],[139.647735,35.70491],[139.647713,35.704915]]]}},{"type":"Feature","id":"bldg_468161c5-9935-476b-8480-d7eb4fc0e8a6","properties":{"gml_id":"bldg_468161c5-9935-476b-8480-d7eb4fc0e8a6","mesh":"53394541","measuredHeight":16.2},"geometry":{"type":"Polygon","coordinates":[[[139.648856,35.705758],[139.648783,35.70579],[139.648726,35.705702],[139.64873,35.7057],[139.648726,35.705694],[139.648795,35.705664],[139.648856,35.705758]]]}},{"type":"Feature","id":"bldg_55f32ef9-6f43-43b3-9081-656d91ceec58","properties":{"gml_id":"bldg_55f32ef9-6f43-43b3-9081-656d91ceec58","mesh":"53394541","measuredHeight":13.1},"geometry":{"type":"Polygon","coordinates":[[[139.649062,35.703363],[139.649056,35.703365],[139.649027,35.70337],[139.648996,35.703269],[139.649031,35.703261],[139.649062,35.703363]]]}},{"type":"Feature","id":"bldg_fa1b6c7f-ef54-460f-aa17-5e2ecbfc6e43","properties":{"gml_id":"bldg_fa1b6c7f-ef54-460f-aa17-5e2ecbfc6e43","mesh":"53394541","measuredHeight":15.8},"geometry":{"type":"Polygon","coordinates":[[[139.649101,35.705494],[139.649094,35.705481],[139.649129,35.705469],[139.649164,35.705533],[139.649091,35.70556],[139.649063,35.705508],[139.649089,35.705498],[139.649101,35.705494]]]}},{"type":"Feature","id":"bldg_45e4b8f7-5657-4c51-a4be-6147e67e5ad6","properties":{"gml_id":"bldg_45e4b8f7-5657-4c51-a4be-6147e67e5ad6","mesh":"53394541","measuredHeight":9.8},"geometry":{"type":"Polygon","coordinates":[[[139.646837,35.703431],[139.646913,35.703416],[139.64694,35.703507],[139.646863,35.703522],[139.646837,35.703431]]]}},{"type":"Feature","id":"bldg_fd87752c-7e0f-42f9-b161-df5aeed63eef","properties":{"gml_id":"bldg_fd87752c-7e0f-42f9-b161-df5aeed63eef","mesh":"53394541","measuredHeight":7.3},"geometry":{"type":"Polygon","coordinates":[[[139.648736,35.706497],[139.648739,35.706496],[139.648819,35.706635],[139.648752,35.70666],[139.648669,35.706515],[139.648732,35.706491],[139.648736,35.706497]]]}},{"type":"Feature","id":"bldg_9309b1e4-9064-4753-b4a8-be9350517b79","properties":{"gml_id":"bldg_9309b1e4-9064-4753-b4a8-be9350517b79","mesh":"53394541","measuredHeight":7.1},"geometry":{"type":"Polygon","coordinates":[[[139.649282,35.705779],[139.649316,35.705836],[139.649276,35.705852],[139.649242,35.705795],[139.649282,35.705779]]]}},{"type":"Feature","id":"bldg_9ae70ce6-d286-4683-80f9-3183a967f9c1","properties":{"gml_id":"bldg_9ae70ce6-d286-4683-80f9-3183a967f9c1","mesh":"53394541","measuredHeight":12.5},"geometry":{"type":"Polygon","coordinates":[[[139.64932,35.704902],[139.649316,35.704889],[139.64938,35.704876],[139.649398,35.704934],[139.649378,35.704938],[139.649376,35.704929],[139.649317,35.704941],[139.649324,35.704964],[139.64934,35.705015],[139.649243,35.705035],[139.649208,35.704925],[139.64932,35.704902]]]}},{"type":"Feature","id":"bldg_1dd6dd5f-69c1-4d9f-8789-c6c30680215b","properties":{"gml_id":"bldg_1dd6dd5f-69c1-4d9f-8789-c6c30680215b","mesh":"53394541","measuredHeight":6.7},"geometry":{"type":"Polygon","coordinates":[[[139.647122,35.70478],[139.64706,35.704791],[139.647014,35.704616],[139.647076,35.704605],[139.647122,35.70478]]]}},{"type":"Feature","id":"bldg_37c9c53a-9a35-4948-919d-f4375904e9d3","properties":{"gml_id":"bldg_37c9c53a-9a35-4948-919d-f4375904e9d3","mesh":"53394541","measuredHeight":7.7},"geometry":{"type":"Polygon","coordinates":[[[139.648649,35.705536],[139.648734,35.705504],[139.648783,35.705589],[139.6487,35.70564],[139.648649,35.705536]]]}},{"type":"Feature","id":"bldg_e0942b04-1c09-4685-94a3-59d87ef954eb","properties":{"gml_id":"bldg_e0942b04-1c09-4685-94a3-59d87ef954eb","mesh":"53394541","measuredHeight":7.8},"geometry":{"type":"Polygon","coordinates":[[[139.646813,35.705761],[139.646825,35.705785],[139.646753,35.705809],[139.646762,35.705826],[139.646678,35.705854],[139.646658,35.705814],[139.646813,35.705761]]]}},{"type":"Feature","id":"bldg_8d533538-16e4-42aa-9bbe-e272fc9ecc82","properties":{"gml_id":"bldg_8d533538-16e4-42aa-9bbe-e272fc9ecc82","mesh":"53394541","measuredHeight":12.3},"geometry":{"type":"Polygon","coordinates":[[[139.648865,35.702942],[139.648922,35.703128],[139.648718,35.703171],[139.648707,35.703134],[139.648691,35.703137],[139.648685,35.703119],[139.648665,35.703123],[139.648629,35.703006],[139.648665,35.702999],[139.64866,35.702984],[139.648865,35.702942]]]}},{"type":"Feature","id":"bldg_895a2b12-6145-4b18-afb9-8fb3dca67880","properties":{"gml_id":"bldg_895a2b12-6145-4b18-afb9-8fb3dca67880","mesh":"53394541","measuredHeight":6.1},"geometry":{"type":"Polygon","coordinates":[[[139.647178,35.70612],[139.647174,35.706111],[139.647219,35.706097],[139.647233,35.706126],[139.6472,35.706136],[139.647206,35.70615],[139.647194,35.706154],[139.647095,35.706185],[139.647079,35.706151],[139.647178,35.70612]]]}},{"type":"Feature","id":"bldg_3de69ebf-944e-45bd-a057-3f92709a9811","properties":{"gml_id":"bldg_3de69ebf-944e-45bd-a057-3f92709a9811","mesh":"53394541","measuredHeight":7.1},"geometry":{"type":"Polygon","coordinates":[[[139.646655,35.706609],[139.64662,35.706622],[139.646596,35.70658],[139.646589,35.706582],[139.646557,35.706526],[139.646599,35.70651],[139.646655,35.706609]]]}},{"type":"Feature","id":"bldg_b3f8c84a-2d98-4424-b173-be079a649ebf","properties":{"gml_id":"bldg_b3f8c84a-2d98-4424-b173-be079a649ebf","mesh":"53394541","measuredHeight":20.6},"geometry":{"type":"Polygon","coordinates":[[[139.649401,35.704788],[139.649553,35.704754],[139.64955,35.704796],[139.649414,35.704827],[139.649401,35.704788]]]}},{"type":"Feature","id":"bldg_5b409c96-d7d7-460b-a2c9-70a7fd9ef418","properties":{"gml_id":"bldg_5b409c96-d7d7-460b-a2c9-70a7fd9ef418","mesh":"53394541","measuredHeight":7.3},"geometry":{"type":"Polygon","coordinates":[[[139.647187,35.705669],[139.647167,35.705674],[139.647142,35.70561],[139.647212,35.705592],[139.647241,35.705664],[139.64719,35.705678],[139.647187,35.705669]]]}},{"type":"Feature","id":"bldg_7029655d-3d27-4372-8f74-3996ec343c71","properties":{"gml_id":"bldg_7029655d-3d27-4372-8f74-3996ec343c71","mesh":"53394541","measuredHeight":12.0},"geometry":{"type":"Polygon","coordinates":[[[139.64826,35.704915],[139.648243,35.704866],[139.648331,35.704846],[139.648347,35.704895],[139.64826,35.704915]]]}},{"type":"Feature","id":"bldg_da7daa2e-47c5-4667-bcc1-05ff2dc77fc5","properties":{"gml_id":"bldg_da7daa2e-47c5-4667-bcc1-05ff2dc77fc5","mesh":"53394541","measuredHeight":9.2},"geometry":{"type":"Polygon","coordinates":[[[139.647101,35.704631],[139.647141,35.704624],[139.647142,35.704628],[139.647154,35.704626],[139.647158,35.704641],[139.647195,35.704635],[139.647197,35.704643],[139.647209,35.704641],[139.647238,35.704754],[139.647201,35.70476],[139.647204,35.70477],[139.647156,35.704778],[139.647152,35.704763],[139.647134,35.704766],[139.647101,35.704631]]]}},{"type":"Feature","id":"bldg_aa72c6a5-489f-401d-877b-cccf274efd4a","properties":{"gml_id":"bldg_aa72c6a5-489f-401d-877b-cccf274efd4a","mesh":"53394541","measuredHeight":8.6},"geometry":{"type":"Polygon","coordinates":[[[139.649323,35.706271],[139.649293,35.706199],[139.649341,35.706186],[139.64937,35.706258],[139.649323,35.706271]]]}},{"type":"Feature","id":"bldg_b84928a0-4ea2-4e45-9d6f-7c530104ff85","properties":{"gml_id":"bldg_b84928a0-4ea2-4e45-9d6f-7c530104ff85","mesh":"53394541","measuredHeight":6.7},"geometry":{"type":"Polygon","coordinates":[[[139.647705,35.703122],[139.647721,35.703173],[139.647593,35.703199],[139.647578,35.703149],[139.647705,35.703122]]]}},{"type":"Feature","id":"bldg_90a42d93-80e6-4459-963e-82dd84c5e629","properties":{"gml_id":"bldg_90a42d93-80e6-4459-963e-82dd84c5e629","mesh":"53394541","measuredHeight":30.8},"geometry":{"type":"Polygon","coordinates":[[[139.649103,35.702568],[139.649097,35.702549],[139.649299,35.702511],[139.649305,35.702531],[139.649302,35.702531],[139.649345,35.702684],[139.649348,35.702684],[139.649354,35.702704],[139.649152,35.702742],[139.649147,35.702723],[139.649151,35.702722],[139.649136,35.70267],[139.649114,35.702674],[139.649108,35.702652],[139.649103,35.702653],[139.649093,35.702616],[139.649089,35.702601],[139.649086,35.70259],[139.649112,35.702586],[139.649107,35.702567],[139.649103,35.702568]]]}},{"type":"Feature","id":"bldg_f7dafb3b-a06a-4d74-b144-a62452965a95","properties":{"gml_id":"bldg_f7dafb3b-a06a-4d74-b144-a62452965a95","mesh":"53394541","measuredHeight":7.0},"geometry":{"type":"Polygon","coordinates":[[[139.647777,35.706152],[139.647822,35.706218],[139.64778,35.706237],[139.647735,35.706171],[139.647777,35.706152]]]}},{"type":"Feature","id":"bldg_fe48828b-6433-402a-8bc8-2b870199c6fb","properties":{"gml_id":"bldg_fe48828b-6433-402a-8bc8-2b870199c6fb","mesh":"53394541","measuredHeight":9.5},"geometry":{"type":"Polygon","coordinates":[[[139.648865,35.704595],[139.64902,35.704559],[139.649033,35.704598],[139.648878,35.704633],[139.648865,35.704595]]]}},{"type":"Feature","id":"bldg_c9f23f76-f4cb-49ab-903d-1669c8321ac1","properties":{"gml_id":"bldg_c9f23f76-f4cb-49ab-903d-1669c8321ac1","mesh":"53394541","measuredHeight":7.6},"geometry":{"type":"Polygon","coordinates":[[[139.64645,35.706033],[139.646413,35.705967],[139.646445,35.705956],[139.646452,35.705969],[139.646581,35.70592],[139.646577,35.705913],[139.646604,35.705903],[139.646637,35.705962],[139.64645,35.706033]]]}},{"type":"Feature","id":"bldg_ec118489-d8e8-4265-a9e4-ef2c3634f920","properties":{"gml_id":"bldg_ec118489-d8e8-4265-a9e4-ef2c3634f920","mesh":"53394541","measuredHeight":8.8},"geometry":{"type":"Polygon","coordinates":[[[139.646907,35.704101],[139.647002,35.704078],[139.647045,35.704197],[139.64695,35.70422],[139.646907,35.704101]]]}},{"type":"Feature","id":"bldg_3d9b4559-0dd3-4e9a-9941-98510df2b770","properties":{"gml_id":"bldg_3d9b4559-0dd3-4e9a-9941-98510df2b770","mesh":"53394541","measuredHeight":8.8},"geometry":{"type":"Polygon","coordinates":[[[139.646638,35.703732],[139.646445,35.703769],[139.646447,35.703763],[139.646632,35.703728],[139.646638,35.703732]]]}},{"type":"Feature","id":"bldg_4af4776a-68cc-4a7f-a0f7-4e7b133edc57","properties":{"gml_id":"bldg_4af4776a-68cc-4a7f-a0f7-4e7b133edc57","mesh":"53394541","measuredHeight":7.1},"geometry":{"type":"Polygon","coordinates":[[[139.646583,35.703974],[139.64657,35.703925],[139.646693,35.703903],[139.646715,35.703983],[139.646621,35.704],[139.646613,35.703968],[139.646583,35.703974]]]}},{"type":"Feature","id":"bldg_e8ba6ceb-e9b9-437d-85d6-2a91b33cdb02","properties":{"gml_id":"bldg_e8ba6ceb-e9b9-437d-85d6-2a91b33cdb02","mesh":"53394541","measuredHeight":1.7},"geometry":{"type":"Polygon","coordinates":[[[139.64902,35.706535],[139.649034,35.706555],[139.649021,35.706561],[139.649008,35.706541],[139.64902,35.706535]]]}},{"type":"Feature","id":"bldg_065d9c5c-1bb2-4d2b-bc11-63d0443fc288","properties":{"gml_id":"bldg_065d9c5c-1bb2-4d2b-bc11-63d0443fc288","mesh":"53394541","measuredHeight":10.6},"geometry":{"type":"Polygon","coordinates":[[[139.648004,35.705542],[139.647985,35.70555],[139.648001,35.705576],[139.647981,35.705585],[139.647934,35.705514],[139.647974,35.705497],[139.648004,35.705542]]]}},{"type":"Feature","id":"bldg_6a5cedce-34df-4faa-9736-32c9f3fe12af","properties":{"gml_id":"bldg_6a5cedce-34df-4faa-9736-32c9f3fe12af","mesh":"53394541","measuredHeight":6.8},"geometry":{"type":"Polygon","coordinates":[[[139.64643,35.704919],[139.646409,35.704844],[139.646501,35.704827],[139.646522,35.704902],[139.64643,35.704919]]]}},{"type":"Feature","id":"bldg_3ac837a7-c62b-4e89-9d7c-f033fd59224c","properties":{"gml_id":"bldg_3ac837a7-c62b-4e89-9d7c-f033fd59224c","mesh":"53394541","measuredHeight":14.1},"geometry":{"type":"Polygon","coordinates":[[[139.648906,35.704715],[139.648882,35.704641],[139.649034,35.704608],[139.649049,35.704655],[139.649041,35.704657],[139.649088,35.7048],[139.649095,35.704798],[139.64911,35.704844],[139.648887,35.704892],[139.648836,35.704734],[139.648862,35.704729],[139.648861,35.704724],[139.648906,35.704715]]]}},{"type":"Feature","id":"bldg_827f25c8-a50c-4634-9933-df9bdb6e5f42","properties":{"gml_id":"bldg_827f25c8-a50c-4634-9933-df9bdb6e5f42","mesh":"53394541","measuredHeight":9.3},"geometry":{"type":"Polygon","coordinates":[[[139.649678,35.706245],[139.649686,35.706282],[139.649593,35.706301],[139.649579,35.706255],[139.649654,35.706237],[139.64967,35.706237],[139.649678,35.706245]]]}},{"type":"Feature","id":"bldg_63b153c2-69b6-46d0-a35f-2e7c3f4f571f","properties":{"gml_id":"bldg_63b153c2-69b6-46d0-a35f-2e7c3f4f571f","mesh":"53394541","measuredHeight":11.3},"geometry":{"type":"Polygon","coordinates":[[[139.649429,35.70374],[139.649413,35.703696],[139.649539,35.703667],[139.64954,35.703714],[139.649429,35.70374]]]}},{"type":"Feature","id":"bldg_9580955d-c304-491b-a78b-598c212be2d6","properties":{"gml_id":"bldg_9580955d-c304-491b-a78b-598c212be2d6","mesh":"53394541","measuredHeight":5.8},"geometry":{"type":"Polygon","coordinates":[[[139.646696,35.703432],[139.646631,35.703446],[139.646629,35.703441],[139.646695,35.703427],[139.646696,35.703432]]]}},{"type":"Feature","id":"bldg_9eb1d3bd-3879-43e3-b0b1-f521cdbb9234","properties":{"gml_id":"bldg_9eb1d3bd-3879-43e3-b0b1-f521cdbb9234","mesh":"53394541","measuredHeight":7.4},"geometry":{"type":"Polygon","coordinates":[[[139.649628,35.70656],[139.649626,35.706548],[139.649737,35.706537],[139.649744,35.706583],[139.649635,35.706593],[139.649636,35.706597],[139.649626,35.706598],[139.649631,35.706632],[139.649612,35.706634],[139.649601,35.706563],[139.649628,35.70656]]]}},{"type":"Feature","id":"bldg_c9ad3536-5418-4a49-8771-b4267c5e63c2","properties":{"gml_id":"bldg_c9ad3536-5418-4a49-8771-b4267c5e63c2","mesh":"53394541","measuredHeight":8.0},"geometry":{"type":"Polygon","coordinates":[[[139.646646,35.704931],[139.646706,35.70492],[139.646731,35.705011],[139.646671,35.705022],[139.646646,35.704931]]]}},{"type":"Feature","id":"bldg_f685287d-dea2-4af2-a5b7-c854e6093212","properties":{"gml_id":"bldg_f685287d-dea2-4af2-a5b7-c854e6093212","mesh":"53394541","measuredHeight":10.8},"geometry":{"type":"Polygon","coordinates":[[[139.649295,35.706102],[139.649032,35.706187],[139.649015,35.706153],[139.64917,35.706103],[139.649194,35.706096],[139.649202,35.706093],[139.649181,35.706049],[139.649169,35.706026],[139.649141,35.705967],[139.649131,35.705946],[139.649163,35.705935],[139.649168,35.705946],[139.649237,35.705924],[139.649262,35.705974],[139.649238,35.705982],[139.649295,35.706102]]]}},{"type":"Feature","id":"bldg_27713e68-3d1d-448c-a426-0fb39bd16c16","properties":{"gml_id":"bldg_27713e68-3d1d-448c-a426-0fb39bd16c16","mesh":"53394541","measuredHeight":6.0},"geometry":{"type":"Polygon","coordinates":[[[139.649627,35.706351],[139.649698,35.706342],[139.649706,35.706386],[139.649567,35.706404],[139.64956,35.706367],[139.649629,35.706358],[139.649627,35.706351]]]}},{"type":"Feature","id":"bldg_a994f7a9-568b-4a10-a933-1a34aac72171","properties":{"gml_id":"bldg_a994f7a9-568b-4a10-a933-1a34aac72171","mesh":"53394541","measuredHeight":7.3},"geometry":{"type":"Polygon","coordinates":[[[139.647456,35.703347],[139.647497,35.703339],[139.647513,35.703395],[139.647471,35.703403],[139.647456,35.703347]]]}},{"type":"Feature","id":"bldg_508390cd-ffee-48f7-8042-bef9535afd7b","properties":{"gml_id":"bldg_508390cd-ffee-48f7-8042-bef9535afd7b","mesh":"53394541","measuredHeight":7.8},"geometry":{"type":"Polygon","coordinates":[[[139.647204,35.704786],[139.647249,35.704777],[139.647284,35.704904],[139.647239,35.704913],[139.647204,35.704786]]]}},{"type":"Feature","id":"bldg_40b3e4a0-0273-4dac-88a7-374d5d8ee9c0","properties":{"gml_id":"bldg_40b3e4a0-0273-4dac-88a7-374d5d8ee9c0","mesh":"53394541","measuredHeight":6.5},"geometry":{"type":"Polygon","coordinates":[[[139.649208,35.704925],[139.649196,35.704889],[139.649297,35.704867],[139.649309,35.704903],[139.649208,35.704925]]]}},{"type":"Feature","id":"bldg_35dd11a8-90b3-470f-aaf9-8c65f58b0e09","properties":{"gml_id":"bldg_35dd11a8-90b3-470f-aaf9-8c65f58b0e09","mesh":"53394541","measuredHeight":9.8},"geometry":{"type":"Polygon","coordinates":[[[139.646843,35.703685],[139.646876,35.703801],[139.646817,35.703812],[139.646814,35.7038],[139.646717,35.703818],[139.646691,35.703726],[139.646704,35.703711],[139.646843,35.703685]]]}},{"type":"Feature","id":"bldg_cfef05f9-2d00-4166-98d2-535d49692978","properties":{"gml_id":"bldg_cfef05f9-2d00-4166-98d2-535d49692978","mesh":"53394541","measuredHeight":17.2},"geometry":{"type":"Polygon","coordinates":[[[139.648613,35.703123],[139.64862,35.703142],[139.648546,35.703159],[139.648505,35.703088],[139.648623,35.703062],[139.648636,35.703103],[139.648644,35.703101],[139.648654,35.703131],[139.648632,35.703136],[139.648626,35.70312],[139.648613,35.703123]]]}},{"type":"Feature","id":"bldg_5a05572c-438b-4b21-b268-dcb9d5feb081","properties":{"gml_id":"bldg_5a05572c-438b-4b21-b268-dcb9d5feb081","mesh":"53394541","measuredHeight":7.8},"geometry":{"type":"Polygon","coordinates":[[[139.647027,35.704944],[139.646998,35.704838],[139.647147,35.70481],[139.647176,35.704916],[139.647027,35.704944]]]}},{"type":"Feature","id":"bldg_725be336-3361-47b2-b628-471fbe91910e","properties":{"gml_id":"bldg_725be336-3361-47b2-b628-471fbe91910e","mesh":"53394541","measuredHeight":7.5},"geometry":{"type":"Polygon","coordinates":[[[139.646963,35.704297],[139.646982,35.704363],[139.646925,35.704374],[139.646922,35.704364],[139.646871,35.704374],[139.646856,35.704317],[139.646963,35.704297]]]}},{"type":"Feature","id":"bldg_55af3fba-1de5-4385-8eab-91857361c43f","properties":{"gml_id":"bldg_55af3fba-1de5-4385-8eab-91857361c43f","mesh":"53394541","measuredHeight":8.9},"geometry":{"type":"Polygon","coordinates":[[[139.64857,35.705771],[139.648607,35.705813],[139.648552,35.705845],[139.64851,35.705791],[139.648546,35.70577],[139.64857,35.705771]]]}},{"type":"Feature","id":"bldg_a3d7b192-a94f-47b9-afe4-591a13cdd477","properties":{"gml_id":"bldg_a3d7b192-a94f-47b9-afe4-591a13cdd477","mesh":"53394541","measuredHeight":9.4},"geometry":{"type":"Polygon","coordinates":[[[139.646687,35.704589],[139.646716,35.704685],[139.646585,35.704712],[139.646556,35.704615],[139.646687,35.704589]]]}},{"type":"Feature","id":"bldg_e90b2c77-e953-4a72-93aa-70f2d10dc20e","properties":{"gml_id":"bldg_e90b2c77-e953-4a72-93aa-70f2d10dc20e","mesh":"53394541","measuredHeight":7.1},"geometry":{"type":"Polygon","coordinates":[[[139.647038,35.706087],[139.647009,35.706024],[139.647022,35.706021],[139.64702,35.706016],[139.647039,35.70601],[139.64704,35.706014],[139.647057,35.706008],[139.647057,35.706007],[139.647077,35.706001],[139.647078,35.706003],[139.647087,35.706],[139.647116,35.706063],[139.647038,35.706087]]]}},{"type":"Feature","id":"bldg_5f7361a2-5293-4b37-b418-b462f06acbf6","properties":{"gml_id":"bldg_5f7361a2-5293-4b37-b418-b462f06acbf6","mesh":"53394541","measuredHeight":11.2},"geometry":{"type":"Polygon","coordinates":[[[139.649118,35.706385],[139.649123,35.70639],[139.649125,35.706397],[139.649125,35.706404],[139.649013,35.706451],[139.648973,35.706388],[139.649085,35.706341],[139.649088,35.706345],[139.649095,35.706345],[139.649109,35.706353],[139.649114,35.706367],[139.649109,35.706379],[139.649111,35.706382],[139.649112,35.706382],[139.649118,35.706385]]]}},{"type":"Feature","id":"bldg_29220c77-3ce4-4f5b-9388-19fcac8936eb","properties":{"gml_id":"bldg_29220c77-3ce4-4f5b-9388-19fcac8936eb","mesh":"53394541","measuredHeight":8.0},"geometry":{"type":"Polygon","coordinates":[[[139.649189,35.705881],[139.649135,35.705799],[139.649193,35.705774],[139.649246,35.705856],[139.649189,35.705881]]]}},{"type":"Feature","id":"bldg_a1c27fc6-ec86-4119-af40-57a0785171a8","properties":{"gml_id":"bldg_a1c27fc6-ec86-4119-af40-57a0785171a8","mesh":"53394541","measuredHeight":16.3},"geometry":{"type":"Polygon","coordinates":[[[139.648033,35.705976],[139.647939,35.705823],[139.648002,35.705797],[139.648066,35.705902],[139.648071,35.7059],[139.6481,35.705949],[139.648033,35.705976]]]}},{"type":"Feature","id":"bldg_788e706a-38d3-468e-93be-9d1100b7fc19","properties":{"gml_id":"bldg_788e706a-38d3-468e-93be-9d1100b7fc19","mesh":"53394541","measuredHeight":9.3},"geometry":{"type":"Polygon","coordinates":[[[139.647043,35.706587],[139.647016,35.706599],[139.646988,35.706559],[139.64698,35.706563],[139.646959,35.706532],[139.646995,35.706516],[139.647043,35.706587]]]}},{"type":"Feature","id":"bldg_5b45e5fa-c3e7-4add-8043-1f9199d315fd","properties":{"gml_id":"bldg_5b45e5fa-c3e7-4add-8043-1f9199d315fd","mesh":"53394541","measuredHeight":6.7},"geometry":{"type":"Polygon","coordinates":[[[139.647535,35.702985],[139.64752,35.702934],[139.64763,35.702913],[139.647644,35.702964],[139.647535,35.702985]]]}},{"type":"Feature","id":"bldg_6d11e552-a96d-4c4b-b6af-7307af8bc0de","properties":{"gml_id":"bldg_6d11e552-a96d-4c4b-b6af-7307af8bc0de","mesh":"53394541","measuredHeight":8.7},"geometry":{"type":"Polygon","coordinates":[[[139.647563,35.703403],[139.647602,35.703396],[139.647626,35.70348],[139.647586,35.703488],[139.647563,35.703403]]]}},{"type":"Feature","id":"bldg_f7ebcb51-3d43-49f9-89dc-4354220757c2","properties":{"gml_id":"bldg_f7ebcb51-3d43-49f9-89dc-4354220757c2","mesh":"53394541","measuredHeight":6.7},"geometry":{"type":"Polygon","coordinates":[[[139.647861,35.705643],[139.647795,35.705673],[139.647733,35.70558],[139.647755,35.70557],[139.647759,35.705575],[139.647777,35.705567],[139.647791,35.705589],[139.647823,35.705575],[139.647847,35.705611],[139.647828,35.705619],[139.647832,35.705626],[139.647845,35.70562],[139.647861,35.705643]]]}},{"type":"Feature","id":"bldg_55f961a0-a74d-4b23-95f5-c001e567272d","properties":{"gml_id":"bldg_55f961a0-a74d-4b23-95f5-c001e567272d","mesh":"53394541","measuredHeight":6.6},"geometry":{"type":"Polygon","coordinates":[[[139.646787,35.705711],[139.646721,35.705728],[139.646665,35.705586],[139.646731,35.705569],[139.646787,35.705711]]]}},{"type":"Feature","id":"bldg_f614d14e-e496-4433-92cc-96720a40c800","properties":{"gml_id":"bldg_f614d14e-e496-4433-92cc-96720a40c800","mesh":"53394541","measuredHeight":12.8},"geometry":{"type":"Polygon","coordinates":[[[139.647549,35.705572],[139.647502,35.70546],[139.647619,35.705442],[139.647663,35.705537],[139.647549,35.705572]]]}},{"type":"Feature","id":"bldg_b346cf9b-8b6c-4ac1-96de-a57d1de6f3b3","properties":{"gml_id":"bldg_b346cf9b-8b6c-4ac1-96de-a57d1de6f3b3","mesh":"53394541","measuredHeight":6.5},"geometry":{"type":"Polygon","coordinates":[[[139.648378,35.703391],[139.648542,35.703351],[139.648558,35.703386],[139.648359,35.703445],[139.648341,35.703397],[139.648377,35.703388],[139.648378,35.703391]]]}},{"type":"Feature","id":"bldg_d0d77e7e-49b0-4289-8004-ec4e7853a17f","properties":{"gml_id":"bldg_d0d77e7e-49b0-4289-8004-ec4e7853a17f","mesh":"53394541","measuredHeight":7.7},"geometry":{"type":"Polygon","coordinates":[[[139.647699,35.704343],[139.647684,35.704286],[139.64776,35.704273],[139.647756,35.704258],[139.647781,35.704253],[139.64778,35.704249],[139.647835,35.704239],[139.647855,35.704315],[139.647699,35.704343]]]}},{"type":"Feature","id":"bldg_dd6caccc-2409-4227-be46-8350bdda0c51","properties":{"gml_id":"bldg_dd6caccc-2409-4227-be46-8350bdda0c51","mesh":"53394541","measuredHeight":8.2},"geometry":{"type":"Polygon","coordinates":[[[139.646883,35.704676],[139.646897,35.704725],[139.646771,35.704747],[139.646752,35.70468],[139.646811,35.70467],[139.646816,35.704688],[139.646883,35.704676]]]}},{"type":"Feature","id":"bldg_e6816637-4e0b-45f7-bb70-fc8a5c3508b4","properties":{"gml_id":"bldg_e6816637-4e0b-45f7-bb70-fc8a5c3508b4","mesh":"53394541","measuredHeight":7.5},"geometry":{"type":"Polygon","coordinates":[[[139.647649,35.702987],[139.647658,35.70302],[139.647613,35.703028],[139.647615,35.703036],[139.647564,35.703045],[139.647553,35.703004],[139.647649,35.702987]]]}},{"type":"Feature","id":"bldg_83e955e8-7faa-4a47-8e16-2b66f69f0a8d","properties":{"gml_id":"bldg_83e955e8-7faa-4a47-8e16-2b66f69f0a8d","mesh":"53394541","measuredHeight":9.2},"geometry":{"type":"Polygon","coordinates":[[[139.647019,35.702843],[139.646974,35.702851],[139.646971,35.702839],[139.646917,35.702849],[139.646909,35.70282],[139.646915,35.702815],[139.646909,35.702792],[139.646918,35.702787],[139.646912,35.702763],[139.646918,35.702757],[139.646909,35.702725],[139.646983,35.702711],[139.647019,35.702843]]]}},{"type":"Feature","id":"bldg_c39c2147-4ce8-4511-9f8b-9b7e89bf9d52","properties":{"gml_id":"bldg_c39c2147-4ce8-4511-9f8b-9b7e89bf9d52","mesh":"53394541","measuredHeight":7.5},"geometry":{"type":"Polygon","coordinates":[[[139.647262,35.704477],[139.647282,35.704543],[139.64718,35.704564],[139.64716,35.704499],[139.647262,35.704477]]]}},{"type":"Feature","id":"bldg_cf628e1a-35ae-42c9-9ac7-2d7b39fbb781","properties":{"gml_id":"bldg_cf628e1a-35ae-42c9-9ac7-2d7b39fbb781","mesh":"53394541","measuredHeight":31.0},"geometry":{"type":"Polygon","coordinates":[[[139.648849,35.703424],[139.648802,35.703433],[139.648798,35.703419],[139.648793,35.703407],[139.648769,35.703329],[139.648779,35.703327],[139.648777,35.70332],[139.648926,35.703289],[139.648928,35.703296],[139.648937,35.703295],[139.648962,35.703377],[139.648842,35.703401],[139.648849,35.703424]]]}},{"type":"Feature","id":"bldg_a7beb2cb-043b-46fa-b11d-fb64fd2434c7","properties":{"gml_id":"bldg_a7beb2cb-043b-46fa-b11d-fb64fd2434c7","mesh":"53394541","measuredHeight":27.7},"geometry":{"type":"Polygon","coordinates":[[[139.649886,35.704177],[139.649755,35.704181],[139.64975,35.704079],[139.649864,35.704076],[139.649868,35.704143],[139.649884,35.704143],[139.649886,35.704177]]]}},{"type":"Feature","id":"bldg_b69a237c-06db-4b3d-b2f1-24490fd6d887","properties":{"gml_id":"bldg_b69a237c-06db-4b3d-b2f1-24490fd6d887","mesh":"53394541","measuredHeight":7.6},"geometry":{"type":"Polygon","coordinates":[[[139.64694,35.70302],[139.647081,35.702992],[139.6471,35.703055],[139.647041,35.703067],[139.647038,35.703058],[139.64698,35.70307],[139.646976,35.703057],[139.64694,35.70302]]]}},{"type":"Feature","id":"bldg_a2d907c4-faf4-47f5-a994-213f52941099","properties":{"gml_id":"bldg_a2d907c4-faf4-47f5-a994-213f52941099","mesh":"53394541","measuredHeight":11.3},"geometry":{"type":"Polygon","coordinates":[[[139.647884,35.70478],[139.647881,35.704768],[139.647863,35.704771],[139.647866,35.704783],[139.647789,35.704797],[139.647757,35.704677],[139.64794,35.704644],[139.647972,35.704764],[139.647884,35.70478]]]}},{"type":"Feature","id":"bldg_941a1d1d-2998-4ef4-b3d7-fca1bc21a1bd","properties":{"gml_id":"bldg_941a1d1d-2998-4ef4-b3d7-fca1bc21a1bd","mesh":"53394541","measuredHeight":5.8},"geometry":{"type":"Polygon","coordinates":[[[139.648226,35.705602],[139.648266,35.705587],[139.648297,35.705643],[139.648257,35.705658],[139.648226,35.705602]]]}},{"type":"Feature","id":"bldg_79197883-7dba-4984-af12-e1136b9239f8","properties":{"gml_id":"bldg_79197883-7dba-4984-af12-e1136b9239f8","mesh":"53394541","measuredHeight":9.4},"geometry":{"type":"Polygon","coordinates":[[[139.647428,35.703843],[139.647449,35.703925],[139.647397,35.703934],[139.647376,35.703852],[139.647428,35.703843]]]}},{"type":"Feature","id":"bldg_2ac73b72-5ab5-496c-905a-e046bc666859","properties":{"gml_id":"bldg_2ac73b72-5ab5-496c-905a-e046bc666859","mesh":"53394541","measuredHeight":8.5},"geometry":{"type":"Polygon","coordinates":[[[139.647671,35.705597],[139.647694,35.705651],[139.647604,35.705677],[139.64758,35.705623],[139.647671,35.705597]]]}},{"type":"Feature","id":"bldg_11e0083a-1f88-49b1-a13d-12db601016e2","properties":{"gml_id":"bldg_11e0083a-1f88-49b1-a13d-12db601016e2","mesh":"53394541","measuredHeight":9.6},"geometry":{"type":"Polygon","coordinates":[[[139.649289,35.705995],[139.649237,35.705898],[139.649288,35.70588],[139.64933,35.70596],[139.649368,35.705946],[139.649378,35.705964],[139.649289,35.705995]]]}},{"type":"Feature","id":"bldg_bc89b10f-c843-4378-858d-656b2ba28bb0","properties":{"gml_id":"bldg_bc89b10f-c843-4378-858d-656b2ba28bb0","mesh":"53394541","measuredHeight":28.5},"geometry":{"type":"Polygon","coordinates":[[[139.648496,35.703409],[139.648506,35.703406],[139.648529,35.703398],[139.648538,35.703395],[139.648548,35.703413],[139.648566,35.703407],[139.648594,35.703461],[139.648396,35.703527],[139.648391,35.703517],[139.648312,35.703544],[139.648293,35.703483],[139.648365,35.703459],[139.648361,35.70345],[139.648494,35.703405],[139.648496,35.703409]]]}},{"type":"Feature","id":"bldg_3ecf6079-1776-4f4a-a419-a99a9ec22c12","properties":{"gml_id":"bldg_3ecf6079-1776-4f4a-a419-a99a9ec22c12","mesh":"53394541","measuredHeight":6.9},"geometry":{"type":"Polygon","coordinates":[[[139.646937,35.706015],[139.646873,35.706036],[139.646883,35.706055],[139.646832,35.706071],[139.646823,35.706052],[139.646769,35.706069],[139.646734,35.705996],[139.646901,35.705942],[139.646937,35.706015]]]}},{"type":"Feature","id":"bldg_05dc110d-53f1-4a17-a91e-d81aafba264d","properties":{"gml_id":"bldg_05dc110d-53f1-4a17-a91e-d81aafba264d","mesh":"53394541","measuredHeight":6.4},"geometry":{"type":"Polygon","coordinates":[[[139.647595,35.705871],[139.647661,35.705847],[139.647708,35.705931],[139.647643,35.705955],[139.647595,35.705871]]]}},{"type":"Feature","id":"bldg_9a153155-9a2b-49ff-8137-00dc858ba9ea","properties":{"gml_id":"bldg_9a153155-9a2b-49ff-8137-00dc858ba9ea","mesh":"53394541","measuredHeight":22.0},"geometry":{"type":"Polygon","coordinates":[[[139.649358,35.703312],[139.649323,35.703197],[139.649368,35.703188],[139.649407,35.703314],[139.649385,35.703319],[139.649382,35.703307],[139.649358,35.703312]]]}},{"type":"Feature","id":"bldg_df9e4a82-81ea-4b70-807d-b5346a4c290c","properties":{"gml_id":"bldg_df9e4a82-81ea-4b70-807d-b5346a4c290c","mesh":"53394541","measuredHeight":7.3},"geometry":{"type":"Polygon","coordinates":[[[139.647083,35.703583],[139.647011,35.703597],[139.646986,35.703514],[139.647059,35.7035],[139.647083,35.703583]]]}},{"type":"Feature","id":"bldg_32cbcc36-1963-4a03-b7ba-88a4ee694837","properties":{"gml_id":"bldg_32cbcc36-1963-4a03-b7ba-88a4ee694837","mesh":"53394541","measuredHeight":6.2},"geometry":{"type":"Polygon","coordinates":[[[139.648525,35.705886],[139.648498,35.70585],[139.648488,35.705854],[139.648461,35.705819],[139.648464,35.705817],[139.648458,35.705808],[139.648493,35.70579],[139.6485,35.705799],[139.648505,35.705796],[139.648551,35.705856],[139.648545,35.705858],[139.648555,35.705871],[139.648525,35.705886]]]}},{"type":"Feature","id":"bldg_430dd8d0-c9c3-4c36-a383-2c7408d914bf","properties":{"gml_id":"bldg_430dd8d0-c9c3-4c36-a383-2c7408d914bf","mesh":"53394541","measuredHeight":5.2},"geometry":{"type":"Polygon","coordinates":[[[139.649205,35.705658],[139.649213,35.705672],[139.649178,35.705685],[139.64917,35.705671],[139.649205,35.705658]]]}},{"type":"Feature","id":"bldg_c0d6cc0c-2d68-4dec-ba75-1deda8e5325a","properties":{"gml_id":"bldg_c0d6cc0c-2d68-4dec-ba75-1deda8e5325a","mesh":"53394541","measuredHeight":28.3},"geometry":{"type":"Polygon","coordinates":[[[139.649554,35.7048],[139.649546,35.705045],[139.649515,35.705069],[139.649492,35.705066],[139.649415,35.70483],[139.649554,35.7048]]]}},{"type":"Feature","id":"bldg_3bdfcbb4-dc5d-4b9b-8daa-02b5315615f8","properties":{"gml_id":"bldg_3bdfcbb4-dc5d-4b9b-8daa-02b5315615f8","mesh":"53394541","measuredHeight":19.5},"geometry":{"type":"Polygon","coordinates":[[[139.648935,35.702914],[139.64895,35.702911],[139.648967,35.702908],[139.649063,35.702889],[139.649093,35.702991],[139.649106,35.702988],[139.649138,35.703098],[139.648997,35.703126],[139.648935,35.702914]]]}},{"type":"Feature","id":"bldg_5c9d4df4-ef73-42c7-96bc-95f3aad25028","properties":{"gml_id":"bldg_5c9d4df4-ef73-42c7-96bc-95f3aad25028","mesh":"53394541","measuredHeight":7.4},"geometry":{"type":"Polygon","coordinates":[[[139.646742,35.706196],[139.646737,35.706201],[139.646751,35.706228],[139.646671,35.706257],[139.646618,35.706157],[139.646705,35.706127],[139.646742,35.706196]]]}},{"type":"Feature","id":"bldg_77a924c3-844b-43e5-a95f-7f463417e605","properties":{"gml_id":"bldg_77a924c3-844b-43e5-a95f-7f463417e605","mesh":"53394541","measuredHeight":6.3},"geometry":{"type":"Polygon","coordinates":[[[139.648394,35.703051],[139.648419,35.703103],[139.648195,35.703175],[139.64817,35.703123],[139.648394,35.703051]]]}},{"type":"Feature","id":"bldg_cce6a6e1-7c30-4638-ba7d-a775f035affe","properties":{"gml_id":"bldg_cce6a6e1-7c30-4638-ba7d-a775f035affe","mesh":"53394541","measuredHeight":3.8},"geometry":{"type":"Polygon","coordinates":[[[139.647748,35.705928],[139.647853,35.705885],[139.64794,35.706027],[139.647835,35.706069],[139.647748,35.705928]]]}},{"type":"Feature","id":"bldg_dddfb1f2-579d-4ad1-9bc3-d208402a25a8","properties":{"gml_id":"bldg_dddfb1f2-579d-4ad1-9bc3-d208402a25a8","mesh":"53394541","measuredHeight":7.6},"geometry":{"type":"Polygon","coordinates":[[[139.647473,35.702974],[139.64749,35.703051],[139.647427,35.703061],[139.647436,35.703099],[139.647389,35.703106],[139.647363,35.702991],[139.647473,35.702974]]]}},{"type":"Feature","id":"bldg_3ce2ec97-99cb-4494-9dc7-01c348107499","properties":{"gml_id":"bldg_3ce2ec97-99cb-4494-9dc7-01c348107499","mesh":"53394541","measuredHeight":8.1},"geometry":{"type":"Polygon","coordinates":[[[139.647924,35.706264],[139.647957,35.706309],[139.647841,35.706366],[139.647808,35.706321],[139.647924,35.706264]]]}},{"type":"Feature","id":"bldg_c87178f5-ecf4-4e9e-a69d-001b9a78412b","properties":{"gml_id":"bldg_c87178f5-ecf4-4e9e-a69d-001b9a78412b","mesh":"53394541","measuredHeight":8.0},"geometry":{"type":"Polygon","coordinates":[[[139.64886,35.705929],[139.648889,35.705975],[139.648846,35.705992],[139.64883,35.705989],[139.648802,35.705954],[139.64886,35.705929]]]}},{"type":"Feature","id":"bldg_4471bf66-90d0-4971-9285-621d7e68b952","properties":{"gml_id":"bldg_4471bf66-90d0-4971-9285-621d7e68b952","mesh":"53394541","measuredHeight":12.4},"geometry":{"type":"Polygon","coordinates":[[[139.647102,35.706582],[139.647055,35.706601],[139.647006,35.706519],[139.647053,35.7065],[139.647102,35.706582]]]}},{"type":"Feature","id":"bldg_621dbe88-7d2b-4990-bf12-2e0082877a02","properties":{"gml_id":"bldg_621dbe88-7d2b-4990-bf12-2e0082877a02","mesh":"53394541","measuredHeight":7.5},"geometry":{"type":"Polygon","coordinates":[[[139.648492,35.703962],[139.648483,35.703937],[139.648487,35.703936],[139.648486,35.703933],[139.648602,35.703905],[139.648628,35.703974],[139.648507,35.704004],[139.648492,35.703966],[139.648498,35.703965],[139.648497,35.703961],[139.648492,35.703962]]]}},{"type":"Feature","id":"bldg_195a9fd1-4dc5-45ae-a4fe-57bbcf1adc8c","properties":{"gml_id":"bldg_195a9fd1-4dc5-45ae-a4fe-57bbcf1adc8c","mesh":"53394541","measuredHeight":19.0},"geometry":{"type":"Polygon","coordinates":[[[139.648595,35.702563],[139.648651,35.702553],[139.648736,35.702857],[139.648635,35.702875],[139.648592,35.702722],[139.648637,35.702713],[139.648603,35.702594],[139.648598,35.702575],[139.648595,35.702563]]]}},{"type":"Feature","id":"bldg_cea17a7b-ef35-4a5e-a5fc-f8eea36df874","properties":{"gml_id":"bldg_cea17a7b-ef35-4a5e-a5fc-f8eea36df874","mesh":"53394541","measuredHeight":9.4},"geometry":{"type":"Polygon","coordinates":[[[139.648201,35.706627],[139.648139,35.70666],[139.64806,35.706558],[139.648122,35.706525],[139.648201,35.706627]]]}},{"type":"Feature","id":"bldg_1f724523-c478-4c63-86ae-b17c96f48b20","properties":{"gml_id":"bldg_1f724523-c478-4c63-86ae-b17c96f48b20","mesh":"53394541","measuredHeight":11.6},"geometry":{"type":"Polygon","coordinates":[[[139.647324,35.703345],[139.64728,35.703182],[139.647487,35.703144],[139.647532,35.703307],[139.647324,35.703345]]]}},{"type":"Feature","id":"bldg_02439b02-6f8e-4104-9638-e3ce8fc4f8c8","properties":{"gml_id":"bldg_02439b02-6f8e-4104-9638-e3ce8fc4f8c8","mesh":"53394541","measuredHeight":3.5},"geometry":{"type":"Polygon","coordinates":[[[139.648518,35.704958],[139.648507,35.704922],[139.648552,35.704912],[139.648563,35.704948],[139.648518,35.704958]]]}},{"type":"Feature","id":"bldg_ba12ec9b-ed31-4c56-b38c-cae457f76e58","properties":{"gml_id":"bldg_ba12ec9b-ed31-4c56-b38c-cae457f76e58","mesh":"53394541","measuredHeight":7.5},"geometry":{"type":"Polygon","coordinates":[[[139.647049,35.703339],[139.647061,35.703337],[139.647043,35.703271],[139.647111,35.703259],[139.64713,35.703331],[139.647146,35.703328],[139.647156,35.703367],[139.647061,35.703384],[139.647049,35.703339]]]}},{"type":"Feature","id":"bldg_f09609ee-4c63-4473-93a3-f451f5340678","properties":{"gml_id":"bldg_f09609ee-4c63-4473-93a3-f451f5340678","mesh":"53394541","measuredHeight":17.6},"geometry":{"type":"Polygon","coordinates":[[[139.649028,35.703508],[139.649021,35.703485],[139.648888,35.703511],[139.648893,35.703526],[139.648873,35.70353],[139.648875,35.703536],[139.648763,35.703557],[139.648714,35.703459],[139.648861,35.70343],[139.648854,35.703407],[139.64898,35.703383],[139.648969,35.703348],[139.648946,35.703275],[139.648995,35.703266],[139.649026,35.703373],[139.64906,35.703367],[139.649098,35.703481],[139.649084,35.703497],[139.649028,35.703508]]]}},{"type":"Feature","id":"bldg_bba4585d-89a8-45c1-95f8-45e6f884453e","properties":{"gml_id":"bldg_bba4585d-89a8-45c1-95f8-45e6f884453e","mesh":"53394541","measuredHeight":7.0},"geometry":{"type":"Polygon","coordinates":[[[139.649118,35.705941],[139.649152,35.706007],[139.649089,35.706029],[139.64905,35.705952],[139.649109,35.705932],[139.649114,35.705942],[139.649118,35.705941]]]}},{"type":"Feature","id":"bldg_e3ce4476-e431-47f4-b98b-3c0795c9b33b","properties":{"gml_id":"bldg_e3ce4476-e431-47f4-b98b-3c0795c9b33b","mesh":"53394541","measuredHeight":6.6},"geometry":{"type":"Polygon","coordinates":[[[139.64938,35.705937],[139.649336,35.705952],[139.64929,35.705865],[139.649494,35.7058],[139.64952,35.70585],[139.649362,35.7059],[139.64938,35.705937]]]}},{"type":"Feature","id":"bldg_1dc6d985-a1d4-4720-97bf-911f6844583b","properties":{"gml_id":"bldg_1dc6d985-a1d4-4720-97bf-911f6844583b","mesh":"53394541","measuredHeight":7.7},"geometry":{"type":"Polygon","coordinates":[[[139.646782,35.704067],[139.646759,35.703983],[139.6469,35.703957],[139.646923,35.704042],[139.646782,35.704067]]]}},{"type":"Feature","id":"bldg_3150cc99-5069-4eb9-98e3-c3d6d6f95c44","properties":{"gml_id":"bldg_3150cc99-5069-4eb9-98e3-c3d6d6f95c44","mesh":"53394541","measuredHeight":16.0},"geometry":{"type":"Polygon","coordinates":[[[139.64891,35.70426],[139.64892,35.70429],[139.648746,35.704331],[139.648736,35.704301],[139.648731,35.704302],[139.648712,35.70425],[139.648898,35.704206],[139.648917,35.704259],[139.64891,35.70426]]]}},{"type":"Feature","id":"bldg_3b6987c2-464f-40b2-be02-9fa94f06915c","properties":{"gml_id":"bldg_3b6987c2-464f-40b2-be02-9fa94f06915c","mesh":"53394541","measuredHeight":13.5},"geometry":{"type":"Polygon","coordinates":[[[139.648129,35.705358],[139.648132,35.705359],[139.648154,35.70535],[139.64816,35.70536],[139.64817,35.70536],[139.648188,35.705353],[139.648195,35.705362],[139.648206,35.705363],[139.648224,35.705355],[139.648259,35.705409],[139.648275,35.705433],[139.648195,35.705471],[139.648177,35.705444],[139.648122,35.705361],[139.648129,35.705358]]]}},{"type":"Feature","id":"bldg_851314d7-2197-4077-a61a-e46611890da1","properties":{"gml_id":"bldg_851314d7-2197-4077-a61a-e46611890da1","mesh":"53394541","measuredHeight":14.8},"geometry":{"type":"Polygon","coordinates":[[[139.648563,35.703682],[139.648695,35.703644],[139.648714,35.703654],[139.648734,35.703711],[139.648586,35.703746],[139.648563,35.703682]]]}},{"type":"Feature","id":"bldg_19f8e254-8649-442b-8046-054a8b3607fb","properties":{"gml_id":"bldg_19f8e254-8649-442b-8046-054a8b3607fb","mesh":"53394541","measuredHeight":8.9},"geometry":{"type":"Polygon","coordinates":[[[139.649222,35.703659],[139.649178,35.703669],[139.649134,35.703539],[139.649158,35.703534],[139.649184,35.703548],[139.649222,35.703659]]]}},{"type":"Feature","id":"bldg_d1610c2f-eb44-4457-9175-5588e792442d","properties":{"gml_id":"bldg_d1610c2f-eb44-4457-9175-5588e792442d","mesh":"53394541","measuredHeight":6.4},"geometry":{"type":"Polygon","coordinates":[[[139.646692,35.702573],[139.646717,35.702698],[139.646727,35.702696],[139.646733,35.702728],[139.646669,35.702737],[139.646637,35.702581],[139.646692,35.702573]]]}},{"type":"Feature","id":"bldg_fdc439a5-91ba-4ef4-bd33-52925dcd8eb5","properties":{"gml_id":"bldg_fdc439a5-91ba-4ef4-bd33-52925dcd8eb5","mesh":"53394541","measuredHeight":7.1},"geometry":{"type":"Polygon","coordinates":[[[139.647264,35.704804],[139.647241,35.704721],[139.647353,35.7047],[139.647376,35.704784],[139.647264,35.704804]]]}},{"type":"Feature","id":"bldg_73ed60fd-231c-4cef-ad01-8081d0b7a34f","properties":{"gml_id":"bldg_73ed60fd-231c-4cef-ad01-8081d0b7a34f","mesh":"53394541","measuredHeight":11.9},"geometry":{"type":"Polygon","coordinates":[[[139.647585,35.703783],[139.647666,35.703766],[139.647698,35.703868],[139.647617,35.703885],[139.647585,35.703783]]]}},{"type":"Feature","id":"bldg_c7df05e5-b5d4-42ca-897a-d7f69d0dbcec","properties":{"gml_id":"bldg_c7df05e5-b5d4-42ca-897a-d7f69d0dbcec","mesh":"53394541","measuredHeight":9.1},"geometry":{"type":"Polygon","coordinates":[[[139.648609,35.705569],[139.648661,35.705656],[139.648593,35.705697],[139.648575,35.705693],[139.648518,35.705596],[139.648527,35.705582],[139.648603,35.705552],[139.648608,35.705562],[139.648609,35.705569]]]}},{"type":"Feature","id":"bldg_a801ced0-9e68-4d55-bb07-6070b830ce63","properties":{"gml_id":"bldg_a801ced0-9e68-4d55-bb07-6070b830ce63","mesh":"53394541","measuredHeight":6.5},"geometry":{"type":"Polygon","coordinates":[[[139.646866,35.703141],[139.646869,35.70315],[139.646924,35.703139],[139.646921,35.703129],[139.64698,35.703118],[139.646989,35.703147],[139.646979,35.703148],[139.64699,35.703187],[139.646961,35.703192],[139.646962,35.703196],[139.6468,35.703227],[139.646779,35.703157],[139.646866,35.703141]]]}},{"type":"Feature","id":"bldg_9716f139-80c9-426a-8126-b06e40b588ef","properties":{"gml_id":"bldg_9716f139-80c9-426a-8126-b06e40b588ef","mesh":"53394541","measuredHeight":9.9},"geometry":{"type":"Polygon","coordinates":[[[139.647386,35.705531],[139.647265,35.705566],[139.647236,35.705499],[139.64724,35.705499],[139.647295,35.705482],[139.647301,35.705496],[139.647318,35.705496],[139.647322,35.705494],[139.64732,35.705489],[139.647343,35.705482],[139.647346,35.705487],[139.647365,35.705481],[139.647386,35.705531]]]}},{"type":"Feature","id":"bldg_b1721faa-a41f-4250-89dc-84afe2ed97fc","properties":{"gml_id":"bldg_b1721faa-a41f-4250-89dc-84afe2ed97fc","mesh":"53394541","measuredHeight":8.4},"geometry":{"type":"Polygon","coordinates":[[[139.648471,35.705511],[139.648577,35.705473],[139.648594,35.705505],[139.648488,35.705543],[139.648471,35.705511]]]}},{"type":"Feature","id":"bldg_9c22a2d5-e46d-45fd-8914-b3d4ac3b466b","properties":{"gml_id":"bldg_9c22a2d5-e46d-45fd-8914-b3d4ac3b466b","mesh":"53394541","measuredHeight":29.9},"geometry":{"type":"Polygon","coordinates":[[[139.649989,35.704572],[139.650004,35.704721],[139.649948,35.704734],[139.649871,35.70473],[139.649856,35.704581],[139.649989,35.704572]]]}},{"type":"Feature","id":"bldg_05a27a34-af8e-4e53-b81f-f38dd215dc4e","properties":{"gml_id":"bldg_05a27a34-af8e-4e53-b81f-f38dd215dc4e","mesh":"53394541","measuredHeight":11.7},"geometry":{"type":"Polygon","coordinates":[[[139.648833,35.704485],[139.648981,35.704452],[139.64899,35.704482],[139.648843,35.704515],[139.648833,35.704485]]]}},{"type":"Feature","id":"bldg_1f928a93-4ff6-40e3-a608-3c1277243ae6","properties":{"gml_id":"bldg_1f928a93-4ff6-40e3-a608-3c1277243ae6","mesh":"53394541","measuredHeight":15.1},"geometry":{"type":"Polygon","coordinates":[[[139.649191,35.705094],[139.64917,35.705116],[139.649022,35.705113],[139.648972,35.705124],[139.648959,35.705121],[139.648915,35.704992],[139.648988,35.704975],[139.648989,35.704979],[139.648991,35.704985],[139.649019,35.705066],[139.649063,35.705056],[139.649143,35.705038],[139.649171,35.705032],[139.649191,35.705094]]]}},{"type":"Feature","id":"bldg_aac89048-c2c7-466e-bbb8-6654f67ed692","properties":{"gml_id":"bldg_aac89048-c2c7-466e-bbb8-6654f67ed692","mesh":"53394541","measuredHeight":11.4},"geometry":{"type":"Polygon","coordinates":[[[139.64899,35.706506],[139.64898,35.70651],[139.64902,35.706572],[139.648973,35.706592],[139.648882,35.70645],[139.648872,35.706426],[139.648929,35.706402],[139.648943,35.706424],[139.648929,35.70643],[139.648968,35.706491],[139.648978,35.706487],[139.64899,35.706506]]]}},{"type":"Feature","id":"bldg_3a70ec95-1927-41a5-a1d6-a8d6c1519343","properties":{"gml_id":"bldg_3a70ec95-1927-41a5-a1d6-a8d6c1519343","mesh":"53394541","measuredHeight":9.5},"geometry":{"type":"Polygon","coordinates":[[[139.64738,35.70353],[139.64734,35.703537],[139.647297,35.70338],[139.647336,35.703373],[139.64738,35.70353]]]}},{"type":"Feature","id":"bldg_6d289afc-336e-4323-8800-da270abc4466","properties":{"gml_id":"bldg_6d289afc-336e-4323-8800-da270abc4466","mesh":"53394541","measuredHeight":19.5},"geometry":{"type":"Polygon","coordinates":[[[139.650013,35.706764],[139.649853,35.706761],[139.649833,35.706746],[139.64978,35.706447],[139.649793,35.706435],[139.649918,35.70643],[139.649918,35.706433],[139.649986,35.70643],[139.649988,35.706465],[139.649996,35.706592],[139.65,35.706592],[139.650003,35.706614],[139.649997,35.706614],[139.649999,35.70664],[139.650144,35.706636],[139.650144,35.706762],[139.650013,35.706764]]]}},{"type":"Feature","id":"bldg_f483fe5e-12c1-4141-9af5-8900402f8020","properties":{"gml_id":"bldg_f483fe5e-12c1-4141-9af5-8900402f8020","mesh":"53394541","measuredHeight":6.2},"geometry":{"type":"Polygon","coordinates":[[[139.648015,35.706155],[139.647956,35.706071],[139.647993,35.706054],[139.648052,35.706138],[139.648015,35.706155]]]}},{"type":"Feature","id":"bldg_b8f140bd-0cbf-43e3-8300-6fcd2d2c8512","properties":{"gml_id":"bldg_b8f140bd-0cbf-43e3-8300-6fcd2d2c8512","mesh":"53394541","measuredHeight":37.1},"geometry":{"type":"Polygon","coordinates":[[[139.649311,35.703998],[139.649503,35.703937],[139.649548,35.703963],[139.649548,35.704069],[139.649542,35.704069],[139.649545,35.704078],[139.649534,35.70408],[139.649543,35.704107],[139.64953,35.704109],[139.64954,35.704141],[139.649458,35.704158],[139.649457,35.704153],[139.649407,35.704163],[139.6494,35.704142],[139.649396,35.704143],[139.649387,35.704118],[139.649392,35.704117],[139.649388,35.704103],[139.649326,35.704116],[139.649338,35.704155],[139.649374,35.704147],[139.64938,35.704166],[139.649344,35.704173],[139.64935,35.704192],[139.649333,35.704196],[139.649342,35.704223],[139.649248,35.704243],[139.649241,35.704218],[139.649229,35.704221],[139.649195,35.704115],[139.649207,35.704113],[139.649199,35.704088],[139.649212,35.704085],[139.64921,35.704078],[139.649221,35.704062],[139.649232,35.70406],[139.649225,35.704037],[139.649276,35.704026],[139.649271,35.704011],[139.649297,35.704003],[139.649296,35.704001],[139.649311,35.703998]]]}},{"type":"Feature","id":"bldg_038255fd-80e0-42bb-aac1-0064bc39420f","properties":{"gml_id":"bldg_038255fd-80e0-42bb-aac1-0064bc39420f","mesh":"53394541","measuredHeight":28.5},"geometry":{"type":"Polygon","coordinates":[[[139.649535,35.702967],[139.649486,35.703023],[139.649416,35.703038],[139.649377,35.702915],[139.649525,35.702883],[139.64953,35.702897],[139.64953,35.702908],[139.649534,35.70292],[139.649521,35.702923],[139.649523,35.70293],[139.649527,35.70293],[139.649527,35.702942],[139.649535,35.702967]]]}},{"type":"Feature","id":"bldg_6cd397b7-a7ce-476e-9e9c-801b3f1644b0","properties":{"gml_id":"bldg_6cd397b7-a7ce-476e-9e9c-801b3f1644b0","mesh":"53394541","measuredHeight":11.1},"geometry":{"type":"Polygon","coordinates":[[[139.648925,35.705507],[139.648925,35.705509],[139.648869,35.70554],[139.64882,35.705455],[139.648887,35.70543],[139.648889,35.705435],[139.648914,35.705485],[139.648925,35.705507]]]}},{"type":"Feature","id":"bldg_bc0b9fad-cd38-47f2-aab2-b21255fcb870","properties":{"gml_id":"bldg_bc0b9fad-cd38-47f2-aab2-b21255fcb870","mesh":"53394541","measuredHeight":17.4},"geometry":{"type":"Polygon","coordinates":[[[139.648447,35.703887],[139.648296,35.703929],[139.648256,35.703833],[139.648407,35.703791],[139.648447,35.703887]]]}},{"type":"Feature","id":"bldg_b3714c2b-8891-4675-a4bc-19f20aeca6f4","properties":{"gml_id":"bldg_b3714c2b-8891-4675-a4bc-19f20aeca6f4","mesh":"53394541","measuredHeight":9.5},"geometry":{"type":"Polygon","coordinates":[[[139.649299,35.704837],[139.649308,35.704864],[139.649198,35.704887],[139.64919,35.70486],[139.649299,35.704837]]]}},{"type":"Feature","id":"bldg_d27bb83f-673a-4a4d-9e07-99df14676722","properties":{"gml_id":"bldg_d27bb83f-673a-4a4d-9e07-99df14676722","mesh":"53394541","measuredHeight":11.7},"geometry":{"type":"Polygon","coordinates":[[[139.648866,35.705543],[139.648784,35.705585],[139.64874,35.705501],[139.648827,35.70547],[139.648866,35.705543]]]}},{"type":"Feature","id":"bldg_0a576cfd-98b5-4af7-a01e-632b92d91e4f","properties":{"gml_id":"bldg_0a576cfd-98b5-4af7-a01e-632b92d91e4f","mesh":"53394541","measuredHeight":17.4},"geometry":{"type":"Polygon","coordinates":[[[139.649274,35.705571],[139.649267,35.705557],[139.649363,35.705526],[139.649396,35.705592],[139.649304,35.705627],[139.649289,35.705598],[139.649285,35.7056],[139.649271,35.705572],[139.649274,35.705571]]]}},{"type":"Feature","id":"bldg_e0c43616-1793-4543-94f7-04a07474dad7","properties":{"gml_id":"bldg_e0c43616-1793-4543-94f7-04a07474dad7","mesh":"53394541","measuredHeight":8.5},"geometry":{"type":"Polygon","coordinates":[[[139.647064,35.702986],[139.647014,35.702994],[139.647004,35.702955],[139.647012,35.702953],[139.646998,35.702891],[139.64704,35.702884],[139.647064,35.702986]]]}},{"type":"Feature","id":"bldg_e152049b-1486-4f05-bfec-5314d29704a6","properties":{"gml_id":"bldg_e152049b-1486-4f05-bfec-5314d29704a6","mesh":"53394541","measuredHeight":6.7},"geometry":{"type":"Polygon","coordinates":[[[139.646595,35.705098],[139.646588,35.705073],[139.646659,35.70506],[139.646669,35.705096],[139.646641,35.705101],[139.646595,35.705098]]]}},{"type":"Feature","id":"bldg_0323d50c-8e4f-4172-9ee9-2c0c2c72e765","properties":{"gml_id":"bldg_0323d50c-8e4f-4172-9ee9-2c0c2c72e765","mesh":"53394541","measuredHeight":9.0},"geometry":{"type":"Polygon","coordinates":[[[139.649068,35.705552],[139.648993,35.705583],[139.648965,35.705537],[139.64904,35.705506],[139.649068,35.705552]]]}},{"type":"Feature","id":"bldg_70e8ce94-d92a-4d21-b2d8-46237a2a2264","properties":{"gml_id":"bldg_70e8ce94-d92a-4d21-b2d8-46237a2a2264","mesh":"53394541","measuredHeight":7.1},"geometry":{"type":"Polygon","coordinates":[[[139.646675,35.70315],[139.64668,35.703158],[139.646767,35.703142],[139.646786,35.703209],[139.646734,35.703218],[139.64674,35.703239],[139.646603,35.703265],[139.646596,35.703238],[139.646589,35.703239],[139.646581,35.703208],[139.646594,35.703205],[139.646581,35.703159],[139.646644,35.703148],[139.646646,35.703156],[139.646675,35.70315]]]}},{"type":"Feature","id":"bldg_e05fdc73-d4b8-4377-a3cf-9d410ed33982","properties":{"gml_id":"bldg_e05fdc73-d4b8-4377-a3cf-9d410ed33982","mesh":"53394541","measuredHeight":1.2},"geometry":{"type":"Polygon","coordinates":[[[139.649538,35.70658],[139.649601,35.706574],[139.649609,35.706636],[139.649546,35.706642],[139.649538,35.70658]]]}},{"type":"Feature","id":"bldg_86939e9a-dcec-4bd7-8c4a-0b71f7c3e098","properties":{"gml_id":"bldg_86939e9a-dcec-4bd7-8c4a-0b71f7c3e098","mesh":"53394541","measuredHeight":24.4},"geometry":{"type":"Polygon","coordinates":[[[139.649415,35.70564],[139.649454,35.705706],[139.649336,35.705753],[139.649323,35.70573],[139.649271,35.705751],[139.649244,35.705706],[139.649256,35.705701],[139.64926,35.705708],[139.649279,35.705701],[139.649275,35.705694],[139.649305,35.705682],[139.64931,35.705689],[139.649356,35.705671],[139.649352,35.705664],[139.649359,35.705662],[139.64936,35.705661],[139.649364,35.705668],[139.649387,35.705659],[139.649383,35.705653],[139.64941,35.705642],[139.649415,35.70564]]]}},{"type":"Feature","id":"bldg_8e0eeb53-0a9c-42ab-bbbf-045f4625b3cd","properties":{"gml_id":"bldg_8e0eeb53-0a9c-42ab-bbbf-045f4625b3cd","mesh":"53394541","measuredHeight":10.5},"geometry":{"type":"Polygon","coordinates":[[[139.648552,35.705896],[139.648638,35.705852],[139.648642,35.705858],[139.648658,35.705874],[139.648662,35.705879],[139.648643,35.705888],[139.648646,35.705892],[139.648576,35.705927],[139.648552,35.705896]]]}},{"type":"Feature","id":"bldg_56ef4134-18f1-42b4-aada-96a3f67c766b","properties":{"gml_id":"bldg_56ef4134-18f1-42b4-aada-96a3f67c766b","mesh":"53394541","measuredHeight":12.3},"geometry":{"type":"Polygon","coordinates":[[[139.647665,35.705557],[139.647689,35.705545],[139.647639,35.705477],[139.647639,35.705457],[139.6477,35.705428],[139.647787,35.705548],[139.647765,35.705559],[139.647727,35.705577],[139.647685,35.705584],[139.647665,35.705557]]]}},{"type":"Feature","id":"bldg_98e66b51-d6a3-4773-ba2f-b8aa1fa616ca","properties":{"gml_id":"bldg_98e66b51-d6a3-4773-ba2f-b8aa1fa616ca","mesh":"53394541","measuredHeight":7.1},"geometry":{"type":"Polygon","coordinates":[[[139.647415,35.703354],[139.647455,35.703347],[139.647471,35.703406],[139.647432,35.703414],[139.647415,35.703354]]]}},{"type":"Feature","id":"bldg_c17a1726-cebf-49a2-b374-7970f6fd50ed","properties":{"gml_id":"bldg_c17a1726-cebf-49a2-b374-7970f6fd50ed","mesh":"53394541","measuredHeight":6.3},"geometry":{"type":"Polygon","coordinates":[[[139.64841,35.704029],[139.648341,35.704044],[139.648321,35.703994],[139.648389,35.703976],[139.64841,35.704029]]]}},{"type":"Feature","id":"bldg_bf3cb8dc-2ede-4671-896f-10ac046ae32c","properties":{"gml_id":"bldg_bf3cb8dc-2ede-4671-896f-10ac046ae32c","mesh":"53394541","measuredHeight":11.4},"geometry":{"type":"Polygon","coordinates":[[[139.647259,35.706217],[139.647303,35.706204],[139.647331,35.706269],[139.647342,35.706293],[139.647297,35.706306],[139.647287,35.706282],[139.647259,35.706217]]]}},{"type":"Feature","id":"bldg_51e0e200-a8f7-4fe4-9fe8-260e6581966e","properties":{"gml_id":"bldg_51e0e200-a8f7-4fe4-9fe8-260e6581966e","mesh":"53394541","measuredHeight":3.6},"geometry":{"type":"Polygon","coordinates":[[[139.64953,35.706156],[139.649654,35.706125],[139.649675,35.706178],[139.649669,35.706187],[139.649482,35.706235],[139.649421,35.706075],[139.649459,35.706065],[139.649477,35.706113],[139.64951,35.706105],[139.64953,35.706156]]]}},{"type":"Feature","id":"bldg_ed305608-3ca5-4432-bb95-d6ca152c7875","properties":{"gml_id":"bldg_ed305608-3ca5-4432-bb95-d6ca152c7875","mesh":"53394541","measuredHeight":8.8},"geometry":{"type":"Polygon","coordinates":[[[139.648003,35.705791],[139.648054,35.70577],[139.648154,35.705929],[139.648103,35.70595],[139.648003,35.705791]]]}},{"type":"Feature","id":"bldg_2275c23f-1942-4cd7-b8d9-9f4eb9dd284e","properties":{"gml_id":"bldg_2275c23f-1942-4cd7-b8d9-9f4eb9dd284e","mesh":"53394541","measuredHeight":7.7},"geometry":{"type":"Polygon","coordinates":[[[139.647537,35.704105],[139.647513,35.704],[139.647519,35.704],[139.647514,35.703975],[139.647589,35.703963],[139.647619,35.704092],[139.647537,35.704105]]]}},{"type":"Feature","id":"bldg_26cade8c-9856-49e4-977b-4b7adf9f849e","properties":{"gml_id":"bldg_26cade8c-9856-49e4-977b-4b7adf9f849e","mesh":"53394541","measuredHeight":7.7},"geometry":{"type":"Polygon","coordinates":[[[139.647574,35.702729],[139.647525,35.702738],[139.647498,35.702634],[139.647548,35.702626],[139.647574,35.702729]]]}},{"type":"Feature","id":"bldg_49ff4bad-82e2-453d-91d3-3f4c3907b45e","properties":{"gml_id":"bldg_49ff4bad-82e2-453d-91d3-3f4c3907b45e","mesh":"53394541","measuredHeight":6.9},"geometry":{"type":"Polygon","coordinates":[[[139.646719,35.705029],[139.646763,35.705022],[139.646781,35.705098],[139.646735,35.705097],[139.646719,35.705029]]]}},{"type":"Feature","id":"bldg_9418d821-8b4b-48b4-867a-a55f2592ea56","properties":{"gml_id":"bldg_9418d821-8b4b-48b4-867a-a55f2592ea56","mesh":"53394541","measuredHeight":5.9},"geometry":{"type":"Polygon","coordinates":[[[139.647522,35.706663],[139.647589,35.706632],[139.647582,35.706622],[139.647639,35.706594],[139.647648,35.706607],[139.64774,35.706562],[139.647777,35.706613],[139.647527,35.706733],[139.647501,35.706697],[139.647535,35.70668],[139.647522,35.706663]]]}},{"type":"Feature","id":"bldg_6e34737a-ba59-4e62-9cfc-ce7a430b2359","properties":{"gml_id":"bldg_6e34737a-ba59-4e62-9cfc-ce7a430b2359","mesh":"53394541","measuredHeight":8.3},"geometry":{"type":"Polygon","coordinates":[[[139.64672,35.703651],[139.646683,35.703658],[139.646673,35.703653],[139.646633,35.703514],[139.646678,35.703505],[139.64672,35.703651]]]}},{"type":"Feature","id":"bldg_b77eda0a-3fc7-4bac-8cfd-a5045fb4b63f","properties":{"gml_id":"bldg_b77eda0a-3fc7-4bac-8cfd-a5045fb4b63f","mesh":"53394541","measuredHeight":6.8},"geometry":{"type":"Polygon","coordinates":[[[139.647216,35.703561],[139.647185,35.70345],[139.647264,35.703435],[139.647295,35.703546],[139.647216,35.703561]]]}},{"type":"Feature","id":"bldg_6a47f5d0-3a77-493b-a63c-7a6174a5e2fd","properties":{"gml_id":"bldg_6a47f5d0-3a77-493b-a63c-7a6174a5e2fd","mesh":"53394541","measuredHeight":38.4},"geometry":{"type":"Polygon","coordinates":[[[139.649952,35.704536],[139.649753,35.704545],[139.649754,35.704343],[139.649938,35.704335],[139.649946,35.704459],[139.649971,35.704459],[139.649971,35.704499],[139.649949,35.704499],[139.649952,35.704536]]]}},{"type":"Feature","id":"bldg_975f9292-c567-42be-81b0-5eff2aa86ece","properties":{"gml_id":"bldg_975f9292-c567-42be-81b0-5eff2aa86ece","mesh":"53394541","measuredHeight":6.6},"geometry":{"type":"Polygon","coordinates":[[[139.646365,35.703495],[139.646353,35.703449],[139.646552,35.703415],[139.646564,35.703461],[139.646365,35.703495]]]}},{"type":"Feature","id":"bldg_87af6046-1742-49c6-9dec-f476885a8266","properties":{"gml_id":"bldg_87af6046-1742-49c6-9dec-f476885a8266","mesh":"53394541","measuredHeight":9.9},"geometry":{"type":"Polygon","coordinates":[[[139.647097,35.704342],[139.647013,35.704361],[139.64698,35.704266],[139.646972,35.704268],[139.646961,35.704237],[139.647054,35.704216],[139.647097,35.704342]]]}},{"type":"Feature","id":"bldg_508bdf6f-a2dd-4354-9450-fc4e3f4ce490","properties":{"gml_id":"bldg_508bdf6f-a2dd-4354-9450-fc4e3f4ce490","mesh":"53394541","measuredHeight":7.1},"geometry":{"type":"Polygon","coordinates":[[[139.648433,35.702813],[139.648505,35.702771],[139.648598,35.702875],[139.648552,35.702902],[139.648504,35.702913],[139.648438,35.70284],[139.64845,35.702833],[139.648433,35.702813]]]}},{"type":"Feature","id":"bldg_663f4ea6-16d5-4a89-aa21-5a6fe98eb51c","properties":{"gml_id":"bldg_663f4ea6-16d5-4a89-aa21-5a6fe98eb51c","mesh":"53394541","measuredHeight":10.0},"geometry":{"type":"Polygon","coordinates":[[[139.648752,35.703789],[139.648776,35.703859],[139.648588,35.703902],[139.648564,35.703832],[139.648752,35.703789]]]}},{"type":"Feature","id":"bldg_60da0f7e-ba22-48fa-9094-3694e1953a5b","properties":{"gml_id":"bldg_60da0f7e-ba22-48fa-9094-3694e1953a5b","mesh":"53394541","measuredHeight":null},"geometry":{"type":"Polygon","coordinates":[[[139.649549,35.705759],[139.649584,35.705834],[139.649565,35.70584],[139.649529,35.705765],[139.649549,35.705759]]]}},{"type":"Feature","id":"bldg_ddc2af7e-46a3-4646-a582-8d574d4d68f2","properties":{"gml_id":"bldg_ddc2af7e-46a3-4646-a582-8d574d4d68f2","mesh":"53394541","measuredHeight":6.2},"geometry":{"type":"Polygon","coordinates":[[[139.648747,35.70481],[139.648729,35.704755],[139.648814,35.704736],[139.648833,35.704792],[139.648747,35.70481]]]}},{"type":"Feature","id":"bldg_95e2ec3c-32ff-4b3a-9a8a-8444ba45393a","properties":{"gml_id":"bldg_95e2ec3c-32ff-4b3a-9a8a-8444ba45393a","mesh":"53394541","measuredHeight":6.1},"geometry":{"type":"Polygon","coordinates":[[[139.648836,35.705614],[139.648917,35.705738],[139.64887,35.705759],[139.648789,35.705634],[139.648836,35.705614]]]}},{"type":"Feature","id":"bldg_f9aec25a-484a-4df7-b1a5-75bf9d603c31","properties":{"gml_id":"bldg_f9aec25a-484a-4df7-b1a5-75bf9d603c31","mesh":"53394541","measuredHeight":7.2},"geometry":{"type":"Polygon","coordinates":[[[139.647454,35.70603],[139.647443,35.706033],[139.647404,35.705935],[139.647435,35.705927],[139.647514,35.705905],[139.647555,35.706007],[139.647461,35.706048],[139.647454,35.70603]]]}},{"type":"Feature","id":"bldg_2d2bcc47-ce27-4443-abc4-0ade258fd27b","properties":{"gml_id":"bldg_2d2bcc47-ce27-4443-abc4-0ade258fd27b","mesh":"53394541","measuredHeight":7.0},"geometry":{"type":"Polygon","coordinates":[[[139.647459,35.704523],[139.64754,35.704507],[139.647571,35.704616],[139.64749,35.704632],[139.647459,35.704523]]]}},{"type":"Feature","id":"bldg_15a7e558-e363-4714-9eb5-700ea523b416","properties":{"gml_id":"bldg_15a7e558-e363-4714-9eb5-700ea523b416","mesh":"53394541","measuredHeight":10.0},"geometry":{"type":"Polygon","coordinates":[[[139.64732,35.704684],[139.647246,35.704698],[139.647221,35.704606],[139.647295,35.704593],[139.64732,35.704684]]]}},{"type":"Feature","id":"bldg_8aa55157-5a79-4d38-a459-7ea1a39dade2","properties":{"gml_id":"bldg_8aa55157-5a79-4d38-a459-7ea1a39dade2","mesh":"53394541","measuredHeight":7.4},"geometry":{"type":"Polygon","coordinates":[[[139.646741,35.703901],[139.646852,35.703877],[139.646873,35.703942],[139.646762,35.703967],[139.646741,35.703901]]]}},{"type":"Feature","id":"bldg_6d9e3e4c-6f80-4f51-9ac4-a24abdeaf820","properties":{"gml_id":"bldg_6d9e3e4c-6f80-4f51-9ac4-a24abdeaf820","mesh":"53394541","measuredHeight":7.2},"geometry":{"type":"Polygon","coordinates":[[[139.647012,35.705823],[139.646924,35.705849],[139.646899,35.705792],[139.646987,35.705766],[139.647012,35.705823]]]}},{"type":"Feature","id":"bldg_faef2a1b-c4cd-4fe4-b9b0-e8394d87d67b","properties":{"gml_id":"bldg_faef2a1b-c4cd-4fe4-b9b0-e8394d87d67b","mesh":"53394541","measuredHeight":4.7},"geometry":{"type":"Polygon","coordinates":[[[139.649535,35.705936],[139.649553,35.70593],[139.649558,35.705928],[139.649575,35.705963],[139.649409,35.706018],[139.649393,35.705986],[139.649303,35.706015],[139.649296,35.706001],[139.649376,35.705974],[139.649382,35.705987],[139.649392,35.705983],[139.649535,35.705936]]]}},{"type":"Feature","id":"bldg_3dbfeb3b-212c-4c0d-9701-cc98c5eb9bf3","properties":{"gml_id":"bldg_3dbfeb3b-212c-4c0d-9701-cc98c5eb9bf3","mesh":"53394541","measuredHeight":6.9},"geometry":{"type":"Polygon","coordinates":[[[139.646892,35.706061],[139.646898,35.706075],[139.64696,35.706057],[139.646971,35.706084],[139.646884,35.706109],[139.646866,35.706068],[139.646892,35.706061]]]}},{"type":"Feature","id":"bldg_a675e8b0-f3cc-4633-a41e-f61a47b78bb8","properties":{"gml_id":"bldg_a675e8b0-f3cc-4633-a41e-f61a47b78bb8","mesh":"53394541","measuredHeight":8.9},"geometry":{"type":"Polygon","coordinates":[[[139.647448,35.70265],[139.647492,35.702643],[139.647515,35.702731],[139.647508,35.702733],[139.647511,35.702744],[139.647475,35.70275],[139.647448,35.70265]]]}},{"type":"Feature","id":"bldg_e6226989-0ce0-45cd-9ba3-507514b4e36f","properties":{"gml_id":"bldg_e6226989-0ce0-45cd-9ba3-507514b4e36f","mesh":"53394541","measuredHeight":13.1},"geometry":{"type":"Polygon","coordinates":[[[139.6467,35.706406],[139.646711,35.706423],[139.646771,35.706395],[139.646855,35.706517],[139.646771,35.706556],[139.646675,35.706418],[139.6467,35.706406]]]}},{"type":"Feature","id":"bldg_42a15fbb-2c7e-484f-9064-cff28776574e","properties":{"gml_id":"bldg_42a15fbb-2c7e-484f-9064-cff28776574e","mesh":"53394541","measuredHeight":7.4},"geometry":{"type":"Polygon","coordinates":[[[139.646655,35.702755],[139.646682,35.70286],[139.646661,35.702864],[139.646667,35.70289],[139.64663,35.702896],[139.646596,35.702766],[139.646655,35.702755]]]}},{"type":"Feature","id":"bldg_1a20bb16-1fbf-4a83-938c-e52bb079eb47","properties":{"gml_id":"bldg_1a20bb16-1fbf-4a83-938c-e52bb079eb47","mesh":"53394541","measuredHeight":3.7},"geometry":{"type":"Polygon","coordinates":[[[139.647055,35.703383],[139.647026,35.703388],[139.647014,35.70334],[139.647043,35.703335],[139.647055,35.703383]]]}},{"type":"Feature","id":"bldg_ae5ed567-fe63-4bf5-a762-b729398f701f","properties":{"gml_id":"bldg_ae5ed567-fe63-4bf5-a762-b729398f701f","mesh":"53394541","measuredHeight":26.0},"geometry":{"type":"Polygon","coordinates":[[[139.649432,35.703581],[139.649426,35.703563],[139.649529,35.70354],[139.64954,35.703574],[139.649531,35.703576],[139.649541,35.703607],[139.649383,35.703643],[139.649397,35.703685],[139.64929,35.703709],[139.649259,35.70362],[139.649432,35.703581]]]}},{"type":"Feature","id":"bldg_bd021591-54cd-4b91-aee3-f2ff5aceb847","properties":{"gml_id":"bldg_bd021591-54cd-4b91-aee3-f2ff5aceb847","mesh":"53394541","measuredHeight":33.6},"geometry":{"type":"Polygon","coordinates":[[[139.649919,35.70331],[139.649903,35.703314],[139.649846,35.703129],[139.649861,35.703126],[139.649857,35.703113],[139.64993,35.703098],[139.649933,35.703105],[139.649935,35.703104],[139.649951,35.703113],[139.649996,35.703254],[139.649986,35.703275],[139.649986,35.703276],[139.649942,35.703286],[139.649948,35.703305],[139.649937,35.703307],[139.649919,35.70331]]]}},{"type":"Feature","id":"bldg_6627005b-2826-46ac-a2c4-b84df0d5c0fc","properties":{"gml_id":"bldg_6627005b-2826-46ac-a2c4-b84df0d5c0fc","mesh":"53394541","measuredHeight":7.5},"geometry":{"type":"Polygon","coordinates":[[[139.64656,35.703689],[139.646516,35.703697],[139.646487,35.70359],[139.64653,35.703582],[139.64656,35.703689]]]}},{"type":"Feature","id":"bldg_8f82471a-a288-4329-9b51-96bd93aa45af","properties":{"gml_id":"bldg_8f82471a-a288-4329-9b51-96bd93aa45af","mesh":"53394541","measuredHeight":9.6},"geometry":{"type":"Polygon","coordinates":[[[139.646584,35.704372],[139.646635,35.704361],[139.646665,35.704449],[139.646614,35.704461],[139.646584,35.704372]]]}},{"type":"Feature","id":"bldg_f529d1d0-cc36-4bec-8e53-cde9e8f1be06","properties":{"gml_id":"bldg_f529d1d0-cc36-4bec-8e53-cde9e8f1be06","mesh":"53394541","measuredHeight":7.8},"geometry":{"type":"Polygon","coordinates":[[[139.647715,35.703307],[139.647754,35.7033],[139.647795,35.703445],[139.647756,35.703453],[139.647733,35.703372],[139.647715,35.703307]]]}},{"type":"Feature","id":"bldg_ec0f7341-10e1-402c-9a6b-a9bb6d2fb584","properties":{"gml_id":"bldg_ec0f7341-10e1-402c-9a6b-a9bb6d2fb584","mesh":"53394541","measuredHeight":7.1},"geometry":{"type":"Polygon","coordinates":[[[139.646814,35.704407],[139.646767,35.704417],[139.64674,35.704337],[139.646787,35.704326],[139.646814,35.704407]]]}},{"type":"Feature","id":"bldg_459a6535-1b8d-44a8-a5b4-15238d06ac37","properties":{"gml_id":"bldg_459a6535-1b8d-44a8-a5b4-15238d06ac37","mesh":"53394541","measuredHeight":22.8},"geometry":{"type":"Polygon","coordinates":[[[139.648782,35.702861],[139.648754,35.702762],[139.648747,35.702763],[139.648729,35.702698],[139.648736,35.702697],[139.648732,35.702683],[139.648694,35.70269],[139.648657,35.702559],[139.648913,35.702511],[139.648928,35.702564],[139.648922,35.702565],[139.648944,35.702643],[139.648916,35.702648],[139.648926,35.702684],[139.648881,35.702693],[139.648908,35.702791],[139.648915,35.70279],[139.648927,35.702834],[139.648782,35.702861]]]}},{"type":"Feature","id":"bldg_5060d8d0-4edb-4838-87c4-adba94c029bb","properties":{"gml_id":"bldg_5060d8d0-4edb-4838-87c4-adba94c029bb","mesh":"53394541","measuredHeight":5.8},"geometry":{"type":"Polygon","coordinates":[[[139.649181,35.705612],[139.649203,35.705654],[139.649161,35.705669],[139.649138,35.705627],[139.649181,35.705612]]]}},{"type":"Feature","id":"bldg_e30c056e-dd20-4802-9dd5-4d232405cd30","properties":{"gml_id":"bldg_e30c056e-dd20-4802-9dd5-4d232405cd30","mesh":"53394541","measuredHeight":28.9},"geometry":{"type":"Polygon","coordinates":[[[139.64981,35.706193],[139.64981,35.706201],[139.649759,35.706205],[139.649747,35.706094],[139.649789,35.706055],[139.64985,35.706051],[139.649864,35.706189],[139.64981,35.706193]]]}},{"type":"Feature","id":"bldg_e8591e30-7581-4f69-b5dd-94cbd3209c5a","properties":{"gml_id":"bldg_e8591e30-7581-4f69-b5dd-94cbd3209c5a","mesh":"53394541","measuredHeight":12.7},"geometry":{"type":"Polygon","coordinates":[[[139.6482,35.70311],[139.648169,35.703116],[139.648151,35.703048],[139.648173,35.703044],[139.648167,35.703022],[139.648357,35.702987],[139.648393,35.703042],[139.648318,35.703069],[139.648256,35.703081],[139.648258,35.70309],[139.6482,35.70311]]]}},{"type":"Feature","id":"bldg_76485f65-30e1-4c09-b5fd-136c91c5bad9","properties":{"gml_id":"bldg_76485f65-30e1-4c09-b5fd-136c91c5bad9","mesh":"53394541","measuredHeight":7.8},"geometry":{"type":"Polygon","coordinates":[[[139.646452,35.703934],[139.646555,35.703913],[139.646577,35.703984],[139.64655,35.70399],[139.646556,35.704011],[139.646511,35.70402],[139.646505,35.703999],[139.646444,35.704011],[139.646431,35.703968],[139.646445,35.703965],[139.64644,35.703948],[139.646455,35.703945],[139.646452,35.703934]]]}},{"type":"Feature","id":"bldg_6576f592-1933-4982-b3e6-df5464382465","properties":{"gml_id":"bldg_6576f592-1933-4982-b3e6-df5464382465","mesh":"53394541","measuredHeight":14.4},"geometry":{"type":"Polygon","coordinates":[[[139.648629,35.703897],[139.648783,35.703859],[139.648805,35.703919],[139.648795,35.703931],[139.648655,35.703966],[139.648629,35.703897]]]}},{"type":"Feature","id":"bldg_b0b7967e-0ca0-4e93-956a-759e881b1f6a","properties":{"gml_id":"bldg_b0b7967e-0ca0-4e93-956a-759e881b1f6a","mesh":"53394541","measuredHeight":6.5},"geometry":{"type":"Polygon","coordinates":[[[139.646668,35.706262],[139.646598,35.70629],[139.64655,35.70621],[139.64662,35.706182],[139.646668,35.706262]]]}},{"type":"Feature","id":"bldg_5d9483f1-820b-4a1d-8f60-a43a9b8e548f","properties":{"gml_id":"bldg_5d9483f1-820b-4a1d-8f60-a43a9b8e548f","mesh":"53394541","measuredHeight":7.1},"geometry":{"type":"Polygon","coordinates":[[[139.647273,35.705959],[139.647298,35.706018],[139.647205,35.706045],[139.64718,35.705986],[139.647273,35.705959]]]}},{"type":"Feature","id":"bldg_23a1ffea-c2ad-4116-8259-d4e0ef784e82","properties":{"gml_id":"bldg_23a1ffea-c2ad-4116-8259-d4e0ef784e82","mesh":"53394541","measuredHeight":8.7},"geometry":{"type":"Polygon","coordinates":[[[139.648421,35.706005],[139.648367,35.706034],[139.648284,35.70593],[139.648338,35.705902],[139.648421,35.706005]]]}},{"type":"Feature","id":"bldg_ab8cf4f0-47d0-4836-86b7-27a0b06301ba","properties":{"gml_id":"bldg_ab8cf4f0-47d0-4836-86b7-27a0b06301ba","mesh":"53394541","measuredHeight":12.2},"geometry":{"type":"Polygon","coordinates":[[[139.647771,35.70545],[139.647817,35.70543],[139.647873,35.705421],[139.647903,35.705468],[139.647808,35.705509],[139.647802,35.705499],[139.647785,35.705472],[139.647771,35.70545]]]}},{"type":"Feature","id":"bldg_3a622d55-0df8-45cb-9701-ef3eb27dfcaf","properties":{"gml_id":"bldg_3a622d55-0df8-45cb-9701-ef3eb27dfcaf","mesh":"53394541","measuredHeight":7.2},"geometry":{"type":"Polygon","coordinates":[[[139.647214,35.704324],[139.647196,35.704263],[139.647232,35.704256],[139.647223,35.704228],[139.647292,35.704215],[139.647318,35.704304],[139.647214,35.704324]]]}},{"type":"Feature","id":"bldg_87fcde1e-874d-4c43-a205-dba5c1889ade","properties":{"gml_id":"bldg_87fcde1e-874d-4c43-a205-dba5c1889ade","mesh":"53394541","measuredHeight":9.9},"geometry":{"type":"Polygon","coordinates":[[[139.647763,35.705134],[139.647748,35.705093],[139.647833,35.705073],[139.647855,35.705136],[139.647763,35.705134]]]}},{"type":"Feature","id":"bldg_046d5143-beaf-47d2-ba65-fdd8dd880d5e","properties":{"gml_id":"bldg_046d5143-beaf-47d2-ba65-fdd8dd880d5e","mesh":"53394541","measuredHeight":13.7},"geometry":{"type":"Polygon","coordinates":[[[139.648863,35.705023],[139.648763,35.705044],[139.648744,35.704985],[139.648844,35.704963],[139.648863,35.705023]]]}},{"type":"Feature","id":"bldg_f4c60b07-daac-4da6-9abd-e27351257255","properties":{"gml_id":"bldg_f4c60b07-daac-4da6-9abd-e27351257255","mesh":"53394541","measuredHeight":13.7},"geometry":{"type":"Polygon","coordinates":[[[139.649136,35.704933],[139.648925,35.704982],[139.648897,35.704903],[139.649002,35.704878],[139.649012,35.704909],[139.64912,35.704884],[139.649136,35.704933]]]}},{"type":"Feature","id":"bldg_37581ee7-e909-4eb1-a80f-a002e4604d29","properties":{"gml_id":"bldg_37581ee7-e909-4eb1-a80f-a002e4604d29","mesh":"53394541","measuredHeight":11.1},"geometry":{"type":"Polygon","coordinates":[[[139.647026,35.705522],[139.64717,35.705481],[139.647214,35.705586],[139.647071,35.705627],[139.647026,35.705522]]]}},{"type":"Feature","id":"bldg_504506f5-f872-4571-822a-4f6b847fd722","properties":{"gml_id":"bldg_504506f5-f872-4571-822a-4f6b847fd722","mesh":"53394541","measuredHeight":7.1},"geometry":{"type":"Polygon","coordinates":[[[139.647839,35.704041],[139.647962,35.704005],[139.647971,35.704009],[139.647974,35.704017],[139.647957,35.704022],[139.647963,35.704036],[139.647929,35.704045],[139.647936,35.704061],[139.647857,35.704085],[139.647839,35.704041]]]}},{"type":"Feature","id":"bldg_3df98371-f26b-4055-9859-3c743319ab58","properties":{"gml_id":"bldg_3df98371-f26b-4055-9859-3c743319ab58","mesh":"53394541","measuredHeight":6.4},"geometry":{"type":"Polygon","coordinates":[[[139.646586,35.705063],[139.646575,35.705021],[139.646647,35.705008],[139.646658,35.70505],[139.646586,35.705063]]]}},{"type":"Feature","id":"bldg_b4f4cd25-e39f-453e-ab7d-9aadd966517a","properties":{"gml_id":"bldg_b4f4cd25-e39f-453e-ab7d-9aadd966517a","mesh":"53394541","measuredHeight":1.7},"geometry":{"type":"Polygon","coordinates":[[[139.648999,35.706505],[139.649,35.706504],[139.649019,35.706531],[139.649002,35.706538],[139.648984,35.706511],[139.648999,35.706505]]]}},{"type":"Feature","id":"bldg_3c216c04-7a43-43c0-b1c0-b974f8e2ae8e","properties":{"gml_id":"bldg_3c216c04-7a43-43c0-b1c0-b974f8e2ae8e","mesh":"53394541","measuredHeight":6.8},"geometry":{"type":"Polygon","coordinates":[[[139.648295,35.706634],[139.648273,35.706634],[139.648237,35.70658],[139.648349,35.706531],[139.648358,35.706545],[139.648366,35.706541],[139.648379,35.706561],[139.648371,35.706565],[139.648389,35.706592],[139.648295,35.706634]]]}},{"type":"Feature","id":"bldg_f826008c-ce59-4086-bc45-b96ed6fce5e1","properties":{"gml_id":"bldg_f826008c-ce59-4086-bc45-b96ed6fce5e1","mesh":"53394541","measuredHeight":6.7},"geometry":{"type":"Polygon","coordinates":[[[139.649135,35.706309],[139.649081,35.706252],[139.64907,35.706229],[139.649148,35.706206],[139.649189,35.706301],[139.649149,35.706313],[139.649135,35.706309]]]}},{"type":"Feature","id":"bldg_6e52ad6b-9095-47c2-82ca-be0fd12419ba","properties":{"gml_id":"bldg_6e52ad6b-9095-47c2-82ca-be0fd12419ba","mesh":"53394541","measuredHeight":8.4},"geometry":{"type":"Polygon","coordinates":[[[139.648561,35.705001],[139.648567,35.70502],[139.648477,35.705037],[139.648458,35.704974],[139.648563,35.704954],[139.648576,35.704998],[139.648561,35.705001]]]}},{"type":"Feature","id":"bldg_1dc0b6c1-d14c-420a-9ab3-72b9f241e7d7","properties":{"gml_id":"bldg_1dc0b6c1-d14c-420a-9ab3-72b9f241e7d7","mesh":"53394541","measuredHeight":23.3},"geometry":{"type":"Polygon","coordinates":[[[139.648362,35.702786],[139.648343,35.702766],[139.648349,35.702762],[139.648343,35.702755],[139.648568,35.702617],[139.648606,35.702657],[139.648582,35.702672],[139.648607,35.7027],[139.648406,35.702824],[139.648368,35.702782],[139.648362,35.702786]]]}},{"type":"Feature","id":"bldg_296aa6bc-c28f-44dd-858d-238c2f2db967","properties":{"gml_id":"bldg_296aa6bc-c28f-44dd-858d-238c2f2db967","mesh":"53394541","measuredHeight":20.7},"geometry":{"type":"Polygon","coordinates":[[[139.648871,35.702927],[139.648926,35.702916],[139.64899,35.703127],[139.648935,35.703138],[139.648871,35.702927]]]}},{"type":"Feature","id":"bldg_7f1084d0-c107-4cc7-a45f-21eac4d672d4","properties":{"gml_id":"bldg_7f1084d0-c107-4cc7-a45f-21eac4d672d4","mesh":"53394541","measuredHeight":11.5},"geometry":{"type":"Polygon","coordinates":[[[139.647887,35.704923],[139.647862,35.704911],[139.647874,35.704894],[139.647848,35.704881],[139.647856,35.704874],[139.647838,35.704806],[139.647983,35.704781],[139.648006,35.704864],[139.647978,35.704869],[139.647982,35.704884],[139.647952,35.70489],[139.647957,35.704911],[139.647887,35.704923]]]}},{"type":"Feature","id":"bldg_366f204e-bc6b-45b9-91f4-6c8a269c996a","properties":{"gml_id":"bldg_366f204e-bc6b-45b9-91f4-6c8a269c996a","mesh":"53394541","measuredHeight":1.7},"geometry":{"type":"Polygon","coordinates":[[[139.648739,35.702824],[139.64871,35.70272],[139.648728,35.702716],[139.648757,35.70282],[139.648739,35.702824]]]}},{"type":"Feature","id":"bldg_3d26fcd0-21ce-4836-a353-f2912cb32a60","properties":{"gml_id":"bldg_3d26fcd0-21ce-4836-a353-f2912cb32a60","mesh":"53394541","measuredHeight":6.3},"geometry":{"type":"Polygon","coordinates":[[[139.647087,35.706275],[139.64704,35.706292],[139.647029,35.706272],[139.647076,35.706255],[139.647087,35.706275]]]}},{"type":"Feature","id":"bldg_7f7a3afc-d41d-42d2-8c68-3ba713b31d07","properties":{"gml_id":"bldg_7f7a3afc-d41d-42d2-8c68-3ba713b31d07","mesh":"53394541","measuredHeight":13.3},"geometry":{"type":"Polygon","coordinates":[[[139.64855,35.704849],[139.648532,35.704798],[139.648622,35.704778],[139.648639,35.704829],[139.64855,35.704849]]]}},{"type":"Feature","id":"bldg_f2196aff-e931-4f3a-862a-46a41b041a09","properties":{"gml_id":"bldg_f2196aff-e931-4f3a-862a-46a41b041a09","mesh":"53394541","measuredHeight":13.7},"geometry":{"type":"Polygon","coordinates":[[[139.649399,35.70661],[139.649402,35.706616],[139.649381,35.706624],[139.649362,35.706592],[139.649376,35.706587],[139.649373,35.706582],[139.649449,35.706552],[139.649473,35.706591],[139.649407,35.706618],[139.649401,35.706609],[139.649399,35.70661]]]}},{"type":"Feature","id":"bldg_958fd4ba-9612-4983-a6e5-56b08d484507","properties":{"gml_id":"bldg_958fd4ba-9612-4983-a6e5-56b08d484507","mesh":"53394541","measuredHeight":15.1},"geometry":{"type":"Polygon","coordinates":[[[139.648781,35.704338],[139.648931,35.704304],[139.648943,35.704339],[139.648793,35.704373],[139.648781,35.704338]]]}},{"type":"Feature","id":"bldg_c80db19b-7544-400d-a8f4-4e86a40445bc","properties":{"gml_id":"bldg_c80db19b-7544-400d-a8f4-4e86a40445bc","mesh":"53394541","measuredHeight":12.6},"geometry":{"type":"Polygon","coordinates":[[[139.647972,35.70533],[139.64809,35.705511],[139.648012,35.705545],[139.647894,35.705364],[139.647972,35.70533]]]}},{"type":"Feature","id":"bldg_b07e20de-800a-4ebc-8ab5-0d3ac4350ec6","properties":{"gml_id":"bldg_b07e20de-800a-4ebc-8ab5-0d3ac4350ec6","mesh":"53394541","measuredHeight":10.4},"geometry":{"type":"Polygon","coordinates":[[[139.649533,35.705985],[139.649544,35.705982],[139.649558,35.705978],[139.649577,35.705973],[139.649582,35.705971],[139.649585,35.70597],[139.649588,35.70597],[139.649609,35.706022],[139.649334,35.706096],[139.649306,35.706027],[139.64939,35.706005],[139.649398,35.706024],[139.649447,35.70601],[139.649533,35.705985]]]}},{"type":"Feature","id":"bldg_436fe9da-faf3-42e7-9f29-20dc920ed29a","properties":{"gml_id":"bldg_436fe9da-faf3-42e7-9f29-20dc920ed29a","mesh":"53394541","measuredHeight":7.4},"geometry":{"type":"Polygon","coordinates":[[[139.647603,35.703076],[139.647596,35.703047],[139.647626,35.703042],[139.647623,35.703031],[139.647721,35.703015],[139.647731,35.703055],[139.647603,35.703076]]]}},{"type":"Feature","id":"bldg_31baeeab-cc8f-4cfe-b92f-7a07bef58a4c","properties":{"gml_id":"bldg_31baeeab-cc8f-4cfe-b92f-7a07bef58a4c","mesh":"53394541","measuredHeight":6.3},"geometry":{"type":"Polygon","coordinates":[[[139.648403,35.706577],[139.648396,35.70658],[139.648312,35.706463],[139.648369,35.706437],[139.648458,35.706562],[139.648409,35.706586],[139.648403,35.706577]]]}},{"type":"Feature","id":"bldg_df3480b4-3413-46c3-b418-ddf131b58367","properties":{"gml_id":"bldg_df3480b4-3413-46c3-b418-ddf131b58367","mesh":"53394541","measuredHeight":7.8},"geometry":{"type":"Polygon","coordinates":[[[139.646744,35.703414],[139.646742,35.703406],[139.646817,35.703391],[139.646838,35.703462],[139.646724,35.703485],[139.646705,35.703422],[139.646744,35.703414]]]}},{"type":"Feature","id":"bldg_f3ed53ee-4fa8-4eec-89d3-271b39d2550e","properties":{"gml_id":"bldg_f3ed53ee-4fa8-4eec-89d3-271b39d2550e","mesh":"53394541","measuredHeight":10.2},"geometry":{"type":"Polygon","coordinates":[[[139.646445,35.703769],[139.646638,35.703732],[139.646648,35.70373],[139.646669,35.703812],[139.646465,35.703851],[139.646441,35.70377],[139.646445,35.703769]]]}},{"type":"Feature","id":"bldg_4f5384da-c93f-4b5e-8d13-b3abe53dbbfe","properties":{"gml_id":"bldg_4f5384da-c93f-4b5e-8d13-b3abe53dbbfe","mesh":"53394541","measuredHeight":14.8},"geometry":{"type":"Polygon","coordinates":[[[139.6475,35.706695],[139.647428,35.706728],[139.6473,35.706586],[139.647434,35.706525],[139.647442,35.706538],[139.647664,35.706437],[139.647646,35.706412],[139.647678,35.706398],[139.647672,35.706388],[139.647764,35.706346],[139.64787,35.706527],[139.647759,35.706578],[139.647738,35.706548],[139.647638,35.706593],[139.64758,35.70662],[139.647511,35.706651],[139.64752,35.706665],[139.647531,35.706681],[139.6475,35.706695]]]}},{"type":"Feature","id":"bldg_12e3f42a-54a3-4f8c-af72-4ba98e6dd7ff","properties":{"gml_id":"bldg_12e3f42a-54a3-4f8c-af72-4ba98e6dd7ff","mesh":"53394541","measuredHeight":9.9},"geometry":{"type":"Polygon","coordinates":[[[139.64793,35.706258],[139.647787,35.706323],[139.647756,35.706278],[139.647899,35.706213],[139.64793,35.706258]]]}},{"type":"Feature","id":"bldg_23def77e-36e7-4b46-9219-6246150633ad","properties":{"gml_id":"bldg_23def77e-36e7-4b46-9219-6246150633ad","mesh":"53394541","measuredHeight":7.7},"geometry":{"type":"Polygon","coordinates":[[[139.647926,35.705847],[139.647959,35.705902],[139.647887,35.705931],[139.647853,35.705877],[139.647926,35.705847]]]}},{"type":"Feature","id":"bldg_fbe730d6-c168-4ed6-ba17-8e2821b5a428","properties":{"gml_id":"bldg_fbe730d6-c168-4ed6-ba17-8e2821b5a428","mesh":"53394541","measuredHeight":9.0},"geometry":{"type":"Polygon","coordinates":[[[139.649245,35.703389],[139.649128,35.703412],[139.649114,35.703369],[139.649232,35.703345],[139.649245,35.703389]]]}},{"type":"Feature","id":"bldg_1e463048-5e55-4e63-875c-a3d05416d8c3","properties":{"gml_id":"bldg_1e463048-5e55-4e63-875c-a3d05416d8c3","mesh":"53394541","measuredHeight":9.7},"geometry":{"type":"Polygon","coordinates":[[[139.647826,35.70506],[139.647758,35.705075],[139.647728,35.704987],[139.647762,35.704979],[139.647765,35.704986],[139.647798,35.704978],[139.647826,35.70506]]]}},{"type":"Feature","id":"bldg_5ddeafc7-a933-4a64-92bf-d2d34605d8e8","properties":{"gml_id":"bldg_5ddeafc7-a933-4a64-92bf-d2d34605d8e8","mesh":"53394541","measuredHeight":null},"geometry":{"type":"Polygon","coordinates":[[[139.648264,35.705924],[139.648274,35.705939],[139.648248,35.705952],[139.648237,35.705937],[139.648264,35.705924]]]}},{"type":"Feature","id":"bldg_7215aa8b-0e5a-4b41-9d00-ee95c0ea790a","properties":{"gml_id":"bldg_7215aa8b-0e5a-4b41-9d00-ee95c0ea790a","mesh":"53394541","measuredHeight":6.4},"geometry":{"type":"Polygon","coordinates":[[[139.647536,35.705834],[139.647564,35.705883],[139.647495,35.70591],[139.647466,35.70586],[139.647536,35.705834]]]}},{"type":"Feature","id":"bldg_7d4d01d7-4476-4bbd-9afe-c8196c7e908b","properties":{"gml_id":"bldg_7d4d01d7-4476-4bbd-9afe-c8196c7e908b","mesh":"53394541","measuredHeight":17.3},"geometry":{"type":"Polygon","coordinates":[[[139.649326,35.704244],[139.649356,35.704237],[139.649378,35.704301],[139.64931,35.704317],[139.649308,35.704312],[139.649271,35.70432],[139.649249,35.704257],[139.649324,35.704239],[139.649326,35.704244]]]}},{"type":"Feature","id":"bldg_647f558f-fc02-4e35-9dc0-dd257b0ea361","properties":{"gml_id":"bldg_647f558f-fc02-4e35-9dc0-dd257b0ea361","mesh":"53394541","measuredHeight":5.8},"geometry":{"type":"Polygon","coordinates":[[[139.64745,35.703578],[139.64743,35.703581],[139.647429,35.703578],[139.647449,35.703575],[139.64745,35.703578]]]}},{"type":"Feature","id":"bldg_ea397a61-d8dd-445d-af5f-5dea5a52d733","properties":{"gml_id":"bldg_ea397a61-d8dd-445d-af5f-5dea5a52d733","mesh":"53394541","measuredHeight":6.6},"geometry":{"type":"Polygon","coordinates":[[[139.647072,35.705735],[139.647161,35.70571],[139.647188,35.705775],[139.647099,35.7058],[139.647072,35.705735]]]}},{"type":"Feature","id":"bldg_1f860efd-6aa0-49a4-9531-746917c10c6d","properties":{"gml_id":"bldg_1f860efd-6aa0-49a4-9531-746917c10c6d","mesh":"53394541","measuredHeight":6.8},"geometry":{"type":"Polygon","coordinates":[[[139.647384,35.702812],[139.647433,35.702803],[139.647452,35.70287],[139.647404,35.702879],[139.647384,35.702812]]]}},{"type":"Feature","id":"bldg_839012d5-1fd0-4ef9-a5ed-62b9ab3dcac9","properties":{"gml_id":"bldg_839012d5-1fd0-4ef9-a5ed-62b9ab3dcac9","mesh":"53394541","measuredHeight":19.6},"geometry":{"type":"Polygon","coordinates":[[[139.648895,35.70622],[139.648957,35.706308],[139.648838,35.706363],[139.648825,35.706344],[139.648809,35.706351],[139.648793,35.706329],[139.648793,35.706332],[139.648791,35.706336],[139.648787,35.706339],[139.648781,35.706343],[139.64878,35.706344],[139.648791,35.706359],[139.64876,35.706373],[139.648769,35.706387],[139.648774,35.706393],[139.648684,35.706434],[139.64868,35.706428],[139.648671,35.706432],[139.648668,35.706428],[139.64867,35.706427],[139.648643,35.706397],[139.648633,35.706386],[139.648637,35.706383],[139.648623,35.706362],[139.648619,35.706364],[139.648605,35.706343],[139.648608,35.706342],[139.648594,35.706322],[139.64859,35.706323],[139.648575,35.706301],[139.648579,35.706299],[139.648566,35.706281],[139.648562,35.706282],[139.648545,35.706258],[139.648549,35.706256],[139.648534,35.706236],[139.648532,35.706237],[139.648524,35.706225],[139.648625,35.706178],[139.648628,35.706182],[139.648642,35.706175],[139.648749,35.70633],[139.648752,35.706328],[139.648737,35.706306],[139.648736,35.706301],[139.648738,35.706295],[139.648742,35.70629],[139.648747,35.706287],[139.648753,35.706286],[139.648758,35.706286],[139.648764,35.706288],[139.648766,35.706289],[139.648676,35.706161],[139.648693,35.706153],[139.64869,35.706148],[139.648787,35.706103],[139.648816,35.706144],[139.648824,35.706141],[139.648853,35.706183],[139.648861,35.70618],[139.64889,35.706222],[139.648895,35.70622]]]}},{"type":"Feature","id":"bldg_6b74bb2e-1fa4-464d-8d46-87c49b0db042","properties":{"gml_id":"bldg_6b74bb2e-1fa4-464d-8d46-87c49b0db042","mesh":"53394541","measuredHeight":7.4},"geometry":{"type":"Polygon","coordinates":[[[139.647635,35.704874],[139.647696,35.704863],[139.647721,35.704954],[139.647596,35.704977],[139.647564,35.704862],[139.647628,35.70485],[139.647635,35.704874]]]}},{"type":"Feature","id":"bldg_2c5105ac-d98d-480f-9472-7b87c496b1f7","properties":{"gml_id":"bldg_2c5105ac-d98d-480f-9472-7b87c496b1f7","mesh":"53394541","measuredHeight":6.5},"geometry":{"type":"Polygon","coordinates":[[[139.648977,35.705954],[139.648899,35.705983],[139.648866,35.705923],[139.648951,35.705891],[139.648969,35.705924],[139.648961,35.705927],[139.648977,35.705954]]]}},{"type":"Feature","id":"bldg_64c3a414-47db-45b7-a5ba-cf552fd9c364","properties":{"gml_id":"bldg_64c3a414-47db-45b7-a5ba-cf552fd9c364","mesh":"53394541","measuredHeight":33.3},"geometry":{"type":"Polygon","coordinates":[[[139.647981,35.704014],[139.647962,35.704003],[139.647837,35.704041],[139.64783,35.704025],[139.64784,35.704023],[139.647816,35.70397],[139.647822,35.703968],[139.647801,35.703922],[139.647806,35.703913],[139.648107,35.703822],[139.648152,35.703922],[139.64814,35.703926],[139.648144,35.703935],[139.648029,35.703969],[139.648032,35.703973],[139.648038,35.703991],[139.648029,35.703999],[139.648025,35.703999],[139.648026,35.704],[139.648013,35.704004],[139.648017,35.704014],[139.647992,35.704021],[139.647987,35.704012],[139.647981,35.704014]]]}},{"type":"Feature","id":"bldg_a2747d73-f935-4d32-b647-7099a1cf32b9","properties":{"gml_id":"bldg_a2747d73-f935-4d32-b647-7099a1cf32b9","mesh":"53394541","measuredHeight":7.6},"geometry":{"type":"Polygon","coordinates":[[[139.648384,35.705441],[139.648411,35.705489],[139.648364,35.705507],[139.648353,35.705487],[139.648338,35.705493],[139.648329,35.705478],[139.648325,35.705479],[139.648313,35.705459],[139.64837,35.705437],[139.648384,35.705441]]]}},{"type":"Feature","id":"bldg_c42c3da3-eeec-42ac-99bf-2b20f3811c28","properties":{"gml_id":"bldg_c42c3da3-eeec-42ac-99bf-2b20f3811c28","mesh":"53394541","measuredHeight":9.2},"geometry":{"type":"Polygon","coordinates":[[[139.646512,35.70645],[139.646629,35.706399],[139.646669,35.706458],[139.646552,35.70651],[139.646512,35.70645]]]}},{"type":"Feature","id":"bldg_91fe950b-841e-43b8-9f37-cd33ff050529","properties":{"gml_id":"bldg_91fe950b-841e-43b8-9f37-cd33ff050529","mesh":"53394541","measuredHeight":8.5},"geometry":{"type":"Polygon","coordinates":[[[139.647596,35.702919],[139.64752,35.702932],[139.647511,35.7029],[139.647504,35.702901],[139.647477,35.7028],[139.64756,35.702785],[139.647596,35.702919]]]}},{"type":"Feature","id":"bldg_2524ec13-762e-42cd-8b7a-f83faa6c9cc7","properties":{"gml_id":"bldg_2524ec13-762e-42cd-8b7a-f83faa6c9cc7","mesh":"53394541","measuredHeight":10.5},"geometry":{"type":"Polygon","coordinates":[[[139.647135,35.70316],[139.647055,35.702889],[139.647174,35.702866],[139.647254,35.703136],[139.647135,35.70316]]]}},{"type":"Feature","id":"bldg_21bea5a6-6bb9-4923-99ee-ce3f7a734b07","properties":{"gml_id":"bldg_21bea5a6-6bb9-4923-99ee-ce3f7a734b07","mesh":"53394541","measuredHeight":11.3},"geometry":{"type":"Polygon","coordinates":[[[139.64918,35.703315],[139.649155,35.703235],[139.649204,35.703225],[139.649228,35.703306],[139.64918,35.703315]]]}},{"type":"Feature","id":"bldg_7b887fa2-5027-4508-856e-25f6b072c08a","properties":{"gml_id":"bldg_7b887fa2-5027-4508-856e-25f6b072c08a","mesh":"53394541","measuredHeight":7.5},"geometry":{"type":"Polygon","coordinates":[[[139.649186,35.704859],[139.649178,35.704835],[139.649359,35.704797],[139.649382,35.704872],[139.649317,35.704886],[139.649301,35.704835],[139.649186,35.704859]]]}},{"type":"Feature","id":"bldg_1dc6ff28-c321-4f80-9bcf-b2bbac583cf1","properties":{"gml_id":"bldg_1dc6ff28-c321-4f80-9bcf-b2bbac583cf1","mesh":"53394541","measuredHeight":8.2},"geometry":{"type":"Polygon","coordinates":[[[139.648213,35.703287],[139.648193,35.703215],[139.648299,35.703196],[139.648318,35.703268],[139.648213,35.703287]]]}},{"type":"Feature","id":"bldg_4841450c-8b22-4bb5-a158-032c12b67431","properties":{"gml_id":"bldg_4841450c-8b22-4bb5-a158-032c12b67431","mesh":"53394541","measuredHeight":35.3},"geometry":{"type":"Polygon","coordinates":[[[139.649869,35.706217],[139.649856,35.706055],[139.650006,35.706047],[139.650019,35.70621],[139.649869,35.706217]]]}},{"type":"Feature","id":"bldg_5cff6385-80a8-4323-a206-56992a0e971f","properties":{"gml_id":"bldg_5cff6385-80a8-4323-a206-56992a0e971f","mesh":"53394541","measuredHeight":16.8},"geometry":{"type":"Polygon","coordinates":[[[139.650617,35.705257],[139.650819,35.705278],[139.650814,35.705332],[139.650442,35.705328],[139.650439,35.705328],[139.650355,35.705326],[139.650354,35.705335],[139.650349,35.705335],[139.649163,35.705278],[139.649164,35.705268],[139.648761,35.705251],[139.6486,35.70524],[139.648603,35.705181],[139.649166,35.705184],[139.649166,35.705175],[139.649189,35.705174],[139.649466,35.705178],[139.649767,35.705191],[139.650321,35.705227],[139.650362,35.705231],[139.650362,35.705241],[139.650617,35.705257]]]}},{"type":"Feature","id":"bldg_56cd0d8e-9869-4558-a966-112908d4e890","properties":{"gml_id":"bldg_56cd0d8e-9869-4558-a966-112908d4e890","mesh":"53394541","measuredHeight":11.5},"geometry":{"type":"Polygon","coordinates":[[[139.647968,35.704067],[139.647962,35.70405],[139.648004,35.70404],[139.648033,35.704118],[139.647881,35.704155],[139.647854,35.704143],[139.647837,35.704099],[139.647968,35.704067]]]}},{"type":"Feature","id":"bldg_bb9c4276-76b4-4bb8-9119-18af228d9ea0","properties":{"gml_id":"bldg_bb9c4276-76b4-4bb8-9119-18af228d9ea0","mesh":"53394541","measuredHeight":8.8},"geometry":{"type":"Polygon","coordinates":[[[139.648438,35.703272],[139.648478,35.703264],[139.648476,35.703257],[139.64851,35.70325],[139.648522,35.703303],[139.648346,35.703338],[139.648327,35.703274],[139.648379,35.703264],[139.648376,35.703256],[139.64843,35.703245],[139.648438,35.703272]]]}},{"type":"Feature","id":"bldg_8b983a91-4610-4779-a02f-99e6fe35e115","properties":{"gml_id":"bldg_8b983a91-4610-4779-a02f-99e6fe35e115","mesh":"53394541","measuredHeight":8.7},"geometry":{"type":"Polygon","coordinates":[[[139.648445,35.703163],[139.648474,35.703224],[139.64834,35.703265],[139.648312,35.703205],[139.648445,35.703163]]]}},{"type":"Feature","id":"bldg_a355e051-b563-482d-b716-360699afc036","properties":{"gml_id":"bldg_a355e051-b563-482d-b716-360699afc036","mesh":"53394541","measuredHeight":7.5},"geometry":{"type":"Polygon","coordinates":[[[139.647139,35.706263],[139.647109,35.70619],[139.647112,35.706189],[139.647109,35.706181],[139.647168,35.706165],[139.647171,35.70617],[139.647208,35.70616],[139.647239,35.706235],[139.647139,35.706263]]]}},{"type":"Feature","id":"bldg_1c7da5b3-fddf-47c3-aacb-8775d957f4b8","properties":{"gml_id":"bldg_1c7da5b3-fddf-47c3-aacb-8775d957f4b8","mesh":"53394541","measuredHeight":6.8},"geometry":{"type":"Polygon","coordinates":[[[139.647527,35.705916],[139.6476,35.705891],[139.64764,35.70597],[139.647567,35.705994],[139.647527,35.705916]]]}},{"type":"Feature","id":"bldg_32f666f8-7fc6-4265-a384-aff567a6fdc9","properties":{"gml_id":"bldg_32f666f8-7fc6-4265-a384-aff567a6fdc9","mesh":"53394541","measuredHeight":7.2},"geometry":{"type":"Polygon","coordinates":[[[139.647123,35.703377],[139.647161,35.70337],[139.647183,35.70345],[139.647145,35.703457],[139.647123,35.703377]]]}},{"type":"Feature","id":"bldg_a7c52caf-e59c-4514-815c-54796f117a69","properties":{"gml_id":"bldg_a7c52caf-e59c-4514-815c-54796f117a69","mesh":"53394541","measuredHeight":5.2},"geometry":{"type":"Polygon","coordinates":[[[139.648361,35.705514],[139.648384,35.705557],[139.648348,35.70557],[139.648324,35.705527],[139.648361,35.705514]]]}},{"type":"Feature","id":"bldg_afd38957-cad9-4386-a156-9994c957888c","properties":{"gml_id":"bldg_afd38957-cad9-4386-a156-9994c957888c","mesh":"53394541","measuredHeight":12.4},"geometry":{"type":"Polygon","coordinates":[[[139.647107,35.704341],[139.647068,35.704222],[139.64717,35.7042],[139.647209,35.704319],[139.647107,35.704341]]]}},{"type":"Feature","id":"bldg_b21fa6f1-a778-4b7e-88d2-82b54492621b","properties":{"gml_id":"bldg_b21fa6f1-a778-4b7e-88d2-82b54492621b","mesh":"53394541","measuredHeight":5.2},"geometry":{"type":"Polygon","coordinates":[[[139.647449,35.703788],[139.647443,35.703769],[139.647476,35.703761],[139.647482,35.703781],[139.647449,35.703788]]]}},{"type":"Feature","id":"bldg_f8e85f47-9b92-437f-a60e-aa79839050c1","properties":{"gml_id":"bldg_f8e85f47-9b92-437f-a60e-aa79839050c1","mesh":"53394541","measuredHeight":8.5},"geometry":{"type":"Polygon","coordinates":[[[139.648664,35.705659],[139.648603,35.70554],[139.64864,35.705527],[139.6487,35.705647],[139.648664,35.705659]]]}},{"type":"Feature","id":"bldg_5d4e928b-976d-4ad0-951a-92a3b2bf559e","properties":{"gml_id":"bldg_5d4e928b-976d-4ad0-951a-92a3b2bf559e","mesh":"53394541","measuredHeight":8.9},"geometry":{"type":"Polygon","coordinates":[[[139.648326,35.705021],[139.648344,35.705098],[139.648247,35.705113],[139.648229,35.705036],[139.648326,35.705021]]]}},{"type":"Feature","id":"bldg_4195e7cf-dc47-4d45-bba5-375caf8fc1f6","properties":{"gml_id":"bldg_4195e7cf-dc47-4d45-bba5-375caf8fc1f6","mesh":"53394541","measuredHeight":9.6},"geometry":{"type":"Polygon","coordinates":[[[139.647727,35.702638],[139.647747,35.702631],[139.647739,35.702615],[139.647771,35.702604],[139.647775,35.702612],[139.647789,35.702608],[139.647829,35.702685],[139.647794,35.702698],[139.64779,35.702691],[139.64776,35.702701],[139.647727,35.702638]]]}},{"type":"Feature","id":"bldg_87ffecc6-3806-4b20-a030-23a89ab7bb75","properties":{"gml_id":"bldg_87ffecc6-3806-4b20-a030-23a89ab7bb75","mesh":"53394541","measuredHeight":7.1},"geometry":{"type":"Polygon","coordinates":[[[139.64707,35.705732],[139.647097,35.705801],[139.647021,35.705822],[139.646993,35.705753],[139.64707,35.705732]]]}},{"type":"Feature","id":"bldg_6a5f36eb-dff9-40d6-82c3-eb1aa1bea315","properties":{"gml_id":"bldg_6a5f36eb-dff9-40d6-82c3-eb1aa1bea315","mesh":"53394541","measuredHeight":7.1},"geometry":{"type":"Polygon","coordinates":[[[139.647651,35.705132],[139.647645,35.705112],[139.64774,35.705092],[139.647753,35.705134],[139.647651,35.705132]]]}},{"type":"Feature","id":"bldg_a8117892-4712-4771-adce-56896e7feb3c","properties":{"gml_id":"bldg_a8117892-4712-4771-adce-56896e7feb3c","mesh":"53394541","measuredHeight":6.6},"geometry":{"type":"Polygon","coordinates":[[[139.646583,35.703564],[139.646575,35.70354],[139.646585,35.703538],[139.64659,35.703537],[139.646597,35.703561],[139.646583,35.703564]]]}},{"type":"Feature","id":"bldg_0c208ffa-7fb9-47ba-84c7-3bc7e1e507bf","properties":{"gml_id":"bldg_0c208ffa-7fb9-47ba-84c7-3bc7e1e507bf","mesh":"53394541","measuredHeight":6.1},"geometry":{"type":"Polygon","coordinates":[[[139.648814,35.704448],[139.648803,35.704415],[139.64896,35.704379],[139.648971,35.704412],[139.648814,35.704448]]]}},{"type":"Feature","id":"bldg_f2dc0ecb-5e0f-4d00-9e77-95ce2ef8b9b9","properties":{"gml_id":"bldg_f2dc0ecb-5e0f-4d00-9e77-95ce2ef8b9b9","mesh":"53394541","measuredHeight":8.1},"geometry":{"type":"Polygon","coordinates":[[[139.647319,35.705442],[139.64721,35.705463],[139.647187,35.705385],[139.647297,35.705364],[139.647319,35.705442]]]}},{"type":"Feature","id":"bldg_145cac1d-e32a-4c2f-a69e-1c406d1de79a","properties":{"gml_id":"bldg_145cac1d-e32a-4c2f-a69e-1c406d1de79a","mesh":"53394541","measuredHeight":15.0},"geometry":{"type":"Polygon","coordinates":[[[139.649765,35.704672],[139.649758,35.704602],[139.649854,35.704596],[139.649861,35.704666],[139.649765,35.704672]]]}},{"type":"Feature","id":"bldg_d20052e2-c680-4992-ad0d-23fd49c7c83f","properties":{"gml_id":"bldg_d20052e2-c680-4992-ad0d-23fd49c7c83f","mesh":"53394541","measuredHeight":8.5},"geometry":{"type":"Polygon","coordinates":[[[139.64677,35.702943],[139.64681,35.702937],[139.646809,35.702931],[139.646858,35.702922],[139.64687,35.702971],[139.646878,35.70297],[139.646887,35.703005],[139.64679,35.703022],[139.64677,35.702943]]]}},{"type":"Feature","id":"bldg_3d586026-7834-4222-ad7e-c03f01324343","properties":{"gml_id":"bldg_3d586026-7834-4222-ad7e-c03f01324343","mesh":"53394541","measuredHeight":7.4},"geometry":{"type":"Polygon","coordinates":[[[139.648492,35.705087],[139.64838,35.705109],[139.648367,35.705064],[139.648479,35.705042],[139.648492,35.705087]]]}},{"type":"Feature","id":"bldg_3220b51e-83c7-4e8d-aae0-fbafff14b153","properties":{"gml_id":"bldg_3220b51e-83c7-4e8d-aae0-fbafff14b153","mesh":"53394541","measuredHeight":8.2},"geometry":{"type":"Polygon","coordinates":[[[139.646573,35.706308],[139.646557,35.706323],[139.646459,35.706361],[139.646451,35.706359],[139.646418,35.706304],[139.646542,35.706255],[139.646573,35.706308]]]}},{"type":"Feature","id":"bldg_50c00101-1d41-407b-9cd9-e1feceba43aa","properties":{"gml_id":"bldg_50c00101-1d41-407b-9cd9-e1feceba43aa","mesh":"53394541","measuredHeight":9.1},"geometry":{"type":"Polygon","coordinates":[[[139.647529,35.704116],[139.647537,35.704144],[139.647374,35.704176],[139.647366,35.704148],[139.647529,35.704116]]]}},{"type":"Feature","id":"bldg_a28f4876-696d-48ef-9d81-c96719aa2ba1","properties":{"gml_id":"bldg_a28f4876-696d-48ef-9d81-c96719aa2ba1","mesh":"53394541","measuredHeight":7.3},"geometry":{"type":"Polygon","coordinates":[[[139.647132,35.70568],[139.647136,35.705687],[139.647065,35.705707],[139.647041,35.705649],[139.647098,35.705633],[139.647101,35.705639],[139.647137,35.705629],[139.647155,35.705673],[139.647132,35.70568]]]}},{"type":"Feature","id":"bldg_16cc2073-7467-40a3-8180-b6816dafdae2","properties":{"gml_id":"bldg_16cc2073-7467-40a3-8180-b6816dafdae2","mesh":"53394541","measuredHeight":4.0},"geometry":{"type":"Polygon","coordinates":[[[139.647242,35.70361],[139.647276,35.703603],[139.647299,35.703688],[139.647312,35.703685],[139.647323,35.703724],[139.647275,35.703733],[139.647242,35.70361]]]}},{"type":"Feature","id":"bldg_612af654-90fe-4478-9e06-47c002127a67","properties":{"gml_id":"bldg_612af654-90fe-4478-9e06-47c002127a67","mesh":"53394541","measuredHeight":6.6},"geometry":{"type":"Polygon","coordinates":[[[139.648869,35.706038],[139.648859,35.706021],[139.648954,35.705984],[139.648975,35.706022],[139.648904,35.706049],[139.648898,35.706043],[139.648886,35.706049],[139.648869,35.706038]]]}},{"type":"Feature","id":"bldg_aed07c97-0f0a-4168-8914-911344927d8e","properties":{"gml_id":"bldg_aed07c97-0f0a-4168-8914-911344927d8e","mesh":"53394541","measuredHeight":5.1},"geometry":{"type":"Polygon","coordinates":[[[139.647102,35.705355],[139.647102,35.705371],[139.647101,35.705371],[139.647063,35.70537],[139.647064,35.705337],[139.647103,35.705339],[139.647103,35.70534],[139.647102,35.705355]]]}},{"type":"Feature","id":"bldg_74453e91-f06d-4e9d-9e5d-c2070ae883f2","properties":{"gml_id":"bldg_74453e91-f06d-4e9d-9e5d-c2070ae883f2","mesh":"53394541","measuredHeight":2.7},"geometry":{"type":"Polygon","coordinates":[[[139.649012,35.706452],[139.648981,35.706465],[139.648946,35.706414],[139.648949,35.706413],[139.648942,35.706402],[139.648967,35.70639],[139.648974,35.706401],[139.648977,35.7064],[139.649012,35.706452]]]}},{"type":"Feature","id":"bldg_5e137e16-2015-4a8a-9789-a4d058a60cb4","properties":{"gml_id":"bldg_5e137e16-2015-4a8a-9789-a4d058a60cb4","mesh":"53394541","measuredHeight":18.6},"geometry":{"type":"Polygon","coordinates":[[[139.648752,35.703785],[139.648606,35.70382],[139.648582,35.703755],[139.648618,35.703746],[139.648621,35.703755],[139.648629,35.703775],[139.648684,35.703762],[139.648739,35.703749],[139.648752,35.703785]]]}},{"type":"Feature","id":"bldg_7ca61910-cbef-48ac-8b57-1b8994b4dffc","properties":{"gml_id":"bldg_7ca61910-cbef-48ac-8b57-1b8994b4dffc","mesh":"53394541","measuredHeight":14.5},"geometry":{"type":"Polygon","coordinates":[[[139.649522,35.70665],[139.649517,35.706641],[139.649512,35.706633],[139.64947,35.706651],[139.649435,35.706607],[139.649495,35.706585],[139.649516,35.706583],[139.649538,35.706622],[139.649534,35.706624],[139.649539,35.706634],[139.649544,35.706642],[139.649522,35.70665]]]}},{"type":"Feature","id":"bldg_9d4f2203-5c7e-480a-b3cf-fe4c7c386743","properties":{"gml_id":"bldg_9d4f2203-5c7e-480a-b3cf-fe4c7c386743","mesh":"53394541","measuredHeight":12.2},"geometry":{"type":"Polygon","coordinates":[[[139.648123,35.704097],[139.648092,35.704022],[139.648192,35.703995],[139.648222,35.704069],[139.648123,35.704097]]]}},{"type":"Feature","id":"bldg_2b18be5d-0149-4b9a-a100-40de1ed4bbad","properties":{"gml_id":"bldg_2b18be5d-0149-4b9a-a100-40de1ed4bbad","mesh":"53394541","measuredHeight":7.2},"geometry":{"type":"Polygon","coordinates":[[[139.648033,35.703975],[139.648163,35.703942],[139.648181,35.703989],[139.648052,35.704022],[139.648033,35.703975]]]}},{"type":"Feature","id":"bldg_b82155cb-2fcb-4a2b-961c-efb5896119be","properties":{"gml_id":"bldg_b82155cb-2fcb-4a2b-961c-efb5896119be","mesh":"53394541","measuredHeight":7.8},"geometry":{"type":"Polygon","coordinates":[[[139.646892,35.703353],[139.646818,35.703366],[139.646797,35.703287],[139.646871,35.703274],[139.646892,35.703353]]]}},{"type":"Feature","id":"bldg_594d4bce-1302-48dd-b020-953482ede7bb","properties":{"gml_id":"bldg_594d4bce-1302-48dd-b020-953482ede7bb","mesh":"53394541","measuredHeight":null},"geometry":{"type":"Polygon","coordinates":[[[139.646511,35.705095],[139.646497,35.705044],[139.646569,35.705031],[139.646585,35.70509],[139.646546,35.705097],[139.646543,35.705089],[139.646511,35.705095]]]}},{"type":"Feature","id":"bldg_88acff36-4b44-4da6-87ec-e07d13abb859","properties":{"gml_id":"bldg_88acff36-4b44-4da6-87ec-e07d13abb859","mesh":"53394541","measuredHeight":14.0},"geometry":{"type":"Polygon","coordinates":[[[139.649394,35.703482],[139.649426,35.703576],[139.649369,35.703589],[139.649337,35.703495],[139.649394,35.703482]]]}},{"type":"Feature","id":"bldg_4e8436a5-feaa-4d30-ab50-52758e4efb92","properties":{"gml_id":"bldg_4e8436a5-feaa-4d30-ab50-52758e4efb92","mesh":"53394541","measuredHeight":9.6},"geometry":{"type":"Polygon","coordinates":[[[139.648506,35.705122],[139.648479,35.705041],[139.648589,35.705017],[139.648615,35.705098],[139.648612,35.705103],[139.648605,35.705105],[139.648593,35.705108],[139.648594,35.705111],[139.648546,35.705121],[139.648543,35.705114],[139.648506,35.705122]]]}},{"type":"Feature","id":"bldg_e6bc4f2a-7173-46af-b331-78026be7b89b","properties":{"gml_id":"bldg_e6bc4f2a-7173-46af-b331-78026be7b89b","mesh":"53394541","measuredHeight":9.3},"geometry":{"type":"Polygon","coordinates":[[[139.648363,35.702794],[139.648398,35.70283],[139.648344,35.702865],[139.648309,35.702828],[139.648363,35.702794]]]}},{"type":"Feature","id":"bldg_cdd679ff-013d-4930-92d6-247ca7036859","properties":{"gml_id":"bldg_cdd679ff-013d-4930-92d6-247ca7036859","mesh":"53394541","measuredHeight":7.6},"geometry":{"type":"Polygon","coordinates":[[[139.646659,35.705039],[139.646708,35.705033],[139.646723,35.705096],[139.646677,35.705095],[139.646659,35.705039]]]}},{"type":"Feature","id":"bldg_e79dc3ae-2a27-46ec-9391-795c8a7d4983","properties":{"gml_id":"bldg_e79dc3ae-2a27-46ec-9391-795c8a7d4983","mesh":"53394541","measuredHeight":22.3},"geometry":{"type":"Polygon","coordinates":[[[139.646721,35.705427],[139.64672,35.705453],[139.646642,35.705452],[139.646643,35.705428],[139.646557,35.705426],[139.64656,35.705305],[139.647055,35.705314],[139.647054,35.70538],[139.647079,35.70538],[139.647077,35.705457],[139.646997,35.705456],[139.646997,35.705482],[139.646867,35.70548],[139.646866,35.705516],[139.646799,35.705515],[139.646799,35.70549],[139.646726,35.705488],[139.646727,35.705435],[139.646733,35.705436],[139.646733,35.705427],[139.646721,35.705427]]]}},{"type":"Feature","id":"bldg_a6d99370-a501-4e72-96df-28fe06eee505","properties":{"gml_id":"bldg_a6d99370-a501-4e72-96df-28fe06eee505","mesh":"53394541","measuredHeight":8.8},"geometry":{"type":"Polygon","coordinates":[[[139.647665,35.703021],[139.647654,35.702979],[139.647628,35.702984],[139.647624,35.702971],[139.647703,35.702956],[139.647718,35.703011],[139.647665,35.703021]]]}},{"type":"Feature","id":"bldg_f84d2e77-aba5-4610-87f3-3974a9f07fc8","properties":{"gml_id":"bldg_f84d2e77-aba5-4610-87f3-3974a9f07fc8","mesh":"53394541","measuredHeight":9.8},"geometry":{"type":"Polygon","coordinates":[[[139.647678,35.706347],[139.647693,35.706368],[139.647587,35.706415],[139.647582,35.706407],[139.64758,35.706411],[139.647569,35.706417],[139.647561,35.706417],[139.647552,35.706414],[139.647533,35.706386],[139.647508,35.706397],[139.647448,35.706307],[139.647605,35.706237],[139.647663,35.706323],[139.647636,35.706336],[139.647652,35.706359],[139.647678,35.706347]]]}},{"type":"Feature","id":"bldg_8fecd2d8-fae0-4d6a-a0b7-c7e9af3b4f0d","properties":{"gml_id":"bldg_8fecd2d8-fae0-4d6a-a0b7-c7e9af3b4f0d","mesh":"53394541","measuredHeight":7.5},"geometry":{"type":"Polygon","coordinates":[[[139.647473,35.702952],[139.647422,35.702961],[139.647404,35.702898],[139.647454,35.702888],[139.647473,35.702952]]]}},{"type":"Feature","id":"bldg_58928cd6-82da-430c-9fcb-5df78bb89df8","properties":{"gml_id":"bldg_58928cd6-82da-430c-9fcb-5df78bb89df8","mesh":"53394541","measuredHeight":9.3},"geometry":{"type":"Polygon","coordinates":[[[139.648385,35.703739],[139.648406,35.703789],[139.648245,35.703833],[139.648225,35.703783],[139.648385,35.703739]]]}},{"type":"Feature","id":"bldg_d30a0d1a-9de2-4e13-b71d-90827120e353","properties":{"gml_id":"bldg_d30a0d1a-9de2-4e13-b71d-90827120e353","mesh":"53394541","measuredHeight":8.9},"geometry":{"type":"Polygon","coordinates":[[[139.648635,35.705845],[139.648578,35.70588],[139.648552,35.705851],[139.648609,35.705817],[139.648635,35.705845]]]}},{"type":"Feature","id":"bldg_e20642c0-163f-443e-9c91-686202a41ea4","properties":{"gml_id":"bldg_e20642c0-163f-443e-9c91-686202a41ea4","mesh":"53394541","measuredHeight":8.9},"geometry":{"type":"Polygon","coordinates":[[[139.647024,35.705524],[139.647058,35.705605],[139.646967,35.705631],[139.646933,35.705549],[139.647024,35.705524]]]}},{"type":"Feature","id":"bldg_3e2bace7-378c-4b6b-9558-0075bc922d33","properties":{"gml_id":"bldg_3e2bace7-378c-4b6b-9558-0075bc922d33","mesh":"53394541","measuredHeight":7.4},"geometry":{"type":"Polygon","coordinates":[[[139.647503,35.703055],[139.647513,35.703091],[139.647445,35.703103],[139.647435,35.703067],[139.647503,35.703055]]]}},{"type":"Feature","id":"bldg_6f9542af-1b3b-4690-9e94-5f4994b4fba6","properties":{"gml_id":"bldg_6f9542af-1b3b-4690-9e94-5f4994b4fba6","mesh":"53394541","measuredHeight":10.0},"geometry":{"type":"Polygon","coordinates":[[[139.646602,35.706099],[139.646573,35.706109],[139.646578,35.706118],[139.646528,35.706135],[139.646492,35.706065],[139.646478,35.70607],[139.646473,35.706062],[139.64647,35.706063],[139.646458,35.706039],[139.646553,35.706006],[139.646602,35.706099]]]}},{"type":"Feature","id":"bldg_78d44345-f739-4478-bfb9-d24ec6c82f48","properties":{"gml_id":"bldg_78d44345-f739-4478-bfb9-d24ec6c82f48","mesh":"53394541","measuredHeight":6.5},"geometry":{"type":"Polygon","coordinates":[[[139.646812,35.70564],[139.646795,35.705592],[139.646851,35.705578],[139.646847,35.705567],[139.646898,35.705554],[139.64692,35.705615],[139.646812,35.70564]]]}},{"type":"Feature","id":"bldg_b6ad4040-0acf-4e10-af36-35536637d9b6","properties":{"gml_id":"bldg_b6ad4040-0acf-4e10-af36-35536637d9b6","mesh":"53394541","measuredHeight":14.5},"geometry":{"type":"Polygon","coordinates":[[[139.648813,35.706485],[139.648889,35.706598],[139.648821,35.706629],[139.648753,35.706512],[139.648813,35.706485]]]}},{"type":"Feature","id":"bldg_107becb6-f199-4432-8792-f86ea3ac785c","properties":{"gml_id":"bldg_107becb6-f199-4432-8792-f86ea3ac785c","mesh":"53394541","measuredHeight":26.4},"geometry":{"type":"Polygon","coordinates":[[[139.647425,35.706316],[139.64751,35.706436],[139.64748,35.70645],[139.647493,35.706468],[139.647334,35.706543],[139.647236,35.706404],[139.647238,35.706403],[139.647237,35.706401],[139.647421,35.706314],[139.647423,35.706317],[139.647425,35.706316]]]}},{"type":"Feature","id":"bldg_d50663e8-c6d4-4a6e-9427-8d8c2087752a","properties":{"gml_id":"bldg_d50663e8-c6d4-4a6e-9427-8d8c2087752a","mesh":"53394541","measuredHeight":7.2},"geometry":{"type":"Polygon","coordinates":[[[139.648411,35.705601],[139.648362,35.70551],[139.648415,35.705491],[139.648464,35.705582],[139.648411,35.705601]]]}},{"type":"Feature","id":"bldg_92262926-5d67-4171-99d8-30d194992075","properties":{"gml_id":"bldg_92262926-5d67-4171-99d8-30d194992075","mesh":"53394541","measuredHeight":30.9},"geometry":{"type":"Polygon","coordinates":[[[139.649401,35.704788],[139.649374,35.704708],[139.649559,35.704667],[139.649553,35.704754],[139.649401,35.704788]]]}},{"type":"Feature","id":"bldg_3e5b296c-a1b1-4377-bcf3-13c3c69bb7cc","properties":{"gml_id":"bldg_3e5b296c-a1b1-4377-bcf3-13c3c69bb7cc","mesh":"53394541","measuredHeight":11.0},"geometry":{"type":"Polygon","coordinates":[[[139.648918,35.705848],[139.648942,35.705887],[139.648809,35.705944],[139.648802,35.705934],[139.648784,35.705942],[139.648766,35.705914],[139.648918,35.705848]]]}},{"type":"Feature","id":"bldg_69d1a4ca-785e-4b1f-ad19-49031a6449a3","properties":{"gml_id":"bldg_69d1a4ca-785e-4b1f-ad19-49031a6449a3","mesh":"53394541","measuredHeight":9.6},"geometry":{"type":"Polygon","coordinates":[[[139.646946,35.705676],[139.646975,35.70574],[139.646874,35.70577],[139.646846,35.705706],[139.646946,35.705676]]]}},{"type":"Feature","id":"bldg_6b80f5ef-6e02-44a0-b951-01bf5d0d3ef8","properties":{"gml_id":"bldg_6b80f5ef-6e02-44a0-b951-01bf5d0d3ef8","mesh":"53394541","measuredHeight":14.2},"geometry":{"type":"Polygon","coordinates":[[[139.649271,35.704582],[139.649112,35.704617],[139.649084,35.704532],[139.649097,35.704514],[139.649207,35.70449],[139.649208,35.704493],[139.649221,35.70449],[139.649243,35.704499],[139.649271,35.704582]]]}},{"type":"Feature","id":"bldg_2a8b7030-17fb-4d5d-858f-8905d295468b","properties":{"gml_id":"bldg_2a8b7030-17fb-4d5d-858f-8905d295468b","mesh":"53394541","measuredHeight":7.2},"geometry":{"type":"Polygon","coordinates":[[[139.647,35.705738],[139.646971,35.70566],[139.647035,35.705644],[139.647063,35.705722],[139.647,35.705738]]]}},{"type":"Feature","id":"bldg_ddee188d-3e64-4a16-abbc-2ecee052513e","properties":{"gml_id":"bldg_ddee188d-3e64-4a16-abbc-2ecee052513e","mesh":"53394541","measuredHeight":11.0},"geometry":{"type":"Polygon","coordinates":[[[139.648299,35.703478],[139.648279,35.703417],[139.648333,35.703406],[139.64835,35.703458],[139.648299,35.703478]]]}},{"type":"Feature","id":"bldg_9b3f5296-3311-4601-a9ca-ab51ab6abe5d","properties":{"gml_id":"bldg_9b3f5296-3311-4601-a9ca-ab51ab6abe5d","mesh":"53394541","measuredHeight":20.7},"geometry":{"type":"Polygon","coordinates":[[[139.649144,35.703091],[139.649112,35.702987],[139.64919,35.702971],[139.64922,35.703069],[139.649214,35.703077],[139.649215,35.70308],[139.649168,35.703089],[139.649168,35.703091],[139.649154,35.703094],[139.649151,35.70309],[139.649144,35.703091]]]}},{"type":"Feature","id":"bldg_c29f3754-a266-48d4-91af-931c2b58e847","properties":{"gml_id":"bldg_c29f3754-a266-48d4-91af-931c2b58e847","mesh":"53394541","measuredHeight":9.4},"geometry":{"type":"Polygon","coordinates":[[[139.647015,35.703124],[139.647001,35.703078],[139.647091,35.703059],[139.647105,35.703106],[139.647015,35.703124]]]}},{"type":"Feature","id":"bldg_62d01cce-a602-42c7-afe5-ae664d1aac08","properties":{"gml_id":"bldg_62d01cce-a602-42c7-afe5-ae664d1aac08","mesh":"53394541","measuredHeight":6.9},"geometry":{"type":"Polygon","coordinates":[[[139.646579,35.705453],[139.646598,35.705502],[139.646534,35.705519],[139.646515,35.70547],[139.646579,35.705453]]]}},{"type":"Feature","id":"bldg_899efa4e-5989-4033-a42b-2c6921530035","properties":{"gml_id":"bldg_899efa4e-5989-4033-a42b-2c6921530035","mesh":"53394541","measuredHeight":32.5},"geometry":{"type":"Polygon","coordinates":[[[139.64988,35.703295],[139.649887,35.703318],[139.649793,35.703338],[139.649737,35.703164],[139.649787,35.703153],[139.649778,35.703125],[139.649793,35.703111],[139.649834,35.703102],[139.649895,35.703292],[139.64988,35.703295]]]}},{"type":"Feature","id":"bldg_706c0373-d58c-425d-b4b7-f7aaf1b4be6b","properties":{"gml_id":"bldg_706c0373-d58c-425d-b4b7-f7aaf1b4be6b","mesh":"53394541","measuredHeight":9.2},"geometry":{"type":"Polygon","coordinates":[[[139.647753,35.706283],[139.647733,35.706291],[139.647742,35.706307],[139.647761,35.7063],[139.647777,35.706326],[139.647695,35.706362],[139.647655,35.706284],[139.647767,35.706234],[139.647775,35.706247],[139.647738,35.706262],[139.647745,35.706272],[139.647753,35.706283]]]}},{"type":"Feature","id":"bldg_1075ff05-1368-425a-bbad-d93a05b3b372","properties":{"gml_id":"bldg_1075ff05-1368-425a-bbad-d93a05b3b372","mesh":"53394541","measuredHeight":8.9},"geometry":{"type":"Polygon","coordinates":[[[139.64744,35.704655],[139.647371,35.704667],[139.647372,35.704672],[139.647339,35.704678],[139.647326,35.70463],[139.647428,35.704612],[139.64744,35.704655]]]}},{"type":"Feature","id":"bldg_423408b7-9c9c-45f9-9c1d-fe2aff850f34","properties":{"gml_id":"bldg_423408b7-9c9c-45f9-9c1d-fe2aff850f34","mesh":"53394541","measuredHeight":6.9},"geometry":{"type":"Polygon","coordinates":[[[139.649255,35.70612],[139.649258,35.706125],[139.649322,35.706104],[139.649338,35.706135],[139.649333,35.706137],[139.649342,35.706154],[139.649332,35.706156],[139.64934,35.706174],[139.649288,35.706191],[139.649271,35.706157],[139.649228,35.706171],[139.64921,35.706134],[139.649255,35.70612]]]}},{"type":"Feature","id":"bldg_9c488017-5dcb-4bf0-9c07-a68f68f87504","properties":{"gml_id":"bldg_9c488017-5dcb-4bf0-9c07-a68f68f87504","mesh":"53394541","measuredHeight":8.4},"geometry":{"type":"Polygon","coordinates":[[[139.647095,35.706474],[139.647152,35.706558],[139.647112,35.706576],[139.647053,35.706489],[139.647081,35.706469],[139.647095,35.706474]]]}},{"type":"Feature","id":"bldg_8f995247-c0b2-40f2-9696-c973007baebb","properties":{"gml_id":"bldg_8f995247-c0b2-40f2-9696-c973007baebb","mesh":"53394541","measuredHeight":3.6},"geometry":{"type":"Polygon","coordinates":[[[139.647014,35.7033],[139.646989,35.703305],[139.646974,35.703248],[139.646998,35.703243],[139.647014,35.7033]]]}},{"type":"Feature","id":"bldg_367e219f-b707-4fc3-a17d-bb49fc9d6196","properties":{"gml_id":"bldg_367e219f-b707-4fc3-a17d-bb49fc9d6196","mesh":"53394541","measuredHeight":3.3},"geometry":{"type":"Polygon","coordinates":[[[139.64809,35.705513],[139.6481,35.705527],[139.648031,35.705558],[139.648022,35.705544],[139.64809,35.705513]]]}},{"type":"Feature","id":"bldg_41a87d6b-e496-418a-b85d-5e5b6b3bb8a7","properties":{"gml_id":"bldg_41a87d6b-e496-418a-b85d-5e5b6b3bb8a7","mesh":"53394541","measuredHeight":7.3},"geometry":{"type":"Polygon","coordinates":[[[139.646756,35.703481],[139.646794,35.703474],[139.64684,35.703632],[139.646802,35.703639],[139.646756,35.703481]]]}},{"type":"Feature","id":"bldg_f17d2e35-2271-49c9-acf3-f14453f424a3","properties":{"gml_id":"bldg_f17d2e35-2271-49c9-acf3-f14453f424a3","mesh":"53394541","measuredHeight":8.3},"geometry":{"type":"Polygon","coordinates":[[[139.647256,35.705926],[139.647161,35.705951],[139.647118,35.705843],[139.647156,35.705833],[139.647161,35.705846],[139.647182,35.705841],[139.647193,35.705867],[139.647221,35.705859],[139.647229,35.705857],[139.647256,35.705926]]]}},{"type":"Feature","id":"bldg_a5ec147e-197e-47cf-b3a2-86187d242c17","properties":{"gml_id":"bldg_a5ec147e-197e-47cf-b3a2-86187d242c17","mesh":"53394541","measuredHeight":8.3},"geometry":{"type":"Polygon","coordinates":[[[139.648709,35.705482],[139.648661,35.705402],[139.648687,35.705392],[139.648734,35.705472],[139.648709,35.705482]]]}},{"type":"Feature","id":"bldg_f21bc6c2-2edb-4da6-b00c-b8a085395a0d","properties":{"gml_id":"bldg_f21bc6c2-2edb-4da6-b00c-b8a085395a0d","mesh":"53394541","measuredHeight":7.9},"geometry":{"type":"Polygon","coordinates":[[[139.647955,35.703245],[139.648037,35.703229],[139.648086,35.70339],[139.648003,35.703407],[139.647955,35.703245]]]}},{"type":"Feature","id":"bldg_edf00064-f9f2-4196-9534-0b0173ee7914","properties":{"gml_id":"bldg_edf00064-f9f2-4196-9534-0b0173ee7914","mesh":"53394541","measuredHeight":11.6},"geometry":{"type":"Polygon","coordinates":[[[139.647196,35.705822],[139.647185,35.705794],[139.647182,35.705787],[139.647205,35.705781],[139.647204,35.705778],[139.647232,35.70577],[139.647257,35.705763],[139.647284,35.705756],[139.647314,35.705828],[139.647223,35.705853],[139.647221,35.70585],[139.647209,35.705853],[139.647196,35.705822]]]}},{"type":"Feature","id":"bldg_a98b8395-2bbe-4b10-ba39-d67d6e93b1d1","properties":{"gml_id":"bldg_a98b8395-2bbe-4b10-ba39-d67d6e93b1d1","mesh":"53394541","measuredHeight":3.6},"geometry":{"type":"Polygon","coordinates":[[[139.646625,35.703049],[139.646631,35.703064],[139.646609,35.703069],[139.646604,35.703054],[139.646625,35.703049]]]}},{"type":"Feature","id":"bldg_239606d2-6094-446c-ac6e-74818d558eff","properties":{"gml_id":"bldg_239606d2-6094-446c-ac6e-74818d558eff","mesh":"53394541","measuredHeight":8.1},"geometry":{"type":"Polygon","coordinates":[[[139.646675,35.704441],[139.64665,35.704368],[139.646731,35.70435],[139.646755,35.704423],[139.646675,35.704441]]]}},{"type":"Feature","id":"bldg_77ff628b-a737-45a1-9896-0750c3a265c4","properties":{"gml_id":"bldg_77ff628b-a737-45a1-9896-0750c3a265c4","mesh":"53394541","measuredHeight":2.7},"geometry":{"type":"Polygon","coordinates":[[[139.649471,35.705743],[139.649487,35.705736],[139.649537,35.70584],[139.649521,35.705849],[139.649471,35.705743]]]}},{"type":"Feature","id":"bldg_5b3755b1-e4b7-4e3b-9abd-ddfb7caefad7","properties":{"gml_id":"bldg_5b3755b1-e4b7-4e3b-9abd-ddfb7caefad7","mesh":"53394541","measuredHeight":8.5},"geometry":{"type":"Polygon","coordinates":[[[139.647734,35.705923],[139.647648,35.70578],[139.647715,35.705753],[139.647801,35.705896],[139.647734,35.705923]]]}},{"type":"Feature","id":"bldg_f1d26f10-ac52-4887-9f86-84750b0903c6","properties":{"gml_id":"bldg_f1d26f10-ac52-4887-9f86-84750b0903c6","mesh":"53394541","measuredHeight":8.1},"geometry":{"type":"Polygon","coordinates":[[[139.64708,35.706417],[139.647047,35.706428],[139.646975,35.706284],[139.647008,35.706273],[139.64708,35.706417]]]}},{"type":"Feature","id":"bldg_293e2437-761e-4d84-8a40-8f0323a1173d","properties":{"gml_id":"bldg_293e2437-761e-4d84-8a40-8f0323a1173d","mesh":"53394542","measuredHeight":10.0},"geometry":{"type":"Polygon","coordinates":[[[139.651167,35.702989],[139.651292,35.702966],[139.651312,35.70304],[139.651236,35.703054],[139.651241,35.703071],[139.651192,35.70308],[139.651167,35.702989]]]}},{"type":"Feature","id":"bldg_e3790166-7641-48a6-9e75-197f88fe29d1","properties":{"gml_id":"bldg_e3790166-7641-48a6-9e75-197f88fe29d1","mesh":"53394542","measuredHeight":11.0},"geometry":{"type":"Polygon","coordinates":[[[139.651887,35.704806],[139.651973,35.704782],[139.652013,35.704874],[139.651927,35.704899],[139.651887,35.704806]]]}},{"type":"Feature","id":"bldg_bed8f62f-f8f7-47c1-8f0e-e636fc833781","properties":{"gml_id":"bldg_bed8f62f-f8f7-47c1-8f0e-e636fc833781","mesh":"53394542","measuredHeight":26.0},"geometry":{"type":"Polygon","coordinates":[[[139.651197,35.705638],[139.651196,35.705608],[139.651407,35.705603],[139.651412,35.705724],[139.6512,35.705729],[139.651197,35.705638]]]}},{"type":"Feature","id":"bldg_fd6e8fc1-fc9d-491f-9744-dda562bcf918","properties":{"gml_id":"bldg_fd6e8fc1-fc9d-491f-9744-dda562bcf918","mesh":"53394542","measuredHeight":13.8},"geometry":{"type":"Polygon","coordinates":[[[139.650843,35.703344],[139.650762,35.703365],[139.650735,35.703295],[139.650758,35.703289],[139.650734,35.703228],[139.650802,35.70321],[139.650815,35.703243],[139.650805,35.703246],[139.650813,35.703275],[139.650816,35.703274],[139.650843,35.703344]]]}},{"type":"Feature","id":"bldg_a29f848d-7375-4025-9c19-c20d762451ed","properties":{"gml_id":"bldg_a29f848d-7375-4025-9c19-c20d762451ed","mesh":"53394542","measuredHeight":7.8},"geometry":{"type":"Polygon","coordinates":[[[139.651838,35.703316],[139.651823,35.70326],[139.651939,35.70324],[139.651954,35.703296],[139.651838,35.703316]]]}},{"type":"Feature","id":"bldg_073173e1-15e8-4137-9f7f-19b32bcb8ebf","properties":{"gml_id":"bldg_073173e1-15e8-4137-9f7f-19b32bcb8ebf","mesh":"53394542","measuredHeight":6.9},"geometry":{"type":"Polygon","coordinates":[[[139.651061,35.70482],[139.651083,35.704883],[139.651007,35.704901],[139.651002,35.704885],[139.650962,35.704894],[139.65094,35.704831],[139.650985,35.704821],[139.650991,35.704836],[139.651061,35.70482]]]}},{"type":"Feature","id":"bldg_4c645a57-adc0-4b43-b574-92899fc1bfcc","properties":{"gml_id":"bldg_4c645a57-adc0-4b43-b574-92899fc1bfcc","mesh":"53394542","measuredHeight":6.2},"geometry":{"type":"Polygon","coordinates":[[[139.651063,35.705169],[139.651106,35.705165],[139.651112,35.705213],[139.651068,35.70521],[139.651063,35.705169]]]}},{"type":"Feature","id":"bldg_e3029bf3-3a2c-4809-86fc-a977c92803f6","properties":{"gml_id":"bldg_e3029bf3-3a2c-4809-86fc-a977c92803f6","mesh":"53394542","measuredHeight":11.5},"geometry":{"type":"Polygon","coordinates":[[[139.651502,35.703489],[139.651683,35.703456],[139.651698,35.703463],[139.651722,35.703549],[139.651528,35.703585],[139.651502,35.703489]]]}},{"type":"Feature","id":"bldg_1691c8d7-2aea-4f15-9418-beae016aad22","properties":{"gml_id":"bldg_1691c8d7-2aea-4f15-9418-beae016aad22","mesh":"53394542","measuredHeight":18.1},"geometry":{"type":"Polygon","coordinates":[[[139.651323,35.706367],[139.651325,35.706454],[139.651241,35.706455],[139.651232,35.70645],[139.65122,35.70644],[139.651214,35.706429],[139.651199,35.706369],[139.651323,35.706367]]]}},{"type":"Feature","id":"bldg_a22e299d-6ddf-4dd0-848f-3ed0d3d668ba","properties":{"gml_id":"bldg_a22e299d-6ddf-4dd0-848f-3ed0d3d668ba","mesh":"53394542","measuredHeight":7.7},"geometry":{"type":"Polygon","coordinates":[[[139.651841,35.70509],[139.651813,35.705031],[139.65192,35.704998],[139.651948,35.705057],[139.651841,35.70509]]]}},{"type":"Feature","id":"bldg_068301f3-f687-4901-9373-c5bc0d201cde","properties":{"gml_id":"bldg_068301f3-f687-4901-9373-c5bc0d201cde","mesh":"53394542","measuredHeight":33.4},"geometry":{"type":"Polygon","coordinates":[[[139.650508,35.702636],[139.650505,35.702624],[139.650614,35.702604],[139.650669,35.702803],[139.650663,35.702804],[139.650666,35.702813],[139.65056,35.702832],[139.650558,35.702824],[139.650553,35.702825],[139.650502,35.702637],[139.650508,35.702636]]]}},{"type":"Feature","id":"bldg_c22b99f0-c4a2-49bf-a186-66fca37be43d","properties":{"gml_id":"bldg_c22b99f0-c4a2-49bf-a186-66fca37be43d","mesh":"53394542","measuredHeight":14.6},"geometry":{"type":"Polygon","coordinates":[[[139.652068,35.70674],[139.65196,35.706741],[139.65196,35.706716],[139.65196,35.706694],[139.65196,35.706688],[139.65196,35.706669],[139.65196,35.706664],[139.651959,35.706655],[139.651959,35.706647],[139.651941,35.706647],[139.651941,35.706594],[139.651959,35.706594],[139.651959,35.706582],[139.651959,35.706577],[139.651944,35.706577],[139.651943,35.706499],[139.652035,35.706498],[139.652035,35.706486],[139.652035,35.706481],[139.6521,35.70648],[139.652101,35.706578],[139.652037,35.706579],[139.652037,35.706577],[139.651998,35.706577],[139.651999,35.706595],[139.652066,35.706594],[139.652068,35.70674]]]}},{"type":"Feature","id":"bldg_32cfb93b-e14c-4318-a8f4-82ff1f80ef96","properties":{"gml_id":"bldg_32cfb93b-e14c-4318-a8f4-82ff1f80ef96","mesh":"53394542","measuredHeight":25.0},"geometry":{"type":"Polygon","coordinates":[[[139.650461,35.704761],[139.650459,35.704803],[139.650368,35.7048],[139.650369,35.70477],[139.650395,35.704743],[139.650449,35.70473],[139.650462,35.704736],[139.650462,35.704741],[139.650461,35.704761]]]}},{"type":"Feature","id":"bldg_a6923c9c-0d7f-4964-af70-d3a61958df29","properties":{"gml_id":"bldg_a6923c9c-0d7f-4964-af70-d3a61958df29","mesh":"53394542","measuredHeight":28.5},"geometry":{"type":"Polygon","coordinates":[[[139.650762,35.703846],[139.650734,35.703858],[139.650748,35.703881],[139.650661,35.703916],[139.650671,35.703932],[139.650635,35.703947],[139.650507,35.703732],[139.650529,35.703693],[139.650652,35.703663],[139.650762,35.703846]]]}},{"type":"Feature","id":"bldg_b6d6eb82-9092-4d82-860e-9923de0417fc","properties":{"gml_id":"bldg_b6d6eb82-9092-4d82-860e-9923de0417fc","mesh":"53394542","measuredHeight":7.1},"geometry":{"type":"Polygon","coordinates":[[[139.651074,35.706585],[139.651073,35.706561],[139.651116,35.70656],[139.651116,35.706568],[139.651142,35.706568],[139.651142,35.706611],[139.651098,35.706611],[139.651098,35.706667],[139.651071,35.706667],[139.651071,35.706679],[139.651037,35.706679],[139.651037,35.706676],[139.650994,35.706676],[139.650993,35.706617],[139.651,35.706617],[139.651,35.706593],[139.651035,35.706593],[139.651035,35.706585],[139.651074,35.706585]]]}},{"type":"Feature","id":"bldg_3a11bed8-0a0b-43f7-a678-22fa072f1cd4","properties":{"gml_id":"bldg_3a11bed8-0a0b-43f7-a678-22fa072f1cd4","mesh":"53394542","measuredHeight":7.2},"geometry":{"type":"Polygon","coordinates":[[[139.651597,35.706462],[139.651595,35.706378],[139.65166,35.706379],[139.651657,35.706463],[139.651597,35.706462]]]}},{"type":"Feature","id":"bldg_7ebe7de2-32d7-4dba-8d63-e18109eebf1a","properties":{"gml_id":"bldg_7ebe7de2-32d7-4dba-8d63-e18109eebf1a","mesh":"53394542","measuredHeight":45.1},"geometry":{"type":"Polygon","coordinates":[[[139.650651,35.703532],[139.650623,35.703538],[139.650626,35.703545],[139.65056,35.703559],[139.650569,35.703589],[139.650565,35.70359],[139.650563,35.703584],[139.650554,35.703586],[139.650555,35.703589],[139.650538,35.703588],[139.650531,35.703566],[139.650479,35.703577],[139.650476,35.70357],[139.650466,35.703572],[139.650434,35.703475],[139.650416,35.703479],[139.650405,35.703447],[139.650423,35.703443],[139.65042,35.703434],[139.650606,35.703394],[139.650607,35.703398],[139.650627,35.703394],[139.650635,35.703419],[139.650626,35.703421],[139.650646,35.703483],[139.650656,35.703481],[139.650663,35.703504],[139.650643,35.703508],[139.650651,35.703532]]]}},{"type":"Feature","id":"bldg_f6b5d727-6211-4cb7-aaa3-6852e99877c1","properties":{"gml_id":"bldg_f6b5d727-6211-4cb7-aaa3-6852e99877c1","mesh":"53394542","measuredHeight":6.6},"geometry":{"type":"Polygon","coordinates":[[[139.650301,35.703078],[139.650259,35.703086],[139.650244,35.703029],[139.650286,35.703022],[139.650301,35.703078]]]}},{"type":"Feature","id":"bldg_6c7ecf36-6ede-4723-84e5-ec0d9fdfdb4d","properties":{"gml_id":"bldg_6c7ecf36-6ede-4723-84e5-ec0d9fdfdb4d","mesh":"53394542","measuredHeight":4.0},"geometry":{"type":"Polygon","coordinates":[[[139.650695,35.70418],[139.650714,35.704209],[139.650626,35.704215],[139.650623,35.704185],[139.650695,35.70418]]]}},{"type":"Feature","id":"bldg_95f306b8-aad9-427a-b8e5-95a4cf3a0a5b","properties":{"gml_id":"bldg_95f306b8-aad9-427a-b8e5-95a4cf3a0a5b","mesh":"53394542","measuredHeight":8.5},"geometry":{"type":"Polygon","coordinates":[[[139.652166,35.702685],[139.652197,35.702701],[139.652219,35.702788],[139.651925,35.70284],[139.651895,35.702734],[139.652166,35.702685]]]}},{"type":"Feature","id":"bldg_e5458965-afaa-42e4-88ea-be7259138cc1","properties":{"gml_id":"bldg_e5458965-afaa-42e4-88ea-be7259138cc1","mesh":"53394542","measuredHeight":34.2},"geometry":{"type":"Polygon","coordinates":[[[139.649988,35.70448],[139.650222,35.704465],[139.650246,35.704708],[139.650211,35.704738],[139.650012,35.70473],[139.649988,35.70448]]]}},{"type":"Feature","id":"bldg_2c6d64f8-7226-4439-be98-6fa62d2abc58","properties":{"gml_id":"bldg_2c6d64f8-7226-4439-be98-6fa62d2abc58","mesh":"53394542","measuredHeight":15.3},"geometry":{"type":"Polygon","coordinates":[[[139.651129,35.703553],[139.651182,35.703645],[139.651184,35.703656],[139.651168,35.703663],[139.651174,35.703674],[139.651077,35.70371],[139.651068,35.703694],[139.651063,35.703696],[139.650999,35.703583],[139.651042,35.703572],[139.65104,35.703567],[139.651112,35.703547],[139.651129,35.703553]]]}},{"type":"Feature","id":"bldg_50782fb8-819f-42ed-bd1b-af6fc6e18ee2","properties":{"gml_id":"bldg_50782fb8-819f-42ed-bd1b-af6fc6e18ee2","mesh":"53394542","measuredHeight":11.9},"geometry":{"type":"Polygon","coordinates":[[[139.651187,35.706108],[139.651061,35.706111],[139.651058,35.706047],[139.651072,35.706047],[139.651071,35.706033],[139.651079,35.706033],[139.651078,35.706005],[139.651183,35.706002],[139.651187,35.706108]]]}},{"type":"Feature","id":"bldg_857778c9-ea93-4e67-ba8d-109dab90f224","properties":{"gml_id":"bldg_857778c9-ea93-4e67-ba8d-109dab90f224","mesh":"53394542","measuredHeight":30.2},"geometry":{"type":"Polygon","coordinates":[[[139.650164,35.702845],[139.65015,35.702847],[139.650112,35.702699],[139.650126,35.702696],[139.650125,35.702693],[139.650148,35.702689],[139.650178,35.702684],[139.650224,35.702677],[139.650225,35.702681],[139.650302,35.702667],[139.650353,35.702866],[139.650178,35.702896],[139.650164,35.702845]]]}},{"type":"Feature","id":"bldg_818af96f-c657-4540-a862-b8786003ba60","properties":{"gml_id":"bldg_818af96f-c657-4540-a862-b8786003ba60","mesh":"53394542","measuredHeight":9.1},"geometry":{"type":"Polygon","coordinates":[[[139.652052,35.7064],[139.652054,35.706415],[139.652045,35.706415],[139.652045,35.706424],[139.651965,35.70643],[139.651956,35.70635],[139.652079,35.706341],[139.652082,35.706363],[139.652076,35.706364],[139.652076,35.70637],[139.652075,35.70637],[139.652066,35.706371],[139.652069,35.70639],[139.652062,35.706391],[139.652063,35.706399],[139.652052,35.7064]]]}},{"type":"Feature","id":"bldg_8c41bc7c-e593-4a37-80ee-1efb1e183360","properties":{"gml_id":"bldg_8c41bc7c-e593-4a37-80ee-1efb1e183360","mesh":"53394542","measuredHeight":33.3},"geometry":{"type":"Polygon","coordinates":[[[139.650396,35.706346],[139.650396,35.706339],[139.650431,35.706337],[139.650431,35.706344],[139.650459,35.706343],[139.650459,35.706347],[139.650496,35.706473],[139.650514,35.70673],[139.650365,35.706737],[139.650363,35.706711],[139.650333,35.706712],[139.650321,35.706536],[139.650351,35.706535],[139.65035,35.706522],[139.650355,35.706522],[139.650354,35.706512],[139.650402,35.706509],[139.650401,35.70649],[139.650408,35.70649],[139.650406,35.70646],[139.650393,35.706461],[139.650388,35.706379],[139.650385,35.706346],[139.650396,35.706346]]]}},{"type":"Feature","id":"bldg_fca0fec3-a27c-4475-9a5b-34e729f1d4b4","properties":{"gml_id":"bldg_fca0fec3-a27c-4475-9a5b-34e729f1d4b4","mesh":"53394542","measuredHeight":11.6},"geometry":{"type":"Polygon","coordinates":[[[139.65158,35.705897],[139.651582,35.705985],[139.651497,35.705986],[139.651495,35.705898],[139.65158,35.705897]]]}},{"type":"Feature","id":"bldg_def6754c-c463-4aae-8f06-bb6791ba0a89","properties":{"gml_id":"bldg_def6754c-c463-4aae-8f06-bb6791ba0a89","mesh":"53394542","measuredHeight":22.0},"geometry":{"type":"Polygon","coordinates":[[[139.651461,35.706638],[139.651385,35.706637],[139.651386,35.706616],[139.651301,35.706614],[139.651304,35.706527],[139.65131,35.706527],[139.65131,35.706523],[139.651325,35.706517],[139.65134,35.706516],[139.651355,35.706522],[139.651356,35.706529],[139.651362,35.706529],[139.651362,35.706534],[139.651369,35.706534],[139.651369,35.706524],[139.651384,35.706518],[139.651399,35.706517],[139.651412,35.706522],[139.651412,35.706533],[139.651418,35.706533],[139.651418,35.706529],[139.651425,35.706529],[139.651425,35.706533],[139.651429,35.706533],[139.651429,35.706525],[139.651444,35.706519],[139.651459,35.706518],[139.651473,35.706523],[139.651472,35.706533],[139.651477,35.706533],[139.651477,35.70653],[139.651484,35.70653],[139.651482,35.706617],[139.651462,35.706617],[139.651461,35.706638]]]}},{"type":"Feature","id":"bldg_dccc77f1-36ac-4cbf-a253-c4b7c80bbf97","properties":{"gml_id":"bldg_dccc77f1-36ac-4cbf-a253-c4b7c80bbf97","mesh":"53394542","measuredHeight":10.4},"geometry":{"type":"Polygon","coordinates":[[[139.65164,35.703082],[139.651656,35.703061],[139.65187,35.703023],[139.651897,35.703037],[139.651912,35.703096],[139.651657,35.703145],[139.65164,35.703082]]]}},{"type":"Feature","id":"bldg_29b2f9d3-b046-45c2-8155-b4c973042b57","properties":{"gml_id":"bldg_29b2f9d3-b046-45c2-8155-b4c973042b57","mesh":"53394542","measuredHeight":15.2},"geometry":{"type":"Polygon","coordinates":[[[139.650704,35.70406],[139.650776,35.704031],[139.650815,35.704098],[139.650743,35.704126],[139.650704,35.70406]]]}},{"type":"Feature","id":"bldg_ded6eb46-837e-4649-b1ce-a27863b02242","properties":{"gml_id":"bldg_ded6eb46-837e-4649-b1ce-a27863b02242","mesh":"53394542","measuredHeight":12.1},"geometry":{"type":"Polygon","coordinates":[[[139.651249,35.705139],[139.651249,35.705135],[139.6513,35.705131],[139.651317,35.705214],[139.651228,35.705221],[139.651228,35.705222],[139.651177,35.705218],[139.651174,35.705156],[139.65122,35.705145],[139.651219,35.705141],[139.651249,35.705139]]]}},{"type":"Feature","id":"bldg_94c8a541-aeab-490f-ac68-99ef98d441e7","properties":{"gml_id":"bldg_94c8a541-aeab-490f-ac68-99ef98d441e7","mesh":"53394542","measuredHeight":null},"geometry":{"type":"Polygon","coordinates":[[[139.650468,35.703797],[139.650489,35.703832],[139.650473,35.703863],[139.650461,35.703868],[139.650429,35.703813],[139.650468,35.703797]]]}},{"type":"Feature","id":"bldg_de1d81d8-e7aa-471b-98bd-21810454784c","properties":{"gml_id":"bldg_de1d81d8-e7aa-471b-98bd-21810454784c","mesh":"53394542","measuredHeight":21.5},"geometry":{"type":"Polygon","coordinates":[[[139.650645,35.704518],[139.650654,35.704517],[139.65066,35.704583],[139.650591,35.7046],[139.650575,35.704436],[139.65055,35.704438],[139.650547,35.704402],[139.650642,35.704396],[139.650647,35.704455],[139.65063,35.704456],[139.650645,35.704518]]]}},{"type":"Feature","id":"bldg_15fde097-5634-492e-8770-64fa07b2c605","properties":{"gml_id":"bldg_15fde097-5634-492e-8770-64fa07b2c605","mesh":"53394542","measuredHeight":11.5},"geometry":{"type":"Polygon","coordinates":[[[139.650843,35.703319],[139.650812,35.703208],[139.650871,35.703197],[139.650909,35.703333],[139.650864,35.703341],[139.650857,35.703317],[139.650843,35.703319]]]}},{"type":"Feature","id":"bldg_9294cf3a-cce8-45e0-aa79-21ad8a1c7511","properties":{"gml_id":"bldg_9294cf3a-cce8-45e0-aa79-21ad8a1c7511","mesh":"53394542","measuredHeight":13.1},"geometry":{"type":"Polygon","coordinates":[[[139.651035,35.705175],[139.65106,35.705172],[139.651065,35.705211],[139.650978,35.705209],[139.650978,35.705183],[139.650993,35.705183],[139.650993,35.705179],[139.651035,35.705175]]]}},{"type":"Feature","id":"bldg_b335e223-7134-4e5f-991b-7b740f5f98b3","properties":{"gml_id":"bldg_b335e223-7134-4e5f-991b-7b740f5f98b3","mesh":"53394542","measuredHeight":13.7},"geometry":{"type":"Polygon","coordinates":[[[139.651566,35.705845],[139.651491,35.705845],[139.651491,35.70584],[139.651476,35.70584],[139.651475,35.705749],[139.651557,35.705748],[139.651557,35.705793],[139.651565,35.705793],[139.651566,35.705845]]]}},{"type":"Feature","id":"bldg_3c9c93e0-49b3-4282-bba8-4f156ba88d08","properties":{"gml_id":"bldg_3c9c93e0-49b3-4282-bba8-4f156ba88d08","mesh":"53394542","measuredHeight":11.9},"geometry":{"type":"Polygon","coordinates":[[[139.650727,35.703095],[139.650723,35.703079],[139.650735,35.703077],[139.650773,35.70307],[139.650786,35.703067],[139.650788,35.703075],[139.650811,35.703071],[139.65082,35.703106],[139.65083,35.703104],[139.650842,35.703146],[139.650742,35.703164],[139.650723,35.703096],[139.650727,35.703095]]]}},{"type":"Feature","id":"bldg_15e9a6ba-4367-4a59-88d9-3078c7ae91ca","properties":{"gml_id":"bldg_15e9a6ba-4367-4a59-88d9-3078c7ae91ca","mesh":"53394542","measuredHeight":11.9},"geometry":{"type":"Polygon","coordinates":[[[139.651394,35.70283],[139.651506,35.702809],[139.651529,35.702896],[139.651417,35.702916],[139.651394,35.70283]]]}},{"type":"Feature","id":"bldg_d6c22690-d5ce-450e-95ae-28a728404bb7","properties":{"gml_id":"bldg_d6c22690-d5ce-450e-95ae-28a728404bb7","mesh":"53394542","measuredHeight":16.3},"geometry":{"type":"Polygon","coordinates":[[[139.650968,35.706514],[139.65098,35.706514],[139.65098,35.706676],[139.650956,35.706676],[139.650956,35.706765],[139.650871,35.706765],[139.650872,35.706514],[139.650905,35.706514],[139.650905,35.706509],[139.650968,35.706509],[139.650968,35.706514]]]}},{"type":"Feature","id":"bldg_175ad9e5-4a63-4a4f-9ee3-fa1f19c1ebed","properties":{"gml_id":"bldg_175ad9e5-4a63-4a4f-9ee3-fa1f19c1ebed","mesh":"53394542","measuredHeight":18.9},"geometry":{"type":"Polygon","coordinates":[[[139.650824,35.706367],[139.650825,35.706264],[139.65094,35.706265],[139.65094,35.706368],[139.650824,35.706367]]]}},{"type":"Feature","id":"bldg_0859de6e-d56a-4e96-b00f-89a3ac42afb5","properties":{"gml_id":"bldg_0859de6e-d56a-4e96-b00f-89a3ac42afb5","mesh":"53394542","measuredHeight":17.5},"geometry":{"type":"Polygon","coordinates":[[[139.650298,35.704464],[139.65044,35.704454],[139.650446,35.704517],[139.650305,35.704527],[139.650298,35.704464]]]}},{"type":"Feature","id":"bldg_f7a375d2-5351-4e07-bd59-d68a6492228b","properties":{"gml_id":"bldg_f7a375d2-5351-4e07-bd59-d68a6492228b","mesh":"53394542","measuredHeight":5.5},"geometry":{"type":"Polygon","coordinates":[[[139.650785,35.703885],[139.650812,35.703931],[139.650722,35.703966],[139.650695,35.70392],[139.650785,35.703885]]]}},{"type":"Feature","id":"bldg_16190205-4eb8-44f7-8135-0db1dbb44066","properties":{"gml_id":"bldg_16190205-4eb8-44f7-8135-0db1dbb44066","mesh":"53394542","measuredHeight":9.8},"geometry":{"type":"Polygon","coordinates":[[[139.651847,35.704735],[139.651865,35.704789],[139.651847,35.704793],[139.651854,35.704813],[139.651753,35.704836],[139.651728,35.704762],[139.651847,35.704735]]]}},{"type":"Feature","id":"bldg_f1bf081d-166a-432b-af74-e5ea42329466","properties":{"gml_id":"bldg_f1bf081d-166a-432b-af74-e5ea42329466","mesh":"53394542","measuredHeight":21.3},"geometry":{"type":"Polygon","coordinates":[[[139.650715,35.703746],[139.650811,35.703704],[139.650878,35.703809],[139.650783,35.70385],[139.650715,35.703746]]]}},{"type":"Feature","id":"bldg_40c6df1f-385f-4529-8a5a-37c37b5677cc","properties":{"gml_id":"bldg_40c6df1f-385f-4529-8a5a-37c37b5677cc","mesh":"53394542","measuredHeight":19.3},"geometry":{"type":"Polygon","coordinates":[[[139.650548,35.704704],[139.65054,35.704851],[139.650462,35.704848],[139.650468,35.704726],[139.650548,35.704704]]]}},{"type":"Feature","id":"bldg_9bc2e29b-a9eb-463a-9c93-b15a5ffd383b","properties":{"gml_id":"bldg_9bc2e29b-a9eb-463a-9c93-b15a5ffd383b","mesh":"53394542","measuredHeight":17.7},"geometry":{"type":"Polygon","coordinates":[[[139.650422,35.706257],[139.650466,35.706253],[139.650488,35.706322],[139.650379,35.706332],[139.650371,35.706258],[139.650421,35.706254],[139.650422,35.706257]]]}},{"type":"Feature","id":"bldg_f8fbf8c1-d4b8-4614-a775-a135b176194b","properties":{"gml_id":"bldg_f8fbf8c1-d4b8-4614-a775-a135b176194b","mesh":"53394542","measuredHeight":9.8},"geometry":{"type":"Polygon","coordinates":[[[139.651956,35.703076],[139.651945,35.703028],[139.651962,35.703006],[139.652021,35.702995],[139.652038,35.703061],[139.651956,35.703076]]]}},{"type":"Feature","id":"bldg_be89aea5-53e7-4f0b-b293-ff87701595ee","properties":{"gml_id":"bldg_be89aea5-53e7-4f0b-b293-ff87701595ee","mesh":"53394542","measuredHeight":10.9},"geometry":{"type":"Polygon","coordinates":[[[139.651966,35.704661],[139.652067,35.704618],[139.652085,35.704647],[139.652078,35.704655],[139.652094,35.70468],[139.652085,35.704683],[139.652101,35.704708],[139.652092,35.704712],[139.652099,35.704723],[139.652025,35.704754],[139.651966,35.704661]]]}},{"type":"Feature","id":"bldg_0ac2a4b3-c683-4bc0-9630-81f44b6bbfa2","properties":{"gml_id":"bldg_0ac2a4b3-c683-4bc0-9630-81f44b6bbfa2","mesh":"53394542","measuredHeight":14.7},"geometry":{"type":"Polygon","coordinates":[[[139.651529,35.7029],[139.651563,35.702999],[139.651551,35.703012],[139.651429,35.70304],[139.651392,35.702931],[139.651529,35.7029]]]}},{"type":"Feature","id":"bldg_0b894cb7-142a-403e-9fdb-d289594b2862","properties":{"gml_id":"bldg_0b894cb7-142a-403e-9fdb-d289594b2862","mesh":"53394542","measuredHeight":21.2},"geometry":{"type":"Polygon","coordinates":[[[139.649958,35.70366],[139.650113,35.703627],[139.650129,35.703677],[139.6501,35.703712],[139.649983,35.703738],[139.649958,35.70366]]]}},{"type":"Feature","id":"bldg_bcf5893b-cee6-420e-8680-ab5a3d152464","properties":{"gml_id":"bldg_bcf5893b-cee6-420e-8680-ab5a3d152464","mesh":"53394542","measuredHeight":25.3},"geometry":{"type":"Polygon","coordinates":[[[139.650682,35.706354],[139.650682,35.706352],[139.650651,35.706352],[139.650636,35.70635],[139.650621,35.706349],[139.650621,35.706328],[139.650677,35.706328],[139.650678,35.706258],[139.650817,35.706259],[139.650815,35.706366],[139.650815,35.706383],[139.650815,35.706432],[139.650671,35.706431],[139.650655,35.706415],[139.650645,35.706417],[139.650626,35.706356],[139.650657,35.706356],[139.650678,35.706356],[139.650682,35.706356],[139.650682,35.706354]]]}},{"type":"Feature","id":"bldg_4578d839-04a2-41b5-8c86-85ddd584343c","properties":{"gml_id":"bldg_4578d839-04a2-41b5-8c86-85ddd584343c","mesh":"53394542","measuredHeight":28.0},"geometry":{"type":"Polygon","coordinates":[[[139.651188,35.705742],[139.651316,35.70574],[139.65132,35.705743],[139.651323,35.705747],[139.651324,35.705756],[139.651323,35.705761],[139.651322,35.705763],[139.65132,35.705765],[139.651301,35.705765],[139.65128,35.705766],[139.65128,35.705791],[139.651326,35.70579],[139.651334,35.70579],[139.651334,35.705808],[139.651331,35.705816],[139.651332,35.705821],[139.651322,35.705821],[139.651323,35.705845],[139.6513,35.705845],[139.651285,35.705854],[139.651192,35.705856],[139.651188,35.705742]]]}},{"type":"Feature","id":"bldg_1fb213d0-8b5c-4325-b262-72b702535d55","properties":{"gml_id":"bldg_1fb213d0-8b5c-4325-b262-72b702535d55","mesh":"53394542","measuredHeight":9.8},"geometry":{"type":"Polygon","coordinates":[[[139.651588,35.706297],[139.651588,35.706306],[139.65159,35.706444],[139.65159,35.706451],[139.651479,35.706452],[139.651479,35.706445],[139.651477,35.706307],[139.651477,35.706298],[139.651588,35.706297]]]}},{"type":"Feature","id":"bldg_36ff2e9e-a7cc-4322-8798-456e96251222","properties":{"gml_id":"bldg_36ff2e9e-a7cc-4322-8798-456e96251222","mesh":"53394542","measuredHeight":34.0},"geometry":{"type":"Polygon","coordinates":[[[139.651611,35.705744],[139.651616,35.7056],[139.651725,35.705603],[139.65172,35.705746],[139.651611,35.705744]]]}},{"type":"Feature","id":"bldg_197fb1f0-1c28-4fa8-90ce-27f64e5a1136","properties":{"gml_id":"bldg_197fb1f0-1c28-4fa8-90ce-27f64e5a1136","mesh":"53394542","measuredHeight":17.3},"geometry":{"type":"Polygon","coordinates":[[[139.651535,35.704183],[139.651608,35.70427],[139.651571,35.704289],[139.651613,35.70434],[139.651423,35.704451],[139.651364,35.704388],[139.651344,35.704399],[139.651271,35.704328],[139.651535,35.704183]]]}},{"type":"Feature","id":"bldg_273fec6b-5fa4-40e9-9d1a-6c4cd6e23e72","properties":{"gml_id":"bldg_273fec6b-5fa4-40e9-9d1a-6c4cd6e23e72","mesh":"53394542","measuredHeight":20.5},"geometry":{"type":"Polygon","coordinates":[[[139.651529,35.704997],[139.651196,35.705077],[139.651158,35.704972],[139.651178,35.704967],[139.651174,35.704958],[139.651168,35.704941],[139.651164,35.70493],[139.651188,35.704924],[139.651176,35.704893],[139.65118,35.704892],[139.651164,35.704846],[139.651287,35.704816],[139.651324,35.704916],[139.651486,35.704877],[139.651529,35.704997]]]}},{"type":"Feature","id":"bldg_aa80a172-a2ee-4a14-8ff5-20b30ebaaf29","properties":{"gml_id":"bldg_aa80a172-a2ee-4a14-8ff5-20b30ebaaf29","mesh":"53394542","measuredHeight":18.1},"geometry":{"type":"Polygon","coordinates":[[[139.650552,35.706137],[139.650551,35.706138],[139.650534,35.70608],[139.650536,35.706079],[139.650533,35.706062],[139.650535,35.70606],[139.650539,35.706058],[139.650543,35.706057],[139.65055,35.706053],[139.650561,35.706052],[139.650562,35.706055],[139.650583,35.706052],[139.650604,35.706167],[139.650592,35.706168],[139.650557,35.706142],[139.650553,35.706142],[139.650553,35.706139],[139.650551,35.706138],[139.650552,35.706137]]]}},{"type":"Feature","id":"bldg_05b92944-a828-4eb2-a89a-e67bf7f65e35","properties":{"gml_id":"bldg_05b92944-a828-4eb2-a89a-e67bf7f65e35","mesh":"53394542","measuredHeight":12.3},"geometry":{"type":"Polygon","coordinates":[[[139.650765,35.704166],[139.650839,35.704137],[139.650886,35.704215],[139.650812,35.704245],[139.650765,35.704166]]]}},{"type":"Feature","id":"bldg_0e30d9ca-54ca-4486-823c-11cb77f4a52e","properties":{"gml_id":"bldg_0e30d9ca-54ca-4486-823c-11cb77f4a52e","mesh":"53394542","measuredHeight":15.6},"geometry":{"type":"Polygon","coordinates":[[[139.652034,35.706145],[139.652075,35.706032],[139.652092,35.706036],[139.652095,35.706026],[139.652177,35.706046],[139.652173,35.706056],[139.652181,35.706058],[139.652117,35.706233],[139.652108,35.706231],[139.652087,35.706287],[139.651956,35.706255],[139.651933,35.706318],[139.651827,35.706293],[139.651893,35.706111],[139.651905,35.706114],[139.652034,35.706145]]]}},{"type":"Feature","id":"bldg_881630f6-58c7-4107-b64e-d3c50e283f1f","properties":{"gml_id":"bldg_881630f6-58c7-4107-b64e-d3c50e283f1f","mesh":"53394542","measuredHeight":15.5},"geometry":{"type":"Polygon","coordinates":[[[139.650942,35.703024],[139.651006,35.703013],[139.651024,35.70308],[139.650994,35.703117],[139.650968,35.703122],[139.650942,35.703024]]]}},{"type":"Feature","id":"bldg_14778e5f-e17c-4c44-acd8-d0f3fad1690c","properties":{"gml_id":"bldg_14778e5f-e17c-4c44-acd8-d0f3fad1690c","mesh":"53394542","measuredHeight":13.9},"geometry":{"type":"Polygon","coordinates":[[[139.65194,35.70386],[139.651894,35.703841],[139.651878,35.703785],[139.652027,35.703758],[139.652037,35.703794],[139.652013,35.703798],[139.652023,35.703829],[139.65194,35.70386]]]}},{"type":"Feature","id":"bldg_cec7b14a-23a5-4f9d-92c6-43373d8f345c","properties":{"gml_id":"bldg_cec7b14a-23a5-4f9d-92c6-43373d8f345c","mesh":"53394542","measuredHeight":18.8},"geometry":{"type":"Polygon","coordinates":[[[139.650876,35.705045],[139.651007,35.705018],[139.651013,35.705038],[139.65105,35.705031],[139.651074,35.70511],[139.651068,35.705111],[139.651072,35.705121],[139.65103,35.70513],[139.651032,35.705136],[139.650929,35.705151],[139.650921,35.705151],[139.650913,35.705149],[139.650908,35.705145],[139.650905,35.705139],[139.650876,35.705045]]]}},{"type":"Feature","id":"bldg_9683ed09-93c2-4b1b-a6df-22a58268ab75","properties":{"gml_id":"bldg_9683ed09-93c2-4b1b-a6df-22a58268ab75","mesh":"53394542","measuredHeight":13.9},"geometry":{"type":"Polygon","coordinates":[[[139.650736,35.703163],[139.650666,35.703177],[139.65062,35.703159],[139.650589,35.703094],[139.650607,35.70309],[139.650605,35.703086],[139.650624,35.703082],[139.650638,35.703079],[139.65064,35.703084],[139.650708,35.70307],[139.650736,35.703163]]]}},{"type":"Feature","id":"bldg_c276b839-832a-43cd-b753-62fc6db3f119","properties":{"gml_id":"bldg_c276b839-832a-43cd-b753-62fc6db3f119","mesh":"53394542","measuredHeight":11.7},"geometry":{"type":"Polygon","coordinates":[[[139.650828,35.706374],[139.650953,35.706374],[139.650953,35.706433],[139.650953,35.706438],[139.650828,35.706439],[139.650828,35.706434],[139.650828,35.706374]]]}},{"type":"Feature","id":"bldg_01eeb9ac-a065-4384-a1bb-1570f8d86192","properties":{"gml_id":"bldg_01eeb9ac-a065-4384-a1bb-1570f8d86192","mesh":"53394542","measuredHeight":35.9},"geometry":{"type":"Polygon","coordinates":[[[139.650112,35.706377],[139.649774,35.706388],[139.649756,35.706237],[139.649786,35.706236],[139.649813,35.706235],[139.650023,35.706228],[139.650021,35.706178],[139.650072,35.706177],[139.65007,35.706156],[139.650054,35.706157],[139.65005,35.706157],[139.650022,35.706158],[139.650016,35.706052],[139.650101,35.706049],[139.650102,35.706062],[139.650141,35.706061],[139.650141,35.706053],[139.650183,35.706051],[139.650199,35.706243],[139.65019,35.706243],[139.650192,35.706286],[139.650197,35.706286],[139.650198,35.7063],[139.650207,35.7063],[139.650208,35.706367],[139.650111,35.706366],[139.650112,35.706377]]]}},{"type":"Feature","id":"bldg_8bdd6aa7-0dad-4d42-a995-657765acc89a","properties":{"gml_id":"bldg_8bdd6aa7-0dad-4d42-a995-657765acc89a","mesh":"53394542","measuredHeight":19.1},"geometry":{"type":"Polygon","coordinates":[[[139.651003,35.70377],[139.650993,35.703754],[139.651003,35.70375],[139.651032,35.703739],[139.651066,35.703726],[139.651154,35.703876],[139.651055,35.703915],[139.650977,35.70378],[139.651003,35.70377]]]}},{"type":"Feature","id":"bldg_e67b28d5-0d2a-4695-aa25-a7eb7f118f41","properties":{"gml_id":"bldg_e67b28d5-0d2a-4695-aa25-a7eb7f118f41","mesh":"53394542","measuredHeight":10.0},"geometry":{"type":"Polygon","coordinates":[[[139.65119,35.703935],[139.651097,35.703971],[139.651066,35.703917],[139.651142,35.703888],[139.651144,35.703892],[139.651161,35.703886],[139.651167,35.703897],[139.651184,35.703923],[139.65119,35.703935]]]}},{"type":"Feature","id":"bldg_c50ab613-9b64-4ab9-b6e1-a4060bb36154","properties":{"gml_id":"bldg_c50ab613-9b64-4ab9-b6e1-a4060bb36154","mesh":"53394542","measuredHeight":14.3},"geometry":{"type":"Polygon","coordinates":[[[139.651944,35.706339],[139.651956,35.706442],[139.651775,35.706457],[139.651771,35.706408],[139.651786,35.706344],[139.651789,35.706344],[139.651798,35.706343],[139.651796,35.706331],[139.651864,35.706326],[139.651866,35.706338],[139.651937,35.706332],[139.651938,35.706341],[139.651944,35.706339]]]}},{"type":"Feature","id":"bldg_25759277-ebe0-4599-b37f-b295aee262d1","properties":{"gml_id":"bldg_25759277-ebe0-4599-b37f-b295aee262d1","mesh":"53394542","measuredHeight":13.9},"geometry":{"type":"Polygon","coordinates":[[[139.651689,35.704907],[139.651712,35.704971],[139.651554,35.705009],[139.651538,35.704929],[139.651689,35.704907]]]}},{"type":"Feature","id":"bldg_b4983baf-d95e-40c0-bf77-60f2e02a8943","properties":{"gml_id":"bldg_b4983baf-d95e-40c0-bf77-60f2e02a8943","mesh":"53394542","measuredHeight":3.1},"geometry":{"type":"Polygon","coordinates":[[[139.650292,35.705635],[139.650291,35.70566],[139.650124,35.705655],[139.650125,35.70563],[139.650292,35.705635]]]}},{"type":"Feature","id":"bldg_5d9ab8ab-23a3-47ca-9020-6d389868c2e5","properties":{"gml_id":"bldg_5d9ab8ab-23a3-47ca-9020-6d389868c2e5","mesh":"53394542","measuredHeight":21.9},"geometry":{"type":"Polygon","coordinates":[[[139.650868,35.704005],[139.65082,35.703934],[139.650917,35.70389],[139.650981,35.703983],[139.650945,35.704],[139.650957,35.704017],[139.65089,35.704047],[139.650863,35.704008],[139.650868,35.704005]]]}},{"type":"Feature","id":"bldg_8e632523-8560-42a9-a595-18d02ff60f94","properties":{"gml_id":"bldg_8e632523-8560-42a9-a595-18d02ff60f94","mesh":"53394542","measuredHeight":11.1},"geometry":{"type":"Polygon","coordinates":[[[139.650221,35.706439],[139.650226,35.706538],[139.650142,35.706541],[139.650137,35.706423],[139.650194,35.706422],[139.650221,35.706439]]]}},{"type":"Feature","id":"bldg_6d427a63-3f6c-43e3-aa50-71cec3be1028","properties":{"gml_id":"bldg_6d427a63-3f6c-43e3-aa50-71cec3be1028","mesh":"53394542","measuredHeight":18.8},"geometry":{"type":"Polygon","coordinates":[[[139.65101,35.706434],[139.65101,35.706441],[139.650964,35.706441],[139.650964,35.706434],[139.650963,35.706434],[139.650963,35.706372],[139.651037,35.706372],[139.651037,35.706398],[139.651037,35.70641],[139.651037,35.706413],[139.651032,35.706419],[139.651027,35.70642],[139.651011,35.70642],[139.651011,35.706434],[139.65101,35.706434]]]}},{"type":"Feature","id":"bldg_905177fb-04f7-42a7-af44-a2ad6726a4e0","properties":{"gml_id":"bldg_905177fb-04f7-42a7-af44-a2ad6726a4e0","mesh":"53394542","measuredHeight":16.4},"geometry":{"type":"Polygon","coordinates":[[[139.650139,35.704015],[139.650094,35.704018],[139.650084,35.703905],[139.650128,35.703902],[139.650155,35.7039],[139.650166,35.704013],[139.650139,35.704015]]]}},{"type":"Feature","id":"bldg_e7031f9a-56d8-4c14-976e-644eaa414a2f","properties":{"gml_id":"bldg_e7031f9a-56d8-4c14-976e-644eaa414a2f","mesh":"53394542","measuredHeight":40.8},"geometry":{"type":"Polygon","coordinates":[[[139.651939,35.705604],[139.651934,35.705694],[139.651942,35.705694],[139.651941,35.705712],[139.651939,35.705712],[139.651937,35.705738],[139.651851,35.705735],[139.65185,35.705756],[139.651836,35.705755],[139.651823,35.705755],[139.651807,35.705754],[139.651807,35.705751],[139.65178,35.70575],[139.651781,35.705732],[139.651762,35.705732],[139.651763,35.705711],[139.651728,35.705709],[139.651734,35.705597],[139.651868,35.705601],[139.651868,35.705611],[139.651876,35.705612],[139.651877,35.705602],[139.651939,35.705604]]]}},{"type":"Feature","id":"bldg_afc61d83-5225-47fc-8f2d-976762ff2f1c","properties":{"gml_id":"bldg_afc61d83-5225-47fc-8f2d-976762ff2f1c","mesh":"53394542","measuredHeight":19.5},"geometry":{"type":"Polygon","coordinates":[[[139.650857,35.706504],[139.650861,35.706673],[139.650664,35.706676],[139.650661,35.706534],[139.650694,35.706506],[139.650857,35.706504]]]}},{"type":"Feature","id":"bldg_95f9f9be-6a19-4c49-b0f0-f9f0f7c3dc01","properties":{"gml_id":"bldg_95f9f9be-6a19-4c49-b0f0-f9f0f7c3dc01","mesh":"53394542","measuredHeight":11.3},"geometry":{"type":"Polygon","coordinates":[[[139.651349,35.705813],[139.651347,35.705788],[139.651378,35.705766],[139.651399,35.705765],[139.651422,35.705759],[139.651427,35.705843],[139.651335,35.705847],[139.651333,35.705814],[139.651349,35.705813]]]}},{"type":"Feature","id":"bldg_5f6d33a9-c233-4786-a086-82682d28e5bc","properties":{"gml_id":"bldg_5f6d33a9-c233-4786-a086-82682d28e5bc","mesh":"53394542","measuredHeight":6.8},"geometry":{"type":"Polygon","coordinates":[[[139.650011,35.702853],[139.650001,35.702816],[139.650052,35.702807],[139.650078,35.702907],[139.650021,35.702917],[139.650004,35.702854],[139.650011,35.702853]]]}},{"type":"Feature","id":"bldg_f0e5d84a-6045-4c46-ab03-c4ce2d868322","properties":{"gml_id":"bldg_f0e5d84a-6045-4c46-ab03-c4ce2d868322","mesh":"53394542","measuredHeight":10.1},"geometry":{"type":"Polygon","coordinates":[[[139.651212,35.702865],[139.651262,35.702856],[139.651289,35.702955],[139.651239,35.702964],[139.651212,35.702865]]]}},{"type":"Feature","id":"bldg_d4189128-90d0-42ad-a8a4-2622db7d7b99","properties":{"gml_id":"bldg_d4189128-90d0-42ad-a8a4-2622db7d7b99","mesh":"53394542","measuredHeight":9.8},"geometry":{"type":"Polygon","coordinates":[[[139.650884,35.704729],[139.650828,35.704742],[139.650816,35.704708],[139.650764,35.704721],[139.650747,35.704673],[139.650752,35.704655],[139.65085,35.704632],[139.650884,35.704729]]]}},{"type":"Feature","id":"bldg_ae19938c-690d-4e50-9456-c1b027d0943d","properties":{"gml_id":"bldg_ae19938c-690d-4e50-9456-c1b027d0943d","mesh":"53394542","measuredHeight":12.0},"geometry":{"type":"Polygon","coordinates":[[[139.650792,35.706189],[139.650769,35.70619],[139.650768,35.706187],[139.650768,35.706187],[139.650767,35.706184],[139.650763,35.706184],[139.65076,35.706181],[139.650759,35.706181],[139.650756,35.706181],[139.650745,35.70617],[139.650729,35.706081],[139.650771,35.706075],[139.65079,35.706177],[139.650792,35.706184],[139.650791,35.706184],[139.650792,35.706189]]]}},{"type":"Feature","id":"bldg_a62748d7-e27a-424b-ba51-5a6b9ab662e4","properties":{"gml_id":"bldg_a62748d7-e27a-424b-ba51-5a6b9ab662e4","mesh":"53394542","measuredHeight":9.5},"geometry":{"type":"Polygon","coordinates":[[[139.651946,35.705045],[139.651933,35.705014],[139.651997,35.704995],[139.652011,35.705027],[139.651946,35.705045]]]}},{"type":"Feature","id":"bldg_a5d6c1f6-d880-48e0-9056-e8e105ce9b6b","properties":{"gml_id":"bldg_a5d6c1f6-d880-48e0-9056-e8e105ce9b6b","mesh":"53394542","measuredHeight":6.8},"geometry":{"type":"Polygon","coordinates":[[[139.650531,35.70438],[139.650537,35.704438],[139.650294,35.704455],[139.650288,35.704398],[139.650531,35.70438]]]}},{"type":"Feature","id":"bldg_fbbe8c9c-9832-454f-b74e-69dc5440f5bf","properties":{"gml_id":"bldg_fbbe8c9c-9832-454f-b74e-69dc5440f5bf","mesh":"53394542","measuredHeight":7.4},"geometry":{"type":"Polygon","coordinates":[[[139.650406,35.703288],[139.650487,35.703271],[139.650521,35.703376],[139.65044,35.703394],[139.650406,35.703288]]]}},{"type":"Feature","id":"bldg_75b6ecec-2ea4-4b61-978b-491ed7be8f6b","properties":{"gml_id":"bldg_75b6ecec-2ea4-4b61-978b-491ed7be8f6b","mesh":"53394542","measuredHeight":15.0},"geometry":{"type":"Polygon","coordinates":[[[139.650934,35.704207],[139.650974,35.704275],[139.650878,35.704312],[139.650875,35.704308],[139.65086,35.704314],[139.65085,35.704298],[139.650845,35.7043],[139.65082,35.704257],[139.650824,35.704255],[139.650826,35.704249],[139.650934,35.704207]]]}},{"type":"Feature","id":"bldg_12447210-b386-44e5-879a-e7d9b74a365b","properties":{"gml_id":"bldg_12447210-b386-44e5-879a-e7d9b74a365b","mesh":"53394542","measuredHeight":8.2},"geometry":{"type":"Polygon","coordinates":[[[139.651334,35.703401],[139.651313,35.703317],[139.651425,35.703298],[139.651452,35.703402],[139.651359,35.703417],[139.651354,35.703398],[139.651334,35.703401]]]}},{"type":"Feature","id":"bldg_57adc7c6-26d1-4b2a-9fe5-f048ced5c459","properties":{"gml_id":"bldg_57adc7c6-26d1-4b2a-9fe5-f048ced5c459","mesh":"53394542","measuredHeight":11.8},"geometry":{"type":"Polygon","coordinates":[[[139.651813,35.705977],[139.651813,35.705973],[139.651729,35.705972],[139.65173,35.705903],[139.651732,35.705903],[139.651733,35.705901],[139.651738,35.705898],[139.651863,35.7059],[139.651863,35.705905],[139.651873,35.705905],[139.651872,35.705962],[139.65186,35.705962],[139.65186,35.705974],[139.651857,35.705976],[139.651852,35.705978],[139.651847,35.705977],[139.651824,35.705977],[139.651813,35.705977]]]}},{"type":"Feature","id":"bldg_ea4f635f-1756-4c5b-ab4d-6daef86287c1","properties":{"gml_id":"bldg_ea4f635f-1756-4c5b-ab4d-6daef86287c1","mesh":"53394542","measuredHeight":11.6},"geometry":{"type":"Polygon","coordinates":[[[139.651117,35.703785],[139.651221,35.703747],[139.65125,35.7038],[139.651146,35.703838],[139.651117,35.703785]]]}},{"type":"Feature","id":"bldg_b69a1661-d6c7-4d38-8208-11dbf892ca48","properties":{"gml_id":"bldg_b69a1661-d6c7-4d38-8208-11dbf892ca48","mesh":"53394542","measuredHeight":12.1},"geometry":{"type":"Polygon","coordinates":[[[139.65178,35.705765],[139.651895,35.705765],[139.651866,35.705847],[139.65178,35.705847],[139.65178,35.705765]]]}},{"type":"Feature","id":"bldg_6da509be-2b6a-4731-aae2-2f8d68cadebd","properties":{"gml_id":"bldg_6da509be-2b6a-4731-aae2-2f8d68cadebd","mesh":"53394542","measuredHeight":15.1},"geometry":{"type":"Polygon","coordinates":[[[139.651227,35.706202],[139.651247,35.706203],[139.65125,35.706174],[139.651217,35.706172],[139.651215,35.70617],[139.651221,35.706116],[139.651291,35.706122],[139.651292,35.706114],[139.651386,35.706122],[139.651372,35.706232],[139.651245,35.706222],[139.651246,35.706215],[139.651226,35.706214],[139.651227,35.706202]]]}},{"type":"Feature","id":"bldg_99e625cd-e891-4f06-8477-8c009794779f","properties":{"gml_id":"bldg_99e625cd-e891-4f06-8477-8c009794779f","mesh":"53394542","measuredHeight":12.2},"geometry":{"type":"Polygon","coordinates":[[[139.651465,35.704726],[139.651457,35.704732],[139.651442,35.704732],[139.651407,35.704701],[139.651403,35.704688],[139.651412,35.704681],[139.65137,35.704646],[139.651343,35.704655],[139.651314,35.704631],[139.651324,35.704607],[139.651265,35.704557],[139.65124,35.704577],[139.65116,35.70455],[139.651204,35.704507],[139.651177,35.704484],[139.651277,35.704407],[139.651601,35.704684],[139.651504,35.704759],[139.651465,35.704726]]]}},{"type":"Feature","id":"bldg_4f06cfc8-ea86-472f-b0d2-c05bf79bfbdd","properties":{"gml_id":"bldg_4f06cfc8-ea86-472f-b0d2-c05bf79bfbdd","mesh":"53394542","measuredHeight":19.6},"geometry":{"type":"Polygon","coordinates":[[[139.650821,35.704736],[139.650826,35.70475],[139.650953,35.704722],[139.650979,35.7048],[139.650804,35.704838],[139.650778,35.70476],[139.650787,35.704758],[139.650782,35.704745],[139.650821,35.704736]]]}},{"type":"Feature","id":"bldg_ccff8b39-7b7a-4444-984e-b42d34d19f1e","properties":{"gml_id":"bldg_ccff8b39-7b7a-4444-984e-b42d34d19f1e","mesh":"53394542","measuredHeight":9.8},"geometry":{"type":"Polygon","coordinates":[[[139.651173,35.703288],[139.651285,35.703267],[139.651296,35.703308],[139.651185,35.703329],[139.651173,35.703288]]]}},{"type":"Feature","id":"bldg_86c38568-467c-4053-adaf-178c5f844110","properties":{"gml_id":"bldg_86c38568-467c-4053-adaf-178c5f844110","mesh":"53394542","measuredHeight":18.8},"geometry":{"type":"Polygon","coordinates":[[[139.650367,35.704806],[139.650457,35.704808],[139.650455,35.704853],[139.650365,35.70485],[139.650367,35.704806]]]}},{"type":"Feature","id":"bldg_a6c80b2e-18ce-4005-9539-ac41162ae7e4","properties":{"gml_id":"bldg_a6c80b2e-18ce-4005-9539-ac41162ae7e4","mesh":"53394542","measuredHeight":11.8},"geometry":{"type":"Polygon","coordinates":[[[139.651758,35.704874],[139.651817,35.704862],[139.651814,35.704849],[139.651885,35.704836],[139.651896,35.704877],[139.651912,35.704874],[139.651924,35.704916],[139.65185,35.70493],[139.651853,35.704941],[139.651781,35.704955],[139.651758,35.704874]]]}},{"type":"Feature","id":"bldg_2fda4ca8-dda2-416c-9050-35b7e0f9c321","properties":{"gml_id":"bldg_2fda4ca8-dda2-416c-9050-35b7e0f9c321","mesh":"53394542","measuredHeight":37.8},"geometry":{"type":"Polygon","coordinates":[[[139.649919,35.704038],[139.650167,35.704021],[139.650176,35.704112],[139.650063,35.70412],[139.650067,35.704161],[139.649908,35.704171],[139.649903,35.704124],[139.649928,35.704123],[139.649919,35.704038]]]}},{"type":"Feature","id":"bldg_8ca35bc6-89e6-4804-bddf-a026ff38a236","properties":{"gml_id":"bldg_8ca35bc6-89e6-4804-bddf-a026ff38a236","mesh":"53394542","measuredHeight":9.0},"geometry":{"type":"Polygon","coordinates":[[[139.651037,35.706372],[139.651147,35.706372],[139.651154,35.706405],[139.651038,35.706405],[139.651037,35.706372]]]}},{"type":"Feature","id":"bldg_301b3eb1-0447-4a05-90a8-e48d640862e0","properties":{"gml_id":"bldg_301b3eb1-0447-4a05-90a8-e48d640862e0","mesh":"53394542","measuredHeight":31.0},"geometry":{"type":"Polygon","coordinates":[[[139.650079,35.704021],[139.649957,35.704028],[139.649951,35.703969],[139.649997,35.703966],[139.649985,35.703842],[139.650055,35.703838],[139.650063,35.703921],[139.650075,35.70392],[139.650076,35.70393],[139.650079,35.703962],[139.65008,35.703971],[139.650068,35.703972],[139.650069,35.703992],[139.650076,35.703992],[139.650079,35.704021]]]}},{"type":"Feature","id":"bldg_420846a4-917b-4e64-924a-04f1c3fc67c6","properties":{"gml_id":"bldg_420846a4-917b-4e64-924a-04f1c3fc67c6","mesh":"53394542","measuredHeight":11.8},"geometry":{"type":"Polygon","coordinates":[[[139.651943,35.705178],[139.652016,35.705216],[139.652029,35.705244],[139.651932,35.705273],[139.651896,35.705193],[139.651943,35.705178]]]}},{"type":"Feature","id":"bldg_9133e9b5-7e23-45ec-89e2-2a445ff92959","properties":{"gml_id":"bldg_9133e9b5-7e23-45ec-89e2-2a445ff92959","mesh":"53394542","measuredHeight":6.1},"geometry":{"type":"Polygon","coordinates":[[[139.650312,35.70351],[139.6503,35.703464],[139.650397,35.703447],[139.650409,35.703493],[139.650312,35.70351]]]}},{"type":"Feature","id":"bldg_04320a11-3611-4284-b044-27c2d7304353","properties":{"gml_id":"bldg_04320a11-3611-4284-b044-27c2d7304353","mesh":"53394542","measuredHeight":38.6},"geometry":{"type":"Polygon","coordinates":[[[139.650397,35.703429],[139.650221,35.703468],[139.650201,35.703408],[139.650362,35.703373],[139.650364,35.703381],[139.650371,35.703401],[139.650374,35.703409],[139.650389,35.703406],[139.650397,35.703429]]]}},{"type":"Feature","id":"bldg_a3faaef1-bb96-44d7-a860-597fa9bb9114","properties":{"gml_id":"bldg_a3faaef1-bb96-44d7-a860-597fa9bb9114","mesh":"53394542","measuredHeight":18.1},"geometry":{"type":"Polygon","coordinates":[[[139.65052,35.703336],[139.650617,35.703315],[139.650636,35.703375],[139.650539,35.703395],[139.65052,35.703336]]]}},{"type":"Feature","id":"bldg_3cde42f8-a2b8-429d-99fa-d46d579ff119","properties":{"gml_id":"bldg_3cde42f8-a2b8-429d-99fa-d46d579ff119","mesh":"53394542","measuredHeight":9.3},"geometry":{"type":"Polygon","coordinates":[[[139.651655,35.706669],[139.651504,35.706667],[139.651505,35.7066],[139.651554,35.706601],[139.651554,35.706612],[139.651577,35.706612],[139.651577,35.706601],[139.651608,35.706602],[139.651608,35.706607],[139.651646,35.706609],[139.651645,35.706619],[139.651656,35.706619],[139.651655,35.706669]]]}},{"type":"Feature","id":"bldg_8191d0db-7c29-4759-80d2-0a30f0b32308","properties":{"gml_id":"bldg_8191d0db-7c29-4759-80d2-0a30f0b32308","mesh":"53394542","measuredHeight":21.8},"geometry":{"type":"Polygon","coordinates":[[[139.650499,35.705884],[139.650486,35.705821],[139.650517,35.705777],[139.650518,35.705777],[139.650517,35.705771],[139.650585,35.705762],[139.650586,35.70577],[139.650584,35.70577],[139.650628,35.705802],[139.650641,35.705869],[139.650618,35.705872],[139.650617,35.705868],[139.650499,35.705884]]]}},{"type":"Feature","id":"bldg_af66ab5d-685f-4515-b5f2-f7388059b04d","properties":{"gml_id":"bldg_af66ab5d-685f-4515-b5f2-f7388059b04d","mesh":"53394542","measuredHeight":35.5},"geometry":{"type":"Polygon","coordinates":[[[139.650459,35.705056],[139.650502,35.705058],[139.650495,35.70518],[139.65039,35.705176],[139.650366,35.705163],[139.650357,35.70515],[139.650354,35.705138],[139.650357,35.705092],[139.650457,35.705096],[139.650459,35.705056]]]}},{"type":"Feature","id":"bldg_77c47029-8bb0-4a85-b847-a6012a5798a8","properties":{"gml_id":"bldg_77c47029-8bb0-4a85-b847-a6012a5798a8","mesh":"53394542","measuredHeight":38.2},"geometry":{"type":"Polygon","coordinates":[[[139.651728,35.705202],[139.651725,35.705196],[139.651702,35.705202],[139.651697,35.705192],[139.651688,35.705162],[139.651498,35.705215],[139.651491,35.705217],[139.651453,35.705127],[139.65176,35.705042],[139.651817,35.705177],[139.651782,35.705187],[139.651786,35.705197],[139.651736,35.705211],[139.651732,35.705201],[139.651728,35.705202]]]}},{"type":"Feature","id":"bldg_cb98e0c2-29c7-4e57-a4f3-8cd3b0819832","properties":{"gml_id":"bldg_cb98e0c2-29c7-4e57-a4f3-8cd3b0819832","mesh":"53394542","measuredHeight":14.2},"geometry":{"type":"Polygon","coordinates":[[[139.651153,35.702731],[139.651093,35.702516],[139.651183,35.7025],[139.651243,35.702714],[139.651153,35.702731]]]}},{"type":"Feature","id":"bldg_b957cfee-3818-4b18-9f06-a0eb4e94986d","properties":{"gml_id":"bldg_b957cfee-3818-4b18-9f06-a0eb4e94986d","mesh":"53394542","measuredHeight":26.8},"geometry":{"type":"Polygon","coordinates":[[[139.650937,35.704204],[139.651103,35.704129],[139.651173,35.704231],[139.651163,35.704269],[139.651075,35.704309],[139.651071,35.704342],[139.651075,35.704347],[139.651035,35.704364],[139.650937,35.704204]]]}},{"type":"Feature","id":"bldg_cfcf9c37-eb4a-4444-8aad-7f8298397e80","properties":{"gml_id":"bldg_cfcf9c37-eb4a-4444-8aad-7f8298397e80","mesh":"53394542","measuredHeight":13.5},"geometry":{"type":"Polygon","coordinates":[[[139.651053,35.705832],[139.651166,35.705829],[139.651171,35.705993],[139.651058,35.705995],[139.651053,35.705832]]]}},{"type":"Feature","id":"bldg_e2ebd68f-a787-40c9-8d75-81170cae5091","properties":{"gml_id":"bldg_e2ebd68f-a787-40c9-8d75-81170cae5091","mesh":"53394542","measuredHeight":25.9},"geometry":{"type":"Polygon","coordinates":[[[139.650459,35.704314],[139.650305,35.704324],[139.650278,35.704052],[139.6506,35.704031],[139.650633,35.704364],[139.650466,35.704375],[139.650459,35.704314]]]}},{"type":"Feature","id":"bldg_eacae348-78c8-4e87-bec8-868253c21735","properties":{"gml_id":"bldg_eacae348-78c8-4e87-bec8-868253c21735","mesh":"53394542","measuredHeight":32.0},"geometry":{"type":"Polygon","coordinates":[[[139.650683,35.705634],[139.650689,35.705639],[139.650695,35.705634],[139.650791,35.705709],[139.650783,35.705716],[139.650786,35.705719],[139.650754,35.705746],[139.650745,35.705749],[139.650739,35.705754],[139.650721,35.70574],[139.65069,35.705766],[139.650684,35.705761],[139.650668,35.705775],[139.650658,35.705767],[139.650647,35.705758],[139.650638,35.70575],[139.650641,35.705747],[139.6506,35.705714],[139.650609,35.705707],[139.650603,35.705703],[139.650683,35.705634]]]}},{"type":"Feature","id":"bldg_ad6340a9-404f-46e0-8878-9958629a24fa","properties":{"gml_id":"bldg_ad6340a9-404f-46e0-8878-9958629a24fa","mesh":"53394542","measuredHeight":14.3},"geometry":{"type":"Polygon","coordinates":[[[139.651663,35.704346],[139.65174,35.704422],[139.651767,35.704405],[139.651799,35.704442],[139.651582,35.704539],[139.651557,35.704535],[139.651509,35.704495],[139.651517,35.70449],[139.651513,35.704485],[139.651555,35.704462],[139.651523,35.704424],[139.651663,35.704346]]]}},{"type":"Feature","id":"bldg_848f8b54-897a-4355-a054-fd4021e0428a","properties":{"gml_id":"bldg_848f8b54-897a-4355-a054-fd4021e0428a","mesh":"53394542","measuredHeight":17.8},"geometry":{"type":"Polygon","coordinates":[[[139.651479,35.706244],[139.65138,35.706237],[139.651381,35.706229],[139.651382,35.706219],[139.651395,35.70611],[139.651503,35.706118],[139.65149,35.706234],[139.65148,35.706234],[139.651479,35.706244]]]}},{"type":"Feature","id":"bldg_c83eda03-b120-4b4a-bd5c-aaf2263df4b8","properties":{"gml_id":"bldg_c83eda03-b120-4b4a-bd5c-aaf2263df4b8","mesh":"53394542","measuredHeight":26.4},"geometry":{"type":"Polygon","coordinates":[[[139.650932,35.704045],[139.651009,35.704011],[139.651088,35.70413],[139.651018,35.704161],[139.650993,35.704123],[139.650945,35.704145],[139.650898,35.704074],[139.650903,35.704072],[139.650893,35.704058],[139.650905,35.704053],[139.650916,35.704047],[139.65093,35.704041],[139.650932,35.704045]]]}},{"type":"Feature","id":"bldg_350fb6ee-3329-4434-92ec-80274b1c2756","properties":{"gml_id":"bldg_350fb6ee-3329-4434-92ec-80274b1c2756","mesh":"53394542","measuredHeight":3.4},"geometry":{"type":"Polygon","coordinates":[[[139.650517,35.704447],[139.650521,35.704485],[139.650453,35.70449],[139.650449,35.704452],[139.650517,35.704447]]]}},{"type":"Feature","id":"bldg_0dcfac22-edda-46fe-9138-ae803fcaaf33","properties":{"gml_id":"bldg_0dcfac22-edda-46fe-9138-ae803fcaaf33","mesh":"53394542","measuredHeight":24.9},"geometry":{"type":"Polygon","coordinates":[[[139.650589,35.705071],[139.650586,35.705184],[139.650498,35.705182],[139.650502,35.705069],[139.650589,35.705071]]]}},{"type":"Feature","id":"bldg_3d4bec6c-8987-4186-968c-3fa816ca8550","properties":{"gml_id":"bldg_3d4bec6c-8987-4186-968c-3fa816ca8550","mesh":"53394542","measuredHeight":11.6},"geometry":{"type":"Polygon","coordinates":[[[139.650605,35.703274],[139.650617,35.703311],[139.650517,35.703331],[139.650497,35.703267],[139.650557,35.703255],[139.650605,35.703274]]]}},{"type":"Feature","id":"bldg_4f0db605-d98b-4d8f-a5b2-8aaf2d84d2ed","properties":{"gml_id":"bldg_4f0db605-d98b-4d8f-a5b2-8aaf2d84d2ed","mesh":"53394542","measuredHeight":10.0},"geometry":{"type":"Polygon","coordinates":[[[139.651797,35.702826],[139.651781,35.702758],[139.651892,35.702736],[139.65191,35.702807],[139.651797,35.702826]]]}},{"type":"Feature","id":"bldg_cfef9245-84d2-44be-b07e-66cdf52f030a","properties":{"gml_id":"bldg_cfef9245-84d2-44be-b07e-66cdf52f030a","mesh":"53394542","measuredHeight":10.6},"geometry":{"type":"Polygon","coordinates":[[[139.650732,35.705632],[139.650963,35.705622],[139.650977,35.705846],[139.650824,35.705852],[139.650854,35.706045],[139.650735,35.706061],[139.650676,35.705783],[139.650821,35.705738],[139.650821,35.705732],[139.650732,35.705638],[139.650732,35.705632]]]}},{"type":"Feature","id":"bldg_82401934-6cce-4efe-9ea3-491e3f5fd126","properties":{"gml_id":"bldg_82401934-6cce-4efe-9ea3-491e3f5fd126","mesh":"53394542","measuredHeight":15.1},"geometry":{"type":"Polygon","coordinates":[[[139.650861,35.705863],[139.650862,35.705868],[139.650953,35.705859],[139.650989,35.706096],[139.650876,35.706108],[139.650839,35.705865],[139.650861,35.705863]]]}},{"type":"Feature","id":"bldg_896d4b7f-423e-42d9-8199-05766d40fdc2","properties":{"gml_id":"bldg_896d4b7f-423e-42d9-8199-05766d40fdc2","mesh":"53394542","measuredHeight":10.7},"geometry":{"type":"Polygon","coordinates":[[[139.651188,35.705618],[139.651189,35.705669],[139.651027,35.70567],[139.651027,35.705619],[139.651188,35.705618]]]}},{"type":"Feature","id":"bldg_9b1280f5-b0ca-45cd-954b-a9c3933c59ba","properties":{"gml_id":"bldg_9b1280f5-b0ca-45cd-954b-a9c3933c59ba","mesh":"53394542","measuredHeight":12.7},"geometry":{"type":"Polygon","coordinates":[[[139.650882,35.702689],[139.650895,35.702745],[139.650866,35.702778],[139.650824,35.702785],[139.650804,35.702702],[139.650882,35.702689]]]}},{"type":"Feature","id":"bldg_a3e75d34-1ed5-4c93-a82c-f59c5f34446a","properties":{"gml_id":"bldg_a3e75d34-1ed5-4c93-a82c-f59c5f34446a","mesh":"53394542","measuredHeight":9.5},"geometry":{"type":"Polygon","coordinates":[[[139.651888,35.704768],[139.651857,35.70472],[139.651899,35.704702],[139.651896,35.704696],[139.651947,35.704674],[139.651982,35.704729],[139.651888,35.704768]]]}},{"type":"Feature","id":"bldg_2dd3c977-081b-4a7c-8aa6-3b506f11554e","properties":{"gml_id":"bldg_2dd3c977-081b-4a7c-8aa6-3b506f11554e","mesh":"53394542","measuredHeight":19.7},"geometry":{"type":"Polygon","coordinates":[[[139.650605,35.703086],[139.65059,35.703089],[139.650556,35.70301],[139.650582,35.70297],[139.650676,35.702952],[139.650705,35.703055],[139.650639,35.703068],[139.65064,35.703072],[139.650622,35.703075],[139.650624,35.703082],[139.650605,35.703086]]]}},{"type":"Feature","id":"bldg_e49bcfa0-8a72-44dc-92fd-7caf15996280","properties":{"gml_id":"bldg_e49bcfa0-8a72-44dc-92fd-7caf15996280","mesh":"53394542","measuredHeight":6.7},"geometry":{"type":"Polygon","coordinates":[[[139.651119,35.706116],[139.651185,35.706118],[139.65117,35.706233],[139.651108,35.706229],[139.651119,35.706116]]]}},{"type":"Feature","id":"bldg_c19bd32c-2874-4442-9b97-57f69d97cf4b","properties":{"gml_id":"bldg_c19bd32c-2874-4442-9b97-57f69d97cf4b","mesh":"53394542","measuredHeight":18.7},"geometry":{"type":"Polygon","coordinates":[[[139.65129,35.703637],[139.651259,35.703538],[139.651328,35.703524],[139.651358,35.703623],[139.65129,35.703637]]]}},{"type":"Feature","id":"bldg_2b668d74-3218-4682-88e2-bb328237930f","properties":{"gml_id":"bldg_2b668d74-3218-4682-88e2-bb328237930f","mesh":"53394542","measuredHeight":7.6},"geometry":{"type":"Polygon","coordinates":[[[139.651989,35.703199],[139.652075,35.703184],[139.652101,35.703284],[139.652035,35.703295],[139.652032,35.703281],[139.652012,35.703285],[139.651989,35.703199]]]}},{"type":"Feature","id":"bldg_995d9854-cdd3-424d-8057-1ff17c48fbfb","properties":{"gml_id":"bldg_995d9854-cdd3-424d-8057-1ff17c48fbfb","mesh":"53394542","measuredHeight":11.0},"geometry":{"type":"Polygon","coordinates":[[[139.650906,35.705005],[139.650865,35.705013],[139.650847,35.704954],[139.650854,35.704945],[139.650936,35.704928],[139.650964,35.70502],[139.650914,35.70503],[139.650906,35.705005]]]}},{"type":"Feature","id":"bldg_b2bb8ec5-ae2f-4715-bf5b-620ab1db3a86","properties":{"gml_id":"bldg_b2bb8ec5-ae2f-4715-bf5b-620ab1db3a86","mesh":"53394542","measuredHeight":7.7},"geometry":{"type":"Polygon","coordinates":[[[139.651883,35.702958],[139.651865,35.702892],[139.651886,35.702889],[139.651875,35.702848],[139.651918,35.70284],[139.651921,35.702852],[139.65197,35.702843],[139.651996,35.702937],[139.651883,35.702958]]]}},{"type":"Feature","id":"bldg_f1209400-6e73-49a4-bfc0-04e7d8659028","properties":{"gml_id":"bldg_f1209400-6e73-49a4-bfc0-04e7d8659028","mesh":"53394542","measuredHeight":20.7},"geometry":{"type":"Polygon","coordinates":[[[139.650137,35.703113],[139.650209,35.7031],[139.650235,35.703198],[139.650246,35.703243],[139.650152,35.70326],[139.65014,35.703215],[139.650121,35.703142],[139.650144,35.703138],[139.650137,35.703113]]]}},{"type":"Feature","id":"bldg_ecebeb43-95b7-49a5-b701-1bdf2603cabe","properties":{"gml_id":"bldg_ecebeb43-95b7-49a5-b701-1bdf2603cabe","mesh":"53394542","measuredHeight":14.5},"geometry":{"type":"Polygon","coordinates":[[[139.651024,35.706277],[139.651023,35.706271],[139.65109,35.706276],[139.651128,35.70631],[139.651145,35.706368],[139.651124,35.706368],[139.651114,35.706368],[139.651021,35.706368],[139.651021,35.706277],[139.651024,35.706277]]]}},{"type":"Feature","id":"bldg_7945d15c-0f1a-4f52-b27c-ac23c572168b","properties":{"gml_id":"bldg_7945d15c-0f1a-4f52-b27c-ac23c572168b","mesh":"53394542","measuredHeight":25.5},"geometry":{"type":"Polygon","coordinates":[[[139.650989,35.70276],[139.650951,35.702739],[139.650906,35.702572],[139.650918,35.70255],[139.650994,35.702536],[139.651051,35.702749],[139.650989,35.70276]]]}},{"type":"Feature","id":"bldg_982d951f-583e-4bf1-86b5-aad7b664cdeb","properties":{"gml_id":"bldg_982d951f-583e-4bf1-86b5-aad7b664cdeb","mesh":"53394542","measuredHeight":10.1},"geometry":{"type":"Polygon","coordinates":[[[139.651705,35.704701],[139.651678,35.704705],[139.651667,35.704662],[139.651797,35.704641],[139.651799,35.704647],[139.65182,35.704644],[139.651829,35.704681],[139.651816,35.704683],[139.651819,35.704695],[139.651833,35.704693],[139.651838,35.704715],[139.651828,35.704717],[139.651829,35.704722],[139.651715,35.70474],[139.651705,35.704701]]]}},{"type":"Feature","id":"bldg_13929640-bb92-47e6-965e-e7d612ba87bd","properties":{"gml_id":"bldg_13929640-bb92-47e6-965e-e7d612ba87bd","mesh":"53394542","measuredHeight":19.7},"geometry":{"type":"Polygon","coordinates":[[[139.650834,35.706072],[139.650833,35.706063],[139.650856,35.70606],[139.650858,35.70607],[139.650861,35.706069],[139.650884,35.706194],[139.650852,35.706198],[139.650797,35.706191],[139.650796,35.706191],[139.650775,35.70608],[139.650834,35.706072]]]}},{"type":"Feature","id":"bldg_f73aefbf-6e17-447d-bc59-11f6f9277a5b","properties":{"gml_id":"bldg_f73aefbf-6e17-447d-bc59-11f6f9277a5b","mesh":"53394542","measuredHeight":19.6},"geometry":{"type":"Polygon","coordinates":[[[139.650193,35.703487],[139.650294,35.703467],[139.65031,35.703519],[139.650209,35.703539],[139.650168,35.703547],[139.650152,35.703495],[139.650193,35.703487]]]}},{"type":"Feature","id":"bldg_2f448a67-2a28-4163-b33c-eae3e853655a","properties":{"gml_id":"bldg_2f448a67-2a28-4163-b33c-eae3e853655a","mesh":"53394542","measuredHeight":32.8},"geometry":{"type":"Polygon","coordinates":[[[139.650679,35.702798],[139.650628,35.702606],[139.650701,35.702593],[139.650704,35.702603],[139.650707,35.702618],[139.650735,35.70272],[139.650737,35.70272],[139.650764,35.702715],[139.650762,35.702709],[139.650793,35.702704],[139.650797,35.702717],[139.6508,35.702728],[139.650803,35.70274],[139.650779,35.702745],[139.650782,35.702758],[139.650798,35.702755],[139.650804,35.702776],[139.650679,35.702798]]]}},{"type":"Feature","id":"bldg_d8ec2e1a-669d-403c-bae6-de3f0c048679","properties":{"gml_id":"bldg_d8ec2e1a-669d-403c-bae6-de3f0c048679","mesh":"53394542","measuredHeight":7.3},"geometry":{"type":"Polygon","coordinates":[[[139.651059,35.705023],[139.651138,35.705011],[139.651163,35.705122],[139.651084,35.705134],[139.651059,35.705023]]]}},{"type":"Feature","id":"bldg_fc24e09c-9999-4329-8816-34bb45f6ed7e","properties":{"gml_id":"bldg_fc24e09c-9999-4329-8816-34bb45f6ed7e","mesh":"53394542","measuredHeight":null},"geometry":{"type":"Polygon","coordinates":[[[139.650919,35.703329],[139.650952,35.703323],[139.650957,35.70334],[139.650923,35.703346],[139.650919,35.703329]]]}},{"type":"Feature","id":"bldg_482f6a0a-0b48-4877-bf09-b762fe6bdc58","properties":{"gml_id":"bldg_482f6a0a-0b48-4877-bf09-b762fe6bdc58","mesh":"53394542","measuredHeight":12.2},"geometry":{"type":"Polygon","coordinates":[[[139.651966,35.70611],[139.651964,35.706113],[139.651874,35.70609],[139.651953,35.705881],[139.651965,35.705877],[139.651966,35.705875],[139.652047,35.705896],[139.652006,35.706005],[139.652043,35.706014],[139.652035,35.706035],[139.652046,35.706038],[139.65203,35.70608],[139.65201,35.706075],[139.651994,35.706119],[139.651966,35.70611]]]}},{"type":"Feature","id":"bldg_36a0f252-3082-4902-9f51-ea5d54e09139","properties":{"gml_id":"bldg_36a0f252-3082-4902-9f51-ea5d54e09139","mesh":"53394542","measuredHeight":37.6},"geometry":{"type":"Polygon","coordinates":[[[139.649773,35.705488],[139.650409,35.705508],[139.650405,35.7056],[139.649768,35.705581],[139.649773,35.705488]]]}},{"type":"Feature","id":"bldg_a98a0a73-c369-4583-b2ee-d20cd394b477","properties":{"gml_id":"bldg_a98a0a73-c369-4583-b2ee-d20cd394b477","mesh":"53394542","measuredHeight":9.1},"geometry":{"type":"Polygon","coordinates":[[[139.651662,35.706591],[139.651633,35.706592],[139.651634,35.706597],[139.651511,35.706597],[139.651511,35.706506],[139.651629,35.706506],[139.651666,35.706539],[139.651662,35.706591]]]}},{"type":"Feature","id":"bldg_c4ee9363-9661-4385-80d5-7e651a943350","properties":{"gml_id":"bldg_c4ee9363-9661-4385-80d5-7e651a943350","mesh":"53394542","measuredHeight":17.0},"geometry":{"type":"Polygon","coordinates":[[[139.651591,35.704154],[139.651697,35.704087],[139.651774,35.704169],[139.651813,35.704144],[139.651916,35.704254],[139.651826,35.704311],[139.651806,35.704289],[139.651751,35.704324],[139.651591,35.704154]]]}},{"type":"Feature","id":"bldg_443bae8b-157e-4c5d-abdd-8357288e70e6","properties":{"gml_id":"bldg_443bae8b-157e-4c5d-abdd-8357288e70e6","mesh":"53394542","measuredHeight":7.9},"geometry":{"type":"Polygon","coordinates":[[[139.650846,35.704912],[139.650826,35.704904],[139.650806,35.704849],[139.650915,35.704823],[139.650936,35.704881],[139.650895,35.704891],[139.650898,35.7049],[139.650846,35.704912]]]}},{"type":"Feature","id":"bldg_6b38873b-481d-4ba5-986f-c38e550bb28b","properties":{"gml_id":"bldg_6b38873b-481d-4ba5-986f-c38e550bb28b","mesh":"53394542","measuredHeight":8.8},"geometry":{"type":"Polygon","coordinates":[[[139.65169,35.706381],[139.65169,35.706377],[139.651721,35.706377],[139.651719,35.706425],[139.651714,35.706424],[139.651713,35.706457],[139.651709,35.706457],[139.651708,35.706467],[139.651659,35.706466],[139.651662,35.70638],[139.65169,35.706381]]]}},{"type":"Feature","id":"bldg_85d10c55-909d-467f-9c23-1e5c62a259c1","properties":{"gml_id":"bldg_85d10c55-909d-467f-9c23-1e5c62a259c1","mesh":"53394542","measuredHeight":6.7},"geometry":{"type":"Polygon","coordinates":[[[139.651087,35.704886],[139.651147,35.704882],[139.651161,35.705004],[139.651101,35.705009],[139.651087,35.704886]]]}},{"type":"Feature","id":"bldg_840386b8-5e3e-4459-bd32-a886ec4af876","properties":{"gml_id":"bldg_840386b8-5e3e-4459-bd32-a886ec4af876","mesh":"53394542","measuredHeight":3.0},"geometry":{"type":"Polygon","coordinates":[[[139.650688,35.703928],[139.650702,35.703952],[139.650655,35.70397],[139.650641,35.703946],[139.650688,35.703928]]]}},{"type":"Feature","id":"bldg_12a6e931-d92a-440e-a47d-6f72953936e4","properties":{"gml_id":"bldg_12a6e931-d92a-440e-a47d-6f72953936e4","mesh":"53394542","measuredHeight":9.8},"geometry":{"type":"Polygon","coordinates":[[[139.6502,35.706643],[139.650152,35.706646],[139.650147,35.706596],[139.650214,35.706591],[139.650216,35.706613],[139.650197,35.706615],[139.6502,35.706643]]]}},{"type":"Feature","id":"bldg_e556ea82-948c-4734-9744-ea2e8c110aff","properties":{"gml_id":"bldg_e556ea82-948c-4734-9744-ea2e8c110aff","mesh":"53394542","measuredHeight":3.2},"geometry":{"type":"Polygon","coordinates":[[[139.650122,35.705997],[139.65012,35.706021],[139.649952,35.706015],[139.649953,35.705992],[139.650122,35.705997]]]}},{"type":"Feature","id":"bldg_e026b24e-e5de-4bbf-9686-b113b48fc594","properties":{"gml_id":"bldg_e026b24e-e5de-4bbf-9686-b113b48fc594","mesh":"53394542","measuredHeight":11.6},"geometry":{"type":"Polygon","coordinates":[[[139.651787,35.702975],[139.651775,35.702928],[139.651834,35.702918],[139.65183,35.7029],[139.651862,35.702894],[139.651878,35.70296],[139.651787,35.702975]]]}},{"type":"Feature","id":"bldg_7403df36-5514-4e75-8f82-e49d5e51bd5c","properties":{"gml_id":"bldg_7403df36-5514-4e75-8f82-e49d5e51bd5c","mesh":"53394542","measuredHeight":6.5},"geometry":{"type":"Polygon","coordinates":[[[139.650614,35.704125],[139.650662,35.704122],[139.650666,35.704168],[139.650618,35.704171],[139.650614,35.704125]]]}},{"type":"Feature","id":"bldg_4b862ba1-bb81-4e45-bc1c-bb05bf59ccab","properties":{"gml_id":"bldg_4b862ba1-bb81-4e45-bc1c-bb05bf59ccab","mesh":"53394542","measuredHeight":28.5},"geometry":{"type":"Polygon","coordinates":[[[139.650516,35.705983],[139.6505,35.705894],[139.650643,35.705877],[139.650655,35.70594],[139.65062,35.705945],[139.650625,35.705969],[139.650516,35.705983]]]}},{"type":"Feature","id":"bldg_89b2d5bb-7de6-4e83-8fbe-3b0297a7fd63","properties":{"gml_id":"bldg_89b2d5bb-7de6-4e83-8fbe-3b0297a7fd63","mesh":"53394542","measuredHeight":12.3},"geometry":{"type":"Polygon","coordinates":[[[139.651979,35.702842],[139.652027,35.702834],[139.652051,35.702929],[139.652003,35.702937],[139.651979,35.702842]]]}},{"type":"Feature","id":"bldg_b57c725e-e353-4a47-a6ef-e56e7f34eb6a","properties":{"gml_id":"bldg_b57c725e-e353-4a47-a6ef-e56e7f34eb6a","mesh":"53394542","measuredHeight":25.6},"geometry":{"type":"Polygon","coordinates":[[[139.650643,35.704681],[139.650685,35.704701],[139.650722,35.704807],[139.650719,35.704808],[139.650746,35.704887],[139.650611,35.704918],[139.650603,35.704856],[139.650547,35.704853],[139.650557,35.704701],[139.650643,35.704681]]]}},{"type":"Feature","id":"bldg_f43cf154-7347-4a74-96a7-ef76a5f3803a","properties":{"gml_id":"bldg_f43cf154-7347-4a74-96a7-ef76a5f3803a","mesh":"53394542","measuredHeight":12.3},"geometry":{"type":"Polygon","coordinates":[[[139.650778,35.703038],[139.650713,35.70305],[139.650686,35.702953],[139.650751,35.702941],[139.650778,35.703038]]]}},{"type":"Feature","id":"bldg_badb6bbd-938d-40fd-a9e3-6cd291cb2ca7","properties":{"gml_id":"bldg_badb6bbd-938d-40fd-a9e3-6cd291cb2ca7","mesh":"53394542","measuredHeight":39.7},"geometry":{"type":"Polygon","coordinates":[[[139.650344,35.706417],[139.65031,35.706422],[139.650308,35.706414],[139.650303,35.706414],[139.650302,35.706405],[139.650276,35.706354],[139.650264,35.706225],[139.650282,35.706179],[139.650282,35.706175],[139.650406,35.706166],[139.650427,35.706171],[139.650433,35.706225],[139.650412,35.706227],[139.650405,35.706227],[139.650407,35.706246],[139.650357,35.706249],[139.65037,35.70637],[139.650382,35.706369],[139.650386,35.706408],[139.650375,35.706409],[139.650377,35.70641],[139.650344,35.706417]]]}},{"type":"Feature","id":"bldg_5eb261e5-2c92-45d0-96c4-4421496b8201","properties":{"gml_id":"bldg_5eb261e5-2c92-45d0-96c4-4421496b8201","mesh":"53394542","measuredHeight":11.6},"geometry":{"type":"Polygon","coordinates":[[[139.650917,35.703594],[139.650935,35.703589],[139.650948,35.703587],[139.650979,35.703579],[139.651057,35.703712],[139.650938,35.703758],[139.650917,35.703722],[139.650915,35.703722],[139.650858,35.703638],[139.650867,35.703619],[139.650893,35.703609],[139.650903,35.703602],[139.650917,35.703594]]]}},{"type":"Feature","id":"bldg_cd132f63-9300-48b6-b898-aded35526c5b","properties":{"gml_id":"bldg_cd132f63-9300-48b6-b898-aded35526c5b","mesh":"53394542","measuredHeight":22.1},"geometry":{"type":"Polygon","coordinates":[[[139.650552,35.703165],[139.650525,35.703203],[139.650509,35.703205],[139.650496,35.703198],[139.650482,35.70314],[139.650478,35.703141],[139.650472,35.703117],[139.650445,35.703122],[139.650442,35.703112],[139.650402,35.703119],[139.650374,35.703006],[139.650436,35.702996],[139.650438,35.703004],[139.650452,35.703001],[139.650469,35.703009],[139.650471,35.703017],[139.650482,35.703015],[139.650488,35.70304],[139.650479,35.703042],[139.650488,35.703075],[139.650499,35.703074],[139.650508,35.703074],[139.650512,35.703078],[139.650513,35.703081],[139.650517,35.703099],[139.650518,35.703102],[139.650538,35.703134],[139.650552,35.703165]]]}},{"type":"Feature","id":"bldg_853a4629-2466-43b8-8d18-0e304d4083f0","properties":{"gml_id":"bldg_853a4629-2466-43b8-8d18-0e304d4083f0","mesh":"53394542","measuredHeight":10.3},"geometry":{"type":"Polygon","coordinates":[[[139.650364,35.706472],[139.650366,35.706508],[139.650301,35.70651],[139.650269,35.706512],[139.650267,35.706476],[139.650299,35.706475],[139.650364,35.706472]]]}},{"type":"Feature","id":"bldg_e5b6da5c-6957-424a-98a2-6f233637f81a","properties":{"gml_id":"bldg_e5b6da5c-6957-424a-98a2-6f233637f81a","mesh":"53394542","measuredHeight":null},"geometry":{"type":"Polygon","coordinates":[[[139.651219,35.704777],[139.651408,35.704733],[139.651423,35.704776],[139.651234,35.704819],[139.651219,35.704777]]]}},{"type":"Feature","id":"bldg_4e909ee4-00f6-4bed-9cfe-7a96015d6ce5","properties":{"gml_id":"bldg_4e909ee4-00f6-4bed-9cfe-7a96015d6ce5","mesh":"53394542","measuredHeight":22.4},"geometry":{"type":"Polygon","coordinates":[[[139.650883,35.703827],[139.650895,35.703828],[139.65092,35.703865],[139.650914,35.703876],[139.650918,35.703882],[139.650838,35.703917],[139.650835,35.703912],[139.650817,35.70392],[139.650779,35.703864],[139.650877,35.70382],[139.650881,35.703828],[139.650883,35.703827]]]}},{"type":"Feature","id":"bldg_a75f376e-f35b-415c-a21c-d6dfa983e994","properties":{"gml_id":"bldg_a75f376e-f35b-415c-a21c-d6dfa983e994","mesh":"53394542","measuredHeight":19.4},"geometry":{"type":"Polygon","coordinates":[[[139.65167,35.706127],[139.651785,35.706129],[139.651785,35.706146],[139.651752,35.70623],[139.651697,35.706229],[139.651676,35.706229],[139.651667,35.706229],[139.65167,35.706127]]]}},{"type":"Feature","id":"bldg_66fbfeed-55e1-444b-b359-6cc221bc1dde","properties":{"gml_id":"bldg_66fbfeed-55e1-444b-b359-6cc221bc1dde","mesh":"53394542","measuredHeight":27.2},"geometry":{"type":"Polygon","coordinates":[[[139.651606,35.705603],[139.651605,35.705623],[139.651467,35.705621],[139.651467,35.705601],[139.651606,35.705603]]]}},{"type":"Feature","id":"bldg_104eb436-8925-4017-a6eb-f1636b86da66","properties":{"gml_id":"bldg_104eb436-8925-4017-a6eb-f1636b86da66","mesh":"53394542","measuredHeight":15.6},"geometry":{"type":"Polygon","coordinates":[[[139.651697,35.704898],[139.651538,35.704922],[139.651526,35.70487],[139.651647,35.704852],[139.651652,35.704875],[139.651691,35.704869],[139.651697,35.704898]]]}},{"type":"Feature","id":"bldg_37e49b35-adaf-473e-8974-120380db886b","properties":{"gml_id":"bldg_37e49b35-adaf-473e-8974-120380db886b","mesh":"53394542","measuredHeight":15.4},"geometry":{"type":"Polygon","coordinates":[[[139.651285,35.704076],[139.651346,35.704175],[139.651278,35.704212],[139.651226,35.704198],[139.651178,35.70412],[139.651285,35.704076]]]}},{"type":"Feature","id":"bldg_cbaa558c-421e-4ae6-a67e-a6a4fabe8633","properties":{"gml_id":"bldg_cbaa558c-421e-4ae6-a67e-a6a4fabe8633","mesh":"53394542","measuredHeight":6.1},"geometry":{"type":"Polygon","coordinates":[[[139.651914,35.702809],[139.651921,35.702834],[139.651869,35.702843],[139.651879,35.702881],[139.651813,35.702893],[139.651796,35.702829],[139.651914,35.702809]]]}},{"type":"Feature","id":"bldg_89aed861-d7a3-4989-b4a5-e84c0478b0fe","properties":{"gml_id":"bldg_89aed861-d7a3-4989-b4a5-e84c0478b0fe","mesh":"53394542","measuredHeight":36.5},"geometry":{"type":"Polygon","coordinates":[[[139.650604,35.706041],[139.650532,35.706051],[139.65052,35.705986],[139.650659,35.705968],[139.650677,35.706059],[139.650647,35.706063],[139.650648,35.706068],[139.650611,35.706073],[139.650604,35.706041]]]}},{"type":"Feature","id":"bldg_693a65bd-c3bf-4439-8b73-63fd7197267c","properties":{"gml_id":"bldg_693a65bd-c3bf-4439-8b73-63fd7197267c","mesh":"53394542","measuredHeight":14.1},"geometry":{"type":"Polygon","coordinates":[[[139.651076,35.703717],[139.651192,35.703673],[139.651227,35.703734],[139.65111,35.703778],[139.651076,35.703717]]]}},{"type":"Feature","id":"bldg_29a3c58c-d4d0-453c-b7e6-a1b083a7da9d","properties":{"gml_id":"bldg_29a3c58c-d4d0-453c-b7e6-a1b083a7da9d","mesh":"53394542","measuredHeight":11.6},"geometry":{"type":"Polygon","coordinates":[[[139.650767,35.704305],[139.650753,35.704306],[139.650701,35.70431],[139.650693,35.704232],[139.650723,35.70423],[139.650767,35.704305]]]}},{"type":"Feature","id":"bldg_b49fddd4-42e7-482d-83a4-124235f014e9","properties":{"gml_id":"bldg_b49fddd4-42e7-482d-83a4-124235f014e9","mesh":"53394542","measuredHeight":9.1},"geometry":{"type":"Polygon","coordinates":[[[139.650878,35.704497],[139.650868,35.704534],[139.650848,35.704539],[139.650835,35.704507],[139.650841,35.704505],[139.650832,35.704482],[139.650837,35.704481],[139.650828,35.704458],[139.650859,35.70445],[139.650878,35.704497]]]}},{"type":"Feature","id":"bldg_5ed8028c-3fcd-45b1-9357-b39d9699b784","properties":{"gml_id":"bldg_5ed8028c-3fcd-45b1-9357-b39d9699b784","mesh":"53394542","measuredHeight":14.9},"geometry":{"type":"Polygon","coordinates":[[[139.651462,35.706293],[139.651462,35.706386],[139.651336,35.706386],[139.651336,35.706304],[139.651341,35.706304],[139.651341,35.706293],[139.651462,35.706293]]]}},{"type":"Feature","id":"bldg_b9409621-f655-47d0-8662-8d28538919a7","properties":{"gml_id":"bldg_b9409621-f655-47d0-8662-8d28538919a7","mesh":"53394542","measuredHeight":35.2},"geometry":{"type":"Polygon","coordinates":[[[139.650986,35.704707],[139.650925,35.704722],[139.65089,35.704701],[139.650882,35.704681],[139.650871,35.704649],[139.650922,35.704627],[139.650954,35.70462],[139.650969,35.70466],[139.650986,35.704707]]]}},{"type":"Feature","id":"bldg_44fa12db-9c10-4794-a37e-c56fb0c4b37a","properties":{"gml_id":"bldg_44fa12db-9c10-4794-a37e-c56fb0c4b37a","mesh":"53394542","measuredHeight":5.5},"geometry":{"type":"Polygon","coordinates":[[[139.651032,35.704731],[139.650999,35.704735],[139.650994,35.704706],[139.651027,35.704702],[139.651032,35.704731]]]}},{"type":"Feature","id":"bldg_9a5871e3-a66f-4ce3-be18-b7525d244743","properties":{"gml_id":"bldg_9a5871e3-a66f-4ce3-be18-b7525d244743","mesh":"53394542","measuredHeight":22.5},"geometry":{"type":"Polygon","coordinates":[[[139.651542,35.70611],[139.651542,35.7061],[139.651344,35.706104],[139.651343,35.706058],[139.651269,35.70606],[139.651248,35.706055],[139.651232,35.706046],[139.651217,35.706034],[139.651207,35.70602],[139.651202,35.706001],[139.651203,35.705985],[139.651207,35.705974],[139.651215,35.705961],[139.651228,35.705949],[139.651244,35.70594],[139.65126,35.705934],[139.651276,35.705934],[139.651473,35.70593],[139.651481,35.705931],[139.651486,35.705935],[139.651488,35.70594],[139.651489,35.705993],[139.651701,35.70599],[139.651724,35.70599],[139.651746,35.705992],[139.651769,35.706002],[139.651788,35.706016],[139.651798,35.706035],[139.651801,35.706058],[139.651795,35.706076],[139.651788,35.706089],[139.651777,35.706099],[139.65176,35.706109],[139.651739,35.706117],[139.651555,35.706119],[139.651548,35.706117],[139.651542,35.70611]]]}},{"type":"Feature","id":"bldg_33350c23-a677-4e28-8003-a94fc40df594","properties":{"gml_id":"bldg_33350c23-a677-4e28-8003-a94fc40df594","mesh":"53394542","measuredHeight":7.9},"geometry":{"type":"Polygon","coordinates":[[[139.651173,35.703279],[139.651156,35.703218],[139.651264,35.703199],[139.651281,35.70326],[139.651173,35.703279]]]}},{"type":"Feature","id":"bldg_0cd7863b-1e20-4398-813a-bb3c64b1f3db","properties":{"gml_id":"bldg_0cd7863b-1e20-4398-813a-bb3c64b1f3db","mesh":"53394542","measuredHeight":7.3},"geometry":{"type":"Polygon","coordinates":[[[139.651835,35.70364],[139.65185,35.703637],[139.651842,35.703612],[139.652,35.70358],[139.652021,35.703652],[139.651849,35.703687],[139.651835,35.70364]]]}},{"type":"Feature","id":"bldg_58780c37-c50e-4cbf-8bcd-e12d1fd3b047","properties":{"gml_id":"bldg_58780c37-c50e-4cbf-8bcd-e12d1fd3b047","mesh":"53394542","measuredHeight":7.5},"geometry":{"type":"Polygon","coordinates":[[[139.650057,35.702802],[139.650118,35.702792],[139.650144,35.702894],[139.650139,35.702894],[139.650143,35.702907],[139.650091,35.702915],[139.650088,35.702903],[139.650083,35.702904],[139.650057,35.702802]]]}},{"type":"Feature","id":"bldg_7f9d8a06-8b06-48d5-a097-4a19646100b6","properties":{"gml_id":"bldg_7f9d8a06-8b06-48d5-a097-4a19646100b6","mesh":"53394542","measuredHeight":10.2},"geometry":{"type":"Polygon","coordinates":[[[139.65185,35.703698],[139.651935,35.703684],[139.651949,35.703741],[139.651864,35.703755],[139.65185,35.703698]]]}},{"type":"Feature","id":"bldg_729e08fe-2ef9-454d-8abb-624337054e9a","properties":{"gml_id":"bldg_729e08fe-2ef9-454d-8abb-624337054e9a","mesh":"53394542","measuredHeight":40.4},"geometry":{"type":"Polygon","coordinates":[[[139.650512,35.703995],[139.650316,35.704008],[139.650293,35.703782],[139.650399,35.703775],[139.650509,35.703968],[139.650512,35.703995]]]}},{"type":"Feature","id":"bldg_c05ed69d-6890-4444-a167-cbaadcae8596","properties":{"gml_id":"bldg_c05ed69d-6890-4444-a167-cbaadcae8596","mesh":"53394542","measuredHeight":17.3},"geometry":{"type":"Polygon","coordinates":[[[139.650662,35.703993],[139.650811,35.703934],[139.650847,35.703994],[139.650698,35.704053],[139.650662,35.703993]]]}},{"type":"Feature","id":"bldg_6c0ce830-de23-4f8a-a68e-3eef015d8402","properties":{"gml_id":"bldg_6c0ce830-de23-4f8a-a68e-3eef015d8402","mesh":"53394542","measuredHeight":14.7},"geometry":{"type":"Polygon","coordinates":[[[139.650857,35.702686],[139.650828,35.702691],[139.650742,35.702707],[139.650725,35.702642],[139.650811,35.702627],[139.650839,35.702622],[139.650857,35.702686]]]}},{"type":"Feature","id":"bldg_8ad8b25b-1ec6-490c-933f-b0a40908afd9","properties":{"gml_id":"bldg_8ad8b25b-1ec6-490c-933f-b0a40908afd9","mesh":"53394542","measuredHeight":10.8},"geometry":{"type":"Polygon","coordinates":[[[139.651109,35.70517],[139.651167,35.705161],[139.651171,35.705205],[139.651113,35.705209],[139.651109,35.70517]]]}},{"type":"Feature","id":"bldg_124c7307-75a0-40b9-bc87-8be18aae20d7","properties":{"gml_id":"bldg_124c7307-75a0-40b9-bc87-8be18aae20d7","mesh":"53394542","measuredHeight":8.1},"geometry":{"type":"Polygon","coordinates":[[[139.650878,35.703451],[139.650865,35.703401],[139.650926,35.70339],[139.650957,35.703504],[139.650833,35.703535],[139.650784,35.703512],[139.650774,35.703486],[139.650808,35.703478],[139.650805,35.703469],[139.650878,35.703451]]]}},{"type":"Feature","id":"bldg_34baea99-7802-4aca-a20f-a6ff3ba2fa21","properties":{"gml_id":"bldg_34baea99-7802-4aca-a20f-a6ff3ba2fa21","mesh":"53394542","measuredHeight":20.7},"geometry":{"type":"Polygon","coordinates":[[[139.651189,35.702497],[139.651333,35.70247],[139.651354,35.702543],[139.651318,35.70255],[139.651316,35.70254],[139.651269,35.702549],[139.65131,35.702696],[139.651248,35.702708],[139.651189,35.702497]]]}},{"type":"Feature","id":"bldg_31b7f57e-3d6a-4ea2-ae3b-f28243a7604a","properties":{"gml_id":"bldg_31b7f57e-3d6a-4ea2-ae3b-f28243a7604a","mesh":"53394542","measuredHeight":5.4},"geometry":{"type":"Polygon","coordinates":[[[139.650357,35.706434],[139.650358,35.706462],[139.650281,35.706464],[139.65028,35.706437],[139.650357,35.706434]]]}},{"type":"Feature","id":"bldg_d12d4504-1b87-4ae1-b67e-45a48f963fba","properties":{"gml_id":"bldg_d12d4504-1b87-4ae1-b67e-45a48f963fba","mesh":"53394542","measuredHeight":15.6},"geometry":{"type":"Polygon","coordinates":[[[139.651474,35.703392],[139.651441,35.703291],[139.651631,35.70325],[139.651664,35.703351],[139.651474,35.703392]]]}},{"type":"Feature","id":"bldg_7c770ed8-cfe0-43ed-87a9-6be919c47272","properties":{"gml_id":"bldg_7c770ed8-cfe0-43ed-87a9-6be919c47272","mesh":"53394542","measuredHeight":10.0},"geometry":{"type":"Polygon","coordinates":[[[139.651287,35.70667],[139.651222,35.706669],[139.651222,35.706561],[139.651287,35.706561],[139.651287,35.70667]]]}},{"type":"Feature","id":"bldg_df478206-5d4c-4b6a-b04c-2ea384ac838d","properties":{"gml_id":"bldg_df478206-5d4c-4b6a-b04c-2ea384ac838d","mesh":"53394542","measuredHeight":14.0},"geometry":{"type":"Polygon","coordinates":[[[139.650871,35.70336],[139.650913,35.70335],[139.650923,35.70338],[139.65075,35.703419],[139.650737,35.70338],[139.650867,35.70335],[139.650871,35.70336]]]}},{"type":"Feature","id":"bldg_062ff818-cfd5-4076-a483-3ed3820031be","properties":{"gml_id":"bldg_062ff818-cfd5-4076-a483-3ed3820031be","mesh":"53394542","measuredHeight":11.4},"geometry":{"type":"Polygon","coordinates":[[[139.651035,35.704763],[139.651034,35.704782],[139.651004,35.70478],[139.651006,35.704762],[139.651035,35.704763]]]}},{"type":"Feature","id":"bldg_1bcd9440-3773-4535-a9f5-345866156585","properties":{"gml_id":"bldg_1bcd9440-3773-4535-a9f5-345866156585","mesh":"53394542","measuredHeight":6.8},"geometry":{"type":"Polygon","coordinates":[[[139.652063,35.703144],[139.651979,35.703159],[139.651961,35.703092],[139.652045,35.703077],[139.652063,35.703144]]]}},{"type":"Feature","id":"bldg_eae6fac1-5ba0-4b5a-8fae-51abe562d26f","properties":{"gml_id":"bldg_eae6fac1-5ba0-4b5a-8fae-51abe562d26f","mesh":"53394542","measuredHeight":18.3},"geometry":{"type":"Polygon","coordinates":[[[139.650707,35.703737],[139.65066,35.703659],[139.650728,35.703637],[139.65078,35.703653],[139.650807,35.703697],[139.650707,35.703737]]]}},{"type":"Feature","id":"bldg_0b54cbe8-1de6-40ce-8855-c18b7dd8bc2c","properties":{"gml_id":"bldg_0b54cbe8-1de6-40ce-8855-c18b7dd8bc2c","mesh":"53394542","measuredHeight":32.9},"geometry":{"type":"Polygon","coordinates":[[[139.650837,35.703011],[139.650846,35.703044],[139.650822,35.703048],[139.650814,35.703043],[139.650812,35.703035],[139.650798,35.703037],[139.650795,35.703028],[139.650791,35.703019],[139.650783,35.70302],[139.650762,35.702939],[139.650866,35.702921],[139.650867,35.702922],[139.650906,35.702999],[139.650837,35.703011]]]}},{"type":"Feature","id":"bldg_339d99f9-50aa-45bf-8df2-3976ddf89fc6","properties":{"gml_id":"bldg_339d99f9-50aa-45bf-8df2-3976ddf89fc6","mesh":"53394542","measuredHeight":21.5},"geometry":{"type":"Polygon","coordinates":[[[139.651974,35.705829],[139.651992,35.70571],[139.651993,35.705597],[139.652123,35.705598],[139.652123,35.705725],[139.652199,35.705736],[139.652185,35.705855],[139.651983,35.705839],[139.651974,35.705829]]]}},{"type":"Feature","id":"bldg_cdbd146e-0112-4790-947d-5779124f9d13","properties":{"gml_id":"bldg_cdbd146e-0112-4790-947d-5779124f9d13","mesh":"53394542","measuredHeight":12.0},"geometry":{"type":"Polygon","coordinates":[[[139.651038,35.706408],[139.651156,35.706407],[139.651122,35.706441],[139.651039,35.706441],[139.651038,35.706408]]]}},{"type":"Feature","id":"bldg_6cacd610-a23b-4702-8757-2f9324d832be","properties":{"gml_id":"bldg_6cacd610-a23b-4702-8757-2f9324d832be","mesh":"53394542","measuredHeight":8.3},"geometry":{"type":"Polygon","coordinates":[[[139.651775,35.703456],[139.651801,35.703422],[139.65183,35.703418],[139.651852,35.703509],[139.651792,35.703519],[139.651775,35.703456]]]}},{"type":"Feature","id":"bldg_3d16702b-f8ce-4f3d-a45e-deeac68f843d","properties":{"gml_id":"bldg_3d16702b-f8ce-4f3d-a45e-deeac68f843d","mesh":"53394542","measuredHeight":12.4},"geometry":{"type":"Polygon","coordinates":[[[139.651388,35.704024],[139.651432,35.704094],[139.651417,35.704138],[139.651358,35.704163],[139.651295,35.704062],[139.651388,35.704024]]]}},{"type":"Feature","id":"bldg_57b3166a-db56-4dbc-bf5e-63a6f5ce1978","properties":{"gml_id":"bldg_57b3166a-db56-4dbc-bf5e-63a6f5ce1978","mesh":"53394542","measuredHeight":8.2},"geometry":{"type":"Polygon","coordinates":[[[139.652013,35.705189],[139.651997,35.705151],[139.652053,35.705136],[139.652069,35.705174],[139.652013,35.705189]]]}},{"type":"Feature","id":"bldg_f09245e6-4936-4635-b772-d5bac6c6d184","properties":{"gml_id":"bldg_f09245e6-4936-4635-b772-d5bac6c6d184","mesh":"53394542","measuredHeight":28.0},"geometry":{"type":"Polygon","coordinates":[[[139.650751,35.704555],[139.650704,35.704567],[139.650705,35.704571],[139.65068,35.704577],[139.650676,35.704566],[139.650671,35.704553],[139.650661,35.704526],[139.650668,35.704524],[139.650647,35.704469],[139.650682,35.704461],[139.650685,35.704468],[139.650716,35.70446],[139.650751,35.704555]]]}},{"type":"Feature","id":"bldg_231d412f-7a60-45aa-a9f8-e1e7feee4874","properties":{"gml_id":"bldg_231d412f-7a60-45aa-a9f8-e1e7feee4874","mesh":"53394542","measuredHeight":7.4},"geometry":{"type":"Polygon","coordinates":[[[139.651015,35.706366],[139.650979,35.706366],[139.650978,35.706359],[139.65095,35.706359],[139.650949,35.706266],[139.651014,35.706271],[139.651015,35.706366]]]}},{"type":"Feature","id":"bldg_35a5ae94-7fdd-4c6c-87fb-0b70e4cdd92e","properties":{"gml_id":"bldg_35a5ae94-7fdd-4c6c-87fb-0b70e4cdd92e","mesh":"53394542","measuredHeight":9.1},"geometry":{"type":"Polygon","coordinates":[[[139.651974,35.705095],[139.651955,35.705049],[139.652012,35.705033],[139.652031,35.705078],[139.651974,35.705095]]]}},{"type":"Feature","id":"bldg_ac08b625-870c-42ca-ab60-ff1d0a282bfc","properties":{"gml_id":"bldg_ac08b625-870c-42ca-ab60-ff1d0a282bfc","mesh":"53394542","measuredHeight":24.8},"geometry":{"type":"Polygon","coordinates":[[[139.650103,35.703113],[139.650124,35.7032],[139.650092,35.703207],[139.650069,35.70321],[139.650055,35.703213],[139.650019,35.703101],[139.650047,35.703064],[139.650147,35.703048],[139.650161,35.703103],[139.650103,35.703113]]]}},{"type":"Feature","id":"bldg_7613a01b-c790-445a-88ca-193f5f4c53d7","properties":{"gml_id":"bldg_7613a01b-c790-445a-88ca-193f5f4c53d7","mesh":"53394542","measuredHeight":9.1},"geometry":{"type":"Polygon","coordinates":[[[139.651945,35.705073],[139.651971,35.705131],[139.651949,35.705137],[139.651953,35.705148],[139.651881,35.70517],[139.65185,35.705102],[139.651945,35.705073]]]}},{"type":"Feature","id":"bldg_ce81cb33-5037-454c-aa95-561c902ecad9","properties":{"gml_id":"bldg_ce81cb33-5037-454c-aa95-561c902ecad9","mesh":"53394542","measuredHeight":24.2},"geometry":{"type":"Polygon","coordinates":[[[139.650818,35.704444],[139.650658,35.704455],[139.650643,35.70432],[139.650747,35.704313],[139.650752,35.704355],[139.650784,35.704352],[139.650789,35.7044],[139.650813,35.704398],[139.650818,35.704444]]]}},{"type":"Feature","id":"bldg_49441bef-7a9f-4317-ab92-f8b4b676c28b","properties":{"gml_id":"bldg_49441bef-7a9f-4317-ab92-f8b4b676c28b","mesh":"53394542","measuredHeight":null},"geometry":{"type":"Polygon","coordinates":[[[139.650526,35.705555],[139.650571,35.705517],[139.650583,35.705527],[139.650538,35.705564],[139.650526,35.705555]]]}},{"type":"Feature","id":"bldg_1ff24d14-d3c9-4176-adf0-bb4dcd4d22f4","properties":{"gml_id":"bldg_1ff24d14-d3c9-4176-adf0-bb4dcd4d22f4","mesh":"53394542","measuredHeight":9.7},"geometry":{"type":"Polygon","coordinates":[[[139.651187,35.704668],[139.65122,35.704751],[139.651193,35.704758],[139.651214,35.704812],[139.651131,35.704833],[139.651107,35.704771],[139.651076,35.704779],[139.651046,35.704705],[139.651187,35.704668]]]}},{"type":"Feature","id":"bldg_62c0ae96-3e3c-43ee-8dcf-81288d7e61a5","properties":{"gml_id":"bldg_62c0ae96-3e3c-43ee-8dcf-81288d7e61a5","mesh":"53394542","measuredHeight":9.4},"geometry":{"type":"Polygon","coordinates":[[[139.6509,35.704094],[139.650955,35.704188],[139.650892,35.704213],[139.650837,35.704118],[139.6509,35.704094]]]}},{"type":"Feature","id":"bldg_1e4491c2-6efd-4e34-85ca-338d23328aa4","properties":{"gml_id":"bldg_1e4491c2-6efd-4e34-85ca-338d23328aa4","mesh":"53394542","measuredHeight":7.5},"geometry":{"type":"Polygon","coordinates":[[[139.652013,35.703715],[139.652019,35.703736],[139.651961,35.703745],[139.651944,35.703676],[139.652104,35.703648],[139.652118,35.703697],[139.652013,35.703715]]]}},{"type":"Feature","id":"bldg_13c1403f-d20e-4e02-bc30-fc4b639f1a78","properties":{"gml_id":"bldg_13c1403f-d20e-4e02-bc30-fc4b639f1a78","mesh":"53394542","measuredHeight":7.4},"geometry":{"type":"Polygon","coordinates":[[[139.652032,35.703397],[139.652073,35.703546],[139.651996,35.70356],[139.651951,35.703395],[139.652008,35.703385],[139.652032,35.703397]]]}},{"type":"Feature","id":"bldg_5107973d-e0d8-4649-aced-ddf9541c4dc5","properties":{"gml_id":"bldg_5107973d-e0d8-4649-aced-ddf9541c4dc5","mesh":"53394542","measuredHeight":21.2},"geometry":{"type":"Polygon","coordinates":[[[139.649976,35.70433],[139.650173,35.704316],[139.650187,35.704449],[139.64999,35.704463],[139.649976,35.70433]]]}},{"type":"Feature","id":"bldg_6ed81c11-75d2-43c5-9698-3f2406cae700","properties":{"gml_id":"bldg_6ed81c11-75d2-43c5-9698-3f2406cae700","mesh":"53394542","measuredHeight":12.5},"geometry":{"type":"Polygon","coordinates":[[[139.651009,35.703406],[139.651115,35.703386],[139.651129,35.703432],[139.651098,35.703471],[139.650972,35.703502],[139.650945,35.703411],[139.651006,35.703399],[139.651009,35.703406]]]}},{"type":"Feature","id":"bldg_83069483-cac1-4c8f-a474-f37cdc2ea5ee","properties":{"gml_id":"bldg_83069483-cac1-4c8f-a474-f37cdc2ea5ee","mesh":"53394542","measuredHeight":7.1},"geometry":{"type":"Polygon","coordinates":[[[139.650428,35.706103],[139.650437,35.706145],[139.650355,35.706151],[139.650344,35.706058],[139.650359,35.706057],[139.650428,35.706103]]]}},{"type":"Feature","id":"bldg_2d89480f-6fe1-43fe-89f2-8a052b960455","properties":{"gml_id":"bldg_2d89480f-6fe1-43fe-89f2-8a052b960455","mesh":"53394542","measuredHeight":14.3},"geometry":{"type":"Polygon","coordinates":[[[139.651061,35.706222],[139.651062,35.706212],[139.651059,35.706212],[139.651052,35.706113],[139.65106,35.706113],[139.651115,35.706113],[139.651103,35.706225],[139.651061,35.706222]]]}},{"type":"Feature","id":"bldg_79499331-13cd-4b0b-9f62-d7adc0d114b0","properties":{"gml_id":"bldg_79499331-13cd-4b0b-9f62-d7adc0d114b0","mesh":"53394542","measuredHeight":14.7},"geometry":{"type":"Polygon","coordinates":[[[139.650157,35.70382],[139.650164,35.70389],[139.650082,35.703896],[139.650073,35.703798],[139.650124,35.703795],[139.650124,35.703797],[139.650134,35.703802],[139.650134,35.703805],[139.650145,35.70381],[139.650145,35.703813],[139.650157,35.70382]]]}},{"type":"Feature","id":"bldg_a0d07742-3bb1-4073-a183-3437446ee2b1","properties":{"gml_id":"bldg_a0d07742-3bb1-4073-a183-3437446ee2b1","mesh":"53394542","measuredHeight":14.6},"geometry":{"type":"Polygon","coordinates":[[[139.650375,35.703395],[139.650345,35.703297],[139.650401,35.703286],[139.650431,35.703383],[139.650375,35.703395]]]}},{"type":"Feature","id":"bldg_0b3b49fd-dcde-4139-b7ef-f7b7753b6034","properties":{"gml_id":"bldg_0b3b49fd-dcde-4139-b7ef-f7b7753b6034","mesh":"53394542","measuredHeight":9.8},"geometry":{"type":"Polygon","coordinates":[[[139.651708,35.704528],[139.651722,35.704567],[139.651721,35.704567],[139.651728,35.70459],[139.651725,35.70459],[139.651731,35.704609],[139.65172,35.704611],[139.651723,35.70462],[139.651634,35.704638],[139.651626,35.704617],[139.651618,35.704617],[139.651614,35.704606],[139.651606,35.704606],[139.65159,35.704567],[139.651636,35.704552],[139.651634,35.704545],[139.651708,35.704528]]]}},{"type":"Feature","id":"bldg_37c24e54-5ddd-43e7-b326-b651b77e18e6","properties":{"gml_id":"bldg_37c24e54-5ddd-43e7-b326-b651b77e18e6","mesh":"53394542","measuredHeight":16.5},"geometry":{"type":"Polygon","coordinates":[[[139.651196,35.70636],[139.651199,35.706285],[139.651334,35.706288],[139.651331,35.706363],[139.651196,35.70636]]]}},{"type":"Feature","id":"bldg_45456bba-d2af-49cb-82fa-f9403d7acb09","properties":{"gml_id":"bldg_45456bba-d2af-49cb-82fa-f9403d7acb09","mesh":"53394542","measuredHeight":17.3},"geometry":{"type":"Polygon","coordinates":[[[139.651721,35.7059],[139.65172,35.705929],[139.651719,35.705982],[139.651592,35.70598],[139.651593,35.705928],[139.651593,35.705922],[139.651593,35.705899],[139.651721,35.7059]]]}},{"type":"Feature","id":"bldg_d1ce7d44-dc5e-44c5-982a-46bf0f6e2bc5","properties":{"gml_id":"bldg_d1ce7d44-dc5e-44c5-982a-46bf0f6e2bc5","mesh":"53394542","measuredHeight":4.7},"geometry":{"type":"Polygon","coordinates":[[[139.650993,35.704606],[139.650965,35.70461],[139.650953,35.704573],[139.650992,35.70455],[139.650993,35.704606]]]}},{"type":"Feature","id":"bldg_65c882ee-9b31-43ca-9001-d632eefde1fd","properties":{"gml_id":"bldg_65c882ee-9b31-43ca-9001-d632eefde1fd","mesh":"53394542","measuredHeight":22.0},"geometry":{"type":"Polygon","coordinates":[[[139.650782,35.705015],[139.650826,35.705152],[139.650789,35.705189],[139.650588,35.705181],[139.650604,35.704922],[139.650748,35.704888],[139.650793,35.705012],[139.650782,35.705015]]]}},{"type":"Feature","id":"bldg_4e0ce5c1-907e-4d95-93c8-1ec6a6ec473b","properties":{"gml_id":"bldg_4e0ce5c1-907e-4d95-93c8-1ec6a6ec473b","mesh":"53394542","measuredHeight":7.4},"geometry":{"type":"Polygon","coordinates":[[[139.651933,35.704442],[139.651958,35.704523],[139.651854,35.704544],[139.651829,35.704464],[139.651933,35.704442]]]}},{"type":"Feature","id":"bldg_3cc17b9c-fe68-4ba0-b652-3983fd891742","properties":{"gml_id":"bldg_3cc17b9c-fe68-4ba0-b652-3983fd891742","mesh":"53394542","measuredHeight":24.2},"geometry":{"type":"Polygon","coordinates":[[[139.651024,35.706116],[139.65103,35.70621],[139.65101,35.706224],[139.650911,35.70621],[139.650906,35.706166],[139.650883,35.706163],[139.650881,35.706113],[139.650884,35.706111],[139.650952,35.70611],[139.650953,35.706116],[139.651024,35.706116]]]}},{"type":"Feature","id":"bldg_e05fc51a-3781-4cf9-bc04-05057190fe70","properties":{"gml_id":"bldg_e05fc51a-3781-4cf9-bc04-05057190fe70","mesh":"53394542","measuredHeight":7.1},"geometry":{"type":"Polygon","coordinates":[[[139.651949,35.703411],[139.651968,35.703485],[139.651858,35.703504],[139.651844,35.70345],[139.651902,35.70344],[139.651897,35.70342],[139.651949,35.703411]]]}},{"type":"Feature","id":"bldg_23c80950-350d-4c50-be9a-45ba00317f78","properties":{"gml_id":"bldg_23c80950-350d-4c50-be9a-45ba00317f78","mesh":"53394542","measuredHeight":10.4},"geometry":{"type":"Polygon","coordinates":[[[139.651088,35.703299],[139.651106,35.70336],[139.651008,35.703378],[139.650997,35.703338],[139.650976,35.703342],[139.65097,35.703321],[139.651088,35.703299]]]}},{"type":"Feature","id":"bldg_eeecb599-ded5-4b8d-af4e-d1d54c15ad9d","properties":{"gml_id":"bldg_eeecb599-ded5-4b8d-af4e-d1d54c15ad9d","mesh":"53394542","measuredHeight":11.1},"geometry":{"type":"Polygon","coordinates":[[[139.650686,35.704216],[139.650696,35.704309],[139.65064,35.704313],[139.65063,35.70422],[139.650686,35.704216]]]}},{"type":"Feature","id":"bldg_0aaa4ced-7e0b-4379-891d-51e6a219ee61","properties":{"gml_id":"bldg_0aaa4ced-7e0b-4379-891d-51e6a219ee61","mesh":"53394542","measuredHeight":14.4},"geometry":{"type":"Polygon","coordinates":[[[139.650609,35.706166],[139.650589,35.706074],[139.650608,35.706071],[139.650611,35.706083],[139.650681,35.706073],[139.650699,35.706157],[139.650674,35.706176],[139.650609,35.706166]]]}},{"type":"Feature","id":"bldg_5287bf96-a6f7-4482-a7d5-ee00078367e7","properties":{"gml_id":"bldg_5287bf96-a6f7-4482-a7d5-ee00078367e7","mesh":"53394542","measuredHeight":9.2},"geometry":{"type":"Polygon","coordinates":[[[139.651912,35.704647],[139.651878,35.704567],[139.652058,35.704516],[139.652092,35.704596],[139.651912,35.704647]]]}},{"type":"Feature","id":"bldg_a3f7a8a4-b7bf-4aec-9d91-c53f1e418fbb","properties":{"gml_id":"bldg_a3f7a8a4-b7bf-4aec-9d91-c53f1e418fbb","mesh":"53394542","measuredHeight":9.9},"geometry":{"type":"Polygon","coordinates":[[[139.650729,35.704481],[139.650814,35.70446],[139.650843,35.704539],[139.650838,35.70454],[139.650843,35.704552],[139.650762,35.704571],[139.650729,35.704481]]]}},{"type":"Feature","id":"bldg_9dd11329-3aa6-4315-a081-4a9c0d4876d8","properties":{"gml_id":"bldg_9dd11329-3aa6-4315-a081-4a9c0d4876d8","mesh":"53394542","measuredHeight":null},"geometry":{"type":"Polygon","coordinates":[[[139.650259,35.704002],[139.650257,35.703984],[139.650304,35.703981],[139.650307,35.704009],[139.650269,35.704012],[139.650259,35.704002]]]}},{"type":"Feature","id":"bldg_ac2d80ac-8ad7-4fc2-bf60-3595b9769705","properties":{"gml_id":"bldg_ac2d80ac-8ad7-4fc2-bf60-3595b9769705","mesh":"53394542","measuredHeight":11.2},"geometry":{"type":"Polygon","coordinates":[[[139.65128,35.704037],[139.651229,35.703949],[139.651323,35.703912],[139.651371,35.703995],[139.651365,35.704004],[139.65128,35.704037]]]}},{"type":"Feature","id":"bldg_f57852d3-b5a4-4b6c-828a-7a336f0ca73a","properties":{"gml_id":"bldg_f57852d3-b5a4-4b6c-828a-7a336f0ca73a","mesh":"53394542","measuredHeight":17.0},"geometry":{"type":"Polygon","coordinates":[[[139.65125,35.703436],[139.651223,35.703425],[139.651198,35.703339],[139.651294,35.70332],[139.651324,35.703422],[139.65125,35.703436]]]}},{"type":"Feature","id":"bldg_6bfb0a31-e392-4284-b7ea-ea88bd326dd2","properties":{"gml_id":"bldg_6bfb0a31-e392-4284-b7ea-ea88bd326dd2","mesh":"53394542","measuredHeight":11.4},"geometry":{"type":"Polygon","coordinates":[[[139.650845,35.70303],[139.650932,35.703014],[139.650959,35.703111],[139.650958,35.703111],[139.650958,35.703111],[139.650951,35.703122],[139.650919,35.703127],[139.650917,35.703119],[139.650912,35.70312],[139.650905,35.703126],[139.650895,35.70313],[139.650886,35.70313],[139.650878,35.703127],[139.65088,35.703135],[139.650863,35.703138],[139.650851,35.703132],[139.65085,35.703132],[139.650839,35.703094],[139.650824,35.703097],[139.650817,35.703071],[139.650854,35.703065],[139.650845,35.70303]]]}},{"type":"Feature","id":"bldg_cbadbc46-0ec1-4be8-bc79-82d060a11796","properties":{"gml_id":"bldg_cbadbc46-0ec1-4be8-bc79-82d060a11796","mesh":"53394542","measuredHeight":8.6},"geometry":{"type":"Polygon","coordinates":[[[139.651934,35.705006],[139.651916,35.704967],[139.651973,35.70495],[139.651991,35.704988],[139.651934,35.705006]]]}},{"type":"Feature","id":"bldg_7b3c0ace-fc9b-4fb2-9ffa-0cef9a37d3dd","properties":{"gml_id":"bldg_7b3c0ace-fc9b-4fb2-9ffa-0cef9a37d3dd","mesh":"53394542","measuredHeight":9.3},"geometry":{"type":"Polygon","coordinates":[[[139.651232,35.702968],[139.651166,35.70298],[139.651137,35.702877],[139.651203,35.702865],[139.651232,35.702968]]]}},{"type":"Feature","id":"bldg_f93243e7-9db3-4b61-a685-068b17c72391","properties":{"gml_id":"bldg_f93243e7-9db3-4b61-a685-068b17c72391","mesh":"53394542","measuredHeight":null},"geometry":{"type":"Polygon","coordinates":[[[139.650298,35.704896],[139.65032,35.704897],[139.650317,35.704934],[139.650296,35.704933],[139.650298,35.704896]]]}},{"type":"Feature","id":"bldg_480a09a9-102c-4c97-b394-002418364942","properties":{"gml_id":"bldg_480a09a9-102c-4c97-b394-002418364942","mesh":"53394542","measuredHeight":9.6},"geometry":{"type":"Polygon","coordinates":[[[139.651421,35.70357],[139.651401,35.703507],[139.651487,35.703489],[139.651507,35.703552],[139.651421,35.70357]]]}},{"type":"Feature","id":"bldg_1fc7c270-e0f2-4e55-bc35-4c2afdcfe9fd","properties":{"gml_id":"bldg_1fc7c270-e0f2-4e55-bc35-4c2afdcfe9fd","mesh":"53394542","measuredHeight":null},"geometry":{"type":"Polygon","coordinates":[[[139.651092,35.703011],[139.65116,35.702998],[139.651184,35.703081],[139.651154,35.703087],[139.651106,35.703062],[139.651092,35.703011]]]}},{"type":"Feature","id":"bldg_5194bd87-fbb7-4702-8736-85e7f17ee4dc","properties":{"gml_id":"bldg_5194bd87-fbb7-4702-8736-85e7f17ee4dc","mesh":"53394542","measuredHeight":22.6},"geometry":{"type":"Polygon","coordinates":[[[139.650148,35.706611],[139.650046,35.706618],[139.650032,35.706489],[139.650037,35.706488],[139.650033,35.706455],[139.650131,35.706449],[139.650141,35.706549],[139.65015,35.706548],[139.650154,35.706586],[139.650145,35.706586],[139.650148,35.706611]]]}},{"type":"Feature","id":"bldg_8721f136-3f6f-4e3c-8d7f-a6281811363f","properties":{"gml_id":"bldg_8721f136-3f6f-4e3c-8d7f-a6281811363f","mesh":"53394542","measuredHeight":9.1},"geometry":{"type":"Polygon","coordinates":[[[139.651717,35.704503],[139.651823,35.704464],[139.651837,35.704554],[139.651851,35.704552],[139.651861,35.704609],[139.651737,35.704623],[139.651717,35.704503]]]}},{"type":"Feature","id":"bldg_6b149dad-2474-43a0-aac1-0f2f0e66e928","properties":{"gml_id":"bldg_6b149dad-2474-43a0-aac1-0f2f0e66e928","mesh":"53394542","measuredHeight":10.1},"geometry":{"type":"Polygon","coordinates":[[[139.651939,35.704431],[139.652047,35.704399],[139.652051,35.704474],[139.652006,35.704488],[139.652009,35.704494],[139.651972,35.704505],[139.651939,35.704431]]]}},{"type":"Feature","id":"bldg_bdf13815-aa07-4935-b651-1f52e24b13b1","properties":{"gml_id":"bldg_bdf13815-aa07-4935-b651-1f52e24b13b1","mesh":"53394542","measuredHeight":33.8},"geometry":{"type":"Polygon","coordinates":[[[139.650206,35.703553],[139.650204,35.703547],[139.650366,35.703507],[139.650389,35.703566],[139.650376,35.703569],[139.650379,35.703577],[139.650382,35.703595],[139.650386,35.703606],[139.65035,35.703615],[139.650355,35.703628],[139.650244,35.703656],[139.650234,35.703628],[139.650226,35.70363],[139.650198,35.703555],[139.650206,35.703553]]]}},{"type":"Feature","id":"bldg_5e799cfc-27c0-4e9f-aaf2-0638eff86ecb","properties":{"gml_id":"bldg_5e799cfc-27c0-4e9f-aaf2-0638eff86ecb","mesh":"53394542","measuredHeight":8.4},"geometry":{"type":"Polygon","coordinates":[[[139.650853,35.704004],[139.650902,35.704088],[139.650837,35.704113],[139.650788,35.704029],[139.650853,35.704004]]]}},{"type":"Feature","id":"bldg_dc3e9755-6ff3-46a8-91de-56a62d5676cf","properties":{"gml_id":"bldg_dc3e9755-6ff3-46a8-91de-56a62d5676cf","mesh":"53394542","measuredHeight":9.0},"geometry":{"type":"Polygon","coordinates":[[[139.651927,35.704327],[139.652007,35.704303],[139.652039,35.70438],[139.65196,35.704404],[139.651927,35.704327]]]}},{"type":"Feature","id":"bldg_905cec97-8738-4d6c-8464-9e7997227a7b","properties":{"gml_id":"bldg_905cec97-8738-4d6c-8464-9e7997227a7b","mesh":"53394542","measuredHeight":9.8},"geometry":{"type":"Polygon","coordinates":[[[139.651662,35.704792],[139.651673,35.704802],[139.651682,35.704846],[139.651515,35.704868],[139.651504,35.704812],[139.651662,35.704792]]]}},{"type":"Feature","id":"bldg_3ac41cda-3686-40aa-bf02-ce7bb99f5e9d","properties":{"gml_id":"bldg_3ac41cda-3686-40aa-bf02-ce7bb99f5e9d","mesh":"53394542","measuredHeight":25.4},"geometry":{"type":"Polygon","coordinates":[[[139.650263,35.70606],[139.65034,35.706059],[139.650341,35.706139],[139.65028,35.70614],[139.65028,35.706152],[139.650244,35.706152],[139.650243,35.706124],[139.650238,35.706124],[139.650237,35.706083],[139.650236,35.706068],[139.650236,35.706054],[139.650263,35.706054],[139.650263,35.70606]]]}},{"type":"Feature","id":"bldg_c0a4870e-3e54-41b1-8f14-141b9626182c","properties":{"gml_id":"bldg_c0a4870e-3e54-41b1-8f14-141b9626182c","mesh":"53394542","measuredHeight":9.4},"geometry":{"type":"Polygon","coordinates":[[[139.651767,35.703342],[139.651735,35.703348],[139.651713,35.703337],[139.651696,35.703275],[139.651809,35.703254],[139.651832,35.703336],[139.651769,35.703348],[139.651767,35.703342]]]}},{"type":"Feature","id":"bldg_456894ee-05f1-40d0-acae-d7b72c4f90a2","properties":{"gml_id":"bldg_456894ee-05f1-40d0-acae-d7b72c4f90a2","mesh":"53394542","measuredHeight":37.4},"geometry":{"type":"Polygon","coordinates":[[[139.650507,35.705055],[139.650507,35.705042],[139.650427,35.705039],[139.650427,35.705035],[139.650355,35.705032],[139.650363,35.704868],[139.650377,35.704869],[139.650377,35.704853],[139.650385,35.704853],[139.650408,35.704854],[139.650603,35.70486],[139.650594,35.70504],[139.650543,35.705038],[139.650542,35.705057],[139.650507,35.705055]]]}},{"type":"Feature","id":"bldg_29155c87-9212-4247-8493-721746341431","properties":{"gml_id":"bldg_29155c87-9212-4247-8493-721746341431","mesh":"53394542","measuredHeight":26.9},"geometry":{"type":"Polygon","coordinates":[[[139.650297,35.703032],[139.65037,35.703019],[139.650402,35.70314],[139.650469,35.703128],[139.650477,35.703157],[139.650479,35.703172],[139.65048,35.703175],[139.650478,35.70318],[139.65047,35.703184],[139.650456,35.703186],[139.650464,35.703216],[139.650356,35.703235],[139.650354,35.703226],[139.650349,35.703227],[139.650297,35.703032]]]}},{"type":"Feature","id":"bldg_c707a41b-d6c1-4769-9aa4-4fa5cd556222","properties":{"gml_id":"bldg_c707a41b-d6c1-4769-9aa4-4fa5cd556222","mesh":"53394542","measuredHeight":7.2},"geometry":{"type":"Polygon","coordinates":[[[139.651911,35.703108],[139.651924,35.703156],[139.651789,35.703181],[139.651776,35.703132],[139.651911,35.703108]]]}},{"type":"Feature","id":"bldg_3ffd9190-4eea-489c-9ae7-55c446f85498","properties":{"gml_id":"bldg_3ffd9190-4eea-489c-9ae7-55c446f85498","mesh":"53394542","measuredHeight":12.6},"geometry":{"type":"Polygon","coordinates":[[[139.650904,35.703259],[139.650887,35.703197],[139.651014,35.703173],[139.651056,35.703193],[139.65108,35.703278],[139.650931,35.703306],[139.650917,35.703256],[139.650904,35.703259]]]}},{"type":"Feature","id":"bldg_59d1c52f-3285-49a4-ad46-9d0f663168c1","properties":{"gml_id":"bldg_59d1c52f-3285-49a4-ad46-9d0f663168c1","mesh":"53394542","measuredHeight":11.8},"geometry":{"type":"Polygon","coordinates":[[[139.651649,35.706348],[139.651649,35.706359],[139.651649,35.70637],[139.651595,35.70637],[139.651595,35.706312],[139.651595,35.706288],[139.651668,35.706289],[139.651668,35.706312],[139.651668,35.706335],[139.651649,35.706335],[139.651649,35.706348]]]}},{"type":"Feature","id":"bldg_35fda8f1-67e0-406f-afa2-643d74fe70a4","properties":{"gml_id":"bldg_35fda8f1-67e0-406f-afa2-643d74fe70a4","mesh":"53394542","measuredHeight":9.8},"geometry":{"type":"Polygon","coordinates":[[[139.651168,35.703158],[139.651253,35.703143],[139.651266,35.703193],[139.651155,35.703214],[139.651147,35.703185],[139.651168,35.703158]]]}},{"type":"Feature","id":"bldg_05896e7a-4673-448e-9476-59901987f3e4","properties":{"gml_id":"bldg_05896e7a-4673-448e-9476-59901987f3e4","mesh":"53394542","measuredHeight":16.6},"geometry":{"type":"Polygon","coordinates":[[[139.65024,35.703031],[139.650253,35.703079],[139.650166,35.703094],[139.650153,35.703046],[139.65024,35.703031]]]}},{"type":"Feature","id":"bldg_eb5a6d0c-8b38-4ec8-ad23-bf9e3304459b","properties":{"gml_id":"bldg_eb5a6d0c-8b38-4ec8-ad23-bf9e3304459b","mesh":"53394542","measuredHeight":12.5},"geometry":{"type":"Polygon","coordinates":[[[139.651909,35.706517],[139.651894,35.706662],[139.651728,35.706651],[139.651743,35.706505],[139.651909,35.706517]]]}},{"type":"Feature","id":"bldg_9336ac94-2154-4676-bd14-95fdd4c7ec4c","properties":{"gml_id":"bldg_9336ac94-2154-4676-bd14-95fdd4c7ec4c","mesh":"53394542","measuredHeight":15.6},"geometry":{"type":"Polygon","coordinates":[[[139.650867,35.702922],[139.650937,35.702909],[139.65098,35.702931],[139.650983,35.702931],[139.650998,35.702987],[139.650995,35.702989],[139.650999,35.703004],[139.650941,35.703013],[139.650936,35.702993],[139.650912,35.702997],[139.650904,35.702988],[139.650891,35.702965],[139.650867,35.702922]]]}},{"type":"Feature","id":"bldg_8210859b-25f4-45c0-b380-f5c134b5e85f","properties":{"gml_id":"bldg_8210859b-25f4-45c0-b380-f5c134b5e85f","mesh":"53394542","measuredHeight":16.5},"geometry":{"type":"Polygon","coordinates":[[[139.651952,35.704265],[139.651835,35.704098],[139.651822,35.704103],[139.651778,35.704027],[139.65186,35.703975],[139.651916,35.703954],[139.651975,35.704068],[139.65196,35.704095],[139.652035,35.704227],[139.651952,35.704265]]]}},{"type":"Feature","id":"bldg_0b963e62-d3b3-461d-8de8-d0bffb1fdc4d","properties":{"gml_id":"bldg_0b963e62-d3b3-461d-8de8-d0bffb1fdc4d","mesh":"53394542","measuredHeight":29.3},"geometry":{"type":"Polygon","coordinates":[[[139.651469,35.70571],[139.651472,35.705624],[139.651601,35.705626],[139.651597,35.705741],[139.651468,35.705739],[139.651468,35.705728],[139.651469,35.70571]]]}},{"type":"Feature","id":"bldg_e67851c3-8413-4649-a58f-38fa0f85930d","properties":{"gml_id":"bldg_e67851c3-8413-4649-a58f-38fa0f85930d","mesh":"53394542","measuredHeight":16.9},"geometry":{"type":"Polygon","coordinates":[[[139.6516,35.706205],[139.6516,35.706217],[139.651599,35.706224],[139.651595,35.706227],[139.651587,35.70623],[139.651579,35.706229],[139.651574,35.706226],[139.651571,35.706222],[139.651572,35.706215],[139.651576,35.706203],[139.651577,35.706195],[139.651558,35.706194],[139.651557,35.706199],[139.651533,35.706197],[139.651534,35.706191],[139.651524,35.70619],[139.651532,35.706128],[139.651663,35.70614],[139.651654,35.706202],[139.651644,35.706201],[139.651643,35.706208],[139.651619,35.706206],[139.65162,35.706199],[139.651601,35.706198],[139.6516,35.706205]]]}},{"type":"Feature","id":"bldg_1d1609fa-8da8-4234-97fc-f084b47ad19d","properties":{"gml_id":"bldg_1d1609fa-8da8-4234-97fc-f084b47ad19d","mesh":"53394542","measuredHeight":null},"geometry":{"type":"Polygon","coordinates":[[[139.651628,35.705185],[139.651639,35.705211],[139.651586,35.705225],[139.651575,35.7052],[139.651628,35.705185]]]}},{"type":"Feature","id":"bldg_d4e762be-1014-49b3-95b6-7b4f90adf9cb","properties":{"gml_id":"bldg_d4e762be-1014-49b3-95b6-7b4f90adf9cb","mesh":"53394542","measuredHeight":36.1},"geometry":{"type":"Polygon","coordinates":[[[139.650322,35.702703],[139.650313,35.702667],[139.650386,35.702655],[139.650396,35.702691],[139.650399,35.702705],[139.650432,35.70283],[139.650358,35.702843],[139.650326,35.702718],[139.650322,35.702703]]]}},{"type":"Feature","id":"bldg_342749b7-d839-464f-bfad-a0ab54fd5d2e","properties":{"gml_id":"bldg_342749b7-d839-464f-bfad-a0ab54fd5d2e","mesh":"53394542","measuredHeight":8.2},"geometry":{"type":"Polygon","coordinates":[[[139.651861,35.704796],[139.651876,35.704793],[139.651883,35.704818],[139.651868,35.704821],[139.651861,35.704796]]]}},{"type":"Feature","id":"bldg_e5676ac6-e57c-42ef-9564-2f7f3e7f0bbe","properties":{"gml_id":"bldg_e5676ac6-e57c-42ef-9564-2f7f3e7f0bbe","mesh":"53394542","measuredHeight":17.1},"geometry":{"type":"Polygon","coordinates":[[[139.651429,35.705097],[139.651472,35.705232],[139.651398,35.705227],[139.651361,35.705111],[139.651429,35.705097]]]}},{"type":"Feature","id":"bldg_838939ac-c339-4935-a57f-c14e5e5ee092","properties":{"gml_id":"bldg_838939ac-c339-4935-a57f-c14e5e5ee092","mesh":"53394542","measuredHeight":17.3},"geometry":{"type":"Polygon","coordinates":[[[139.651009,35.702582],[139.651089,35.702568],[139.651133,35.702732],[139.651054,35.702747],[139.651009,35.702582]]]}},{"type":"Feature","id":"bldg_6b45c959-bbea-4974-9fec-f1d91da1b2d5","properties":{"gml_id":"bldg_6b45c959-bbea-4974-9fec-f1d91da1b2d5","mesh":"53394542","measuredHeight":null},"geometry":{"type":"Polygon","coordinates":[[[139.651089,35.702896],[139.651129,35.702888],[139.65116,35.702993],[139.651092,35.703006],[139.651067,35.702923],[139.651089,35.702896]]]}},{"type":"Feature","id":"bldg_be8f103e-beae-4fdd-9a1e-6cf664f23887","properties":{"gml_id":"bldg_be8f103e-beae-4fdd-9a1e-6cf664f23887","mesh":"53394542","measuredHeight":10.7},"geometry":{"type":"Polygon","coordinates":[[[139.651993,35.705143],[139.651974,35.7051],[139.652033,35.705082],[139.652053,35.705125],[139.651993,35.705143]]]}},{"type":"Feature","id":"bldg_62c77405-b200-420c-9b5d-6e83818c2362","properties":{"gml_id":"bldg_62c77405-b200-420c-9b5d-6e83818c2362","mesh":"53394542","measuredHeight":17.1},"geometry":{"type":"Polygon","coordinates":[[[139.651274,35.702857],[139.651381,35.702838],[139.651398,35.702903],[139.651379,35.702907],[139.651413,35.703031],[139.651325,35.703047],[139.651274,35.702857]]]}},{"type":"Feature","id":"bldg_0aba05ef-1b08-4b6d-9cfe-430eb9243fc9","properties":{"gml_id":"bldg_0aba05ef-1b08-4b6d-9cfe-430eb9243fc9","mesh":"53394542","measuredHeight":8.7},"geometry":{"type":"Polygon","coordinates":[[[139.651261,35.703133],[139.651318,35.703123],[139.65134,35.703205],[139.651282,35.703215],[139.651261,35.703133]]]}},{"type":"Feature","id":"bldg_f168485e-276a-4a11-a65a-dc440e632d8e","properties":{"gml_id":"bldg_f168485e-276a-4a11-a65a-dc440e632d8e","mesh":"53394542","measuredHeight":14.4},"geometry":{"type":"Polygon","coordinates":[[[139.651183,35.703904],[139.651179,35.703905],[139.651151,35.703854],[139.651268,35.703812],[139.651318,35.703906],[139.651206,35.703947],[139.651183,35.703904]]]}},{"type":"Feature","id":"bldg_9ea1ae6f-2750-4b98-af69-dda98f37e727","properties":{"gml_id":"bldg_9ea1ae6f-2750-4b98-af69-dda98f37e727","mesh":"53394542","measuredHeight":37.5},"geometry":{"type":"Polygon","coordinates":[[[139.650575,35.704559],[139.650581,35.70461],[139.650579,35.704616],[139.650574,35.704619],[139.65045,35.70465],[139.650329,35.704658],[139.650315,35.704649],[139.650307,35.704575],[139.650308,35.704571],[139.650312,35.704568],[139.65035,35.704566],[139.650346,35.704527],[139.650454,35.704519],[139.650453,35.704506],[139.650543,35.704499],[139.650548,35.704545],[139.650552,35.704545],[139.650568,35.704544],[139.65057,35.70456],[139.650575,35.704559]]]}},{"type":"Feature","id":"bldg_878375c7-6a67-47cb-b18b-17bca2b584a2","properties":{"gml_id":"bldg_878375c7-6a67-47cb-b18b-17bca2b584a2","mesh":"53394542","measuredHeight":13.7},"geometry":{"type":"Polygon","coordinates":[[[139.650124,35.703208],[139.650142,35.703274],[139.650117,35.703279],[139.650067,35.703256],[139.650057,35.70322],[139.650124,35.703208]]]}},{"type":"Feature","id":"bldg_8d769429-71af-4612-a29d-548d365a77ce","properties":{"gml_id":"bldg_8d769429-71af-4612-a29d-548d365a77ce","mesh":"53394542","measuredHeight":15.0},"geometry":{"type":"Polygon","coordinates":[[[139.651574,35.70285],[139.65167,35.702833],[139.651657,35.702782],[139.651776,35.702761],[139.651798,35.702845],[139.651748,35.702854],[139.651756,35.702883],[139.651728,35.702888],[139.651734,35.702911],[139.651713,35.702915],[139.651717,35.702927],[139.651601,35.702948],[139.651574,35.70285]]]}},{"type":"Feature","id":"bldg_3624a910-38c2-4bd7-94cb-9d28f12ed16c","properties":{"gml_id":"bldg_3624a910-38c2-4bd7-94cb-9d28f12ed16c","mesh":"53394542","measuredHeight":28.9},"geometry":{"type":"Polygon","coordinates":[[[139.650991,35.704297],[139.651048,35.704393],[139.651028,35.704401],[139.651024,35.704411],[139.650991,35.704424],[139.650979,35.704421],[139.650975,35.704423],[139.650929,35.704394],[139.650918,35.704377],[139.650908,35.70438],[139.650887,35.704361],[139.65088,35.704349],[139.65087,35.704343],[139.650858,35.704323],[139.650931,35.704294],[139.650933,35.704297],[139.650957,35.704288],[139.650967,35.704284],[139.650978,35.704303],[139.650991,35.704297]]]}},{"type":"Feature","id":"bldg_4e55ba5d-16f8-4e57-b244-c968b301deda","properties":{"gml_id":"bldg_4e55ba5d-16f8-4e57-b244-c968b301deda","mesh":"53394542","measuredHeight":3.6},"geometry":{"type":"Polygon","coordinates":[[[139.651832,35.704639],[139.651849,35.704637],[139.651852,35.704654],[139.651835,35.704656],[139.651832,35.704639]]]}},{"type":"Feature","id":"bldg_09fd426f-aef4-4c25-9861-f8ccf3a40c1d","properties":{"gml_id":"bldg_09fd426f-aef4-4c25-9861-f8ccf3a40c1d","mesh":"53394542","measuredHeight":8.9},"geometry":{"type":"Polygon","coordinates":[[[139.651795,35.704416],[139.651819,35.704408],[139.651799,35.704369],[139.651911,35.704331],[139.65195,35.704407],[139.651814,35.704454],[139.651795,35.704416]]]}},{"type":"Feature","id":"bldg_fee5932b-4292-491c-a5e4-ff2063343eb7","properties":{"gml_id":"bldg_fee5932b-4292-491c-a5e4-ff2063343eb7","mesh":"53394542","measuredHeight":8.4},"geometry":{"type":"Polygon","coordinates":[[[139.651144,35.706612],[139.651143,35.706547],[139.651217,35.706546],[139.651218,35.706672],[139.651144,35.706672],[139.651144,35.706656],[139.651103,35.706656],[139.651102,35.706613],[139.651117,35.706613],[139.651144,35.706612]]]}},{"type":"Feature","id":"bldg_fb11bee5-bc5c-482d-9496-2147fc7bfad9","properties":{"gml_id":"bldg_fb11bee5-bc5c-482d-9496-2147fc7bfad9","mesh":"53394542","measuredHeight":17.8},"geometry":{"type":"Polygon","coordinates":[[[139.650356,35.703362],[139.650121,35.703413],[139.65011,35.703372],[139.650136,35.703338],[139.650335,35.7033],[139.650339,35.703309],[139.650342,35.70332],[139.650356,35.703362]]]}},{"type":"Feature","id":"bldg_796d82a7-66ea-4066-b239-cbea3272449f","properties":{"gml_id":"bldg_796d82a7-66ea-4066-b239-cbea3272449f","mesh":"53394542","measuredHeight":15.3},"geometry":{"type":"Polygon","coordinates":[[[139.651332,35.70646],[139.651333,35.706419],[139.651333,35.706392],[139.651462,35.706393],[139.651462,35.706397],[139.651472,35.706397],[139.651471,35.706449],[139.651462,35.706449],[139.651462,35.706455],[139.651455,35.706455],[139.651455,35.706461],[139.651332,35.70646]]]}},{"type":"Feature","id":"bldg_b7fcb8f2-ffd8-477b-ba83-6fa0d1f61c81","properties":{"gml_id":"bldg_b7fcb8f2-ffd8-477b-ba83-6fa0d1f61c81","mesh":"53394542","measuredHeight":10.9},"geometry":{"type":"Polygon","coordinates":[[[139.651573,35.702843],[139.651561,35.702798],[139.651642,35.702784],[139.651654,35.702829],[139.651573,35.702843]]]}},{"type":"Feature","id":"bldg_f64d535c-5dda-4228-afd1-8a9483f40d72","properties":{"gml_id":"bldg_f64d535c-5dda-4228-afd1-8a9483f40d72","mesh":"53394542","measuredHeight":22.5},"geometry":{"type":"Polygon","coordinates":[[[139.651066,35.705802],[139.651069,35.7058],[139.651071,35.705799],[139.651079,35.705799],[139.651089,35.705801],[139.651088,35.705786],[139.651088,35.705782],[139.651073,35.705775],[139.651072,35.705753],[139.651183,35.70575],[139.651186,35.70582],[139.651101,35.705822],[139.65108,35.705821],[139.651067,35.705821],[139.651066,35.705802]]]}},{"type":"Feature","id":"bldg_904050b4-05a9-4637-be19-5259952699e6","properties":{"gml_id":"bldg_904050b4-05a9-4637-be19-5259952699e6","mesh":"53394542","measuredHeight":8.6},"geometry":{"type":"Polygon","coordinates":[[[139.651848,35.703579],[139.651841,35.703547],[139.65183,35.703549],[139.651823,35.703526],[139.651975,35.703497],[139.65199,35.703552],[139.651848,35.703579]]]}},{"type":"Feature","id":"bldg_09c78421-85b5-48da-81d1-b560ba8cfe4a","properties":{"gml_id":"bldg_09c78421-85b5-48da-81d1-b560ba8cfe4a","mesh":"53394542","measuredHeight":20.8},"geometry":{"type":"Polygon","coordinates":[[[139.651129,35.703991],[139.651209,35.703958],[139.651269,35.704053],[139.651189,35.704087],[139.651176,35.704065],[139.651145,35.704078],[139.651112,35.704027],[139.651144,35.704014],[139.651129,35.703991]]]}},{"type":"Feature","id":"bldg_1154e959-6ae2-4d54-b9a6-7ab810788592","properties":{"gml_id":"bldg_1154e959-6ae2-4d54-b9a6-7ab810788592","mesh":"53394542","measuredHeight":18.1},"geometry":{"type":"Polygon","coordinates":[[[139.650446,35.70433],[139.650451,35.704382],[139.650333,35.70439],[139.650293,35.704393],[139.650288,35.704341],[139.650328,35.704338],[139.650446,35.70433]]]}},{"type":"Feature","id":"bldg_dbd2a82a-711a-43ec-8f5c-e54e896a978d","properties":{"gml_id":"bldg_dbd2a82a-711a-43ec-8f5c-e54e896a978d","mesh":"53394542","measuredHeight":8.4},"geometry":{"type":"Polygon","coordinates":[[[139.651761,35.705757],[139.651761,35.705752],[139.651779,35.705753],[139.651774,35.705846],[139.651591,35.705847],[139.651591,35.705836],[139.651586,35.705836],[139.651591,35.705754],[139.651761,35.705757]]]}},{"type":"Feature","id":"bldg_380a47b6-6551-4fbd-9fd4-c84ee6fbb7e9","properties":{"gml_id":"bldg_380a47b6-6551-4fbd-9fd4-c84ee6fbb7e9","mesh":"53394542","measuredHeight":1.3},"geometry":{"type":"Polygon","coordinates":[[[139.651672,35.705173],[139.65169,35.705216],[139.651646,35.705211],[139.651634,35.705183],[139.651672,35.705173]]]}},{"type":"Feature","id":"bldg_786ebe3d-3480-4103-8758-c5f902cb3eaa","properties":{"gml_id":"bldg_786ebe3d-3480-4103-8758-c5f902cb3eaa","mesh":"53394542","measuredHeight":28.0},"geometry":{"type":"Polygon","coordinates":[[[139.650413,35.702731],[139.650392,35.702658],[139.650486,35.702641],[139.650519,35.702756],[139.65054,35.702829],[139.650446,35.702847],[139.650424,35.702769],[139.650453,35.702764],[139.650456,35.702755],[139.650449,35.702732],[139.650442,35.702726],[139.650413,35.702731]]]}}]}